cliente_id,modelo,ano_fabricacao,km_atual,tipo_cliente,regiao,distancia_concessionaria_km,garantia_ativa,qtd_revisoes_rede,meses_desde_ultima_visita,ticket_medio,nps_ultima_visita,usa_fordpass,recall_pendente,reclamacoes_12m,canal_preferido,evasao,promocao_aceita
C04211,EcoSport,2015,104789,PF,Sul,9.6,0,3,18,574.8,8.0,0,0,0,WhatsApp,1,revisao_preco_fixo
C07384,Ka,2020,74567,PF,Sudeste,13.6,0,4,26,507.0,7.0,1,0,0,WhatsApp,1,revisao_preco_fixo
C00617,EcoSport,2018,114018,PF,Nordeste,,0,5,16,1480.68,8.0,0,0,0,WhatsApp,1,checkup_gratuito
C06660,EcoSport,2016,182712,PF,Sudeste,4.8,0,9,34,1330.19,7.0,0,1,0,WhatsApp,0,checkup_gratuito
C09691,Ka,2020,70146,PF,Norte,59.5,0,2,13,689.06,,0,0,1,WhatsApp,1,revisao_preco_fixo
C05933,EcoSport,2019,68080,PF,Norte,45.0,0,1,60,519.85,10.0,0,0,0,E-mail,1,checkup_gratuito
C02602,Ranger,2016,80357,PF,Norte,13.3,0,8,8,1020.25,,0,0,1,App FordPass,0,desconto_pecas
C05688,Bronco Sport,2025,13747,PF,Sudeste,20.2,1,1,2,1152.58,5.0,1,0,1,WhatsApp,0,checkup_gratuito
C05992,Transit,2014,268761,PJ_Frota,Sudeste,4.1,0,21,46,1402.06,7.0,0,0,0,WhatsApp,0,desconto_pecas
C02763,EcoSport,2021,82377,PF,Nordeste,18.1,0,3,25,605.46,10.0,0,0,0,WhatsApp,1,checkup_gratuito
C03415,EcoSport,2020,89123,PF,Sudeste,6.0,0,5,4,560.15,6.0,0,1,0,Ligacao,0,checkup_gratuito
C02356,Ranger,2025,9670,PF,Norte,33.2,1,1,10,710.48,5.0,1,0,0,App FordPass,0,pacote_revisoes
C00032,EcoSport,2021,44614,PF,Nordeste,13.2,0,2,5,563.7,,0,0,1,App FordPass,1,revisao_preco_fixo
C02628,EcoSport,2014,154274,PF,Sudeste,5.8,0,14,13,1193.42,7.0,0,0,0,E-mail,0,desconto_pecas
C08280,Ranger,2023,25986,PF,Sudeste,16.7,1,3,5,711.97,8.0,1,0,0,App FordPass,0,pacote_revisoes
C07889,Territory,2022,72562,PF,Sudeste,3.7,0,5,7,751.73,9.0,0,0,0,WhatsApp,0,pacote_revisoes
C02277,EcoSport,2015,145275,PF,Nordeste,54.6,0,1,60,798.19,10.0,0,0,0,WhatsApp,1,desconto_pecas
C07903,Territory,2020,69508,PF,Sudeste,5.2,0,1,28,1455.0,8.0,1,0,0,WhatsApp,1,revisao_preco_fixo
C07821,Territory,2016,89311,PF,Sudeste,8.3,0,8,60,786.26,7.0,0,0,0,Ligacao,1,checkup_gratuito
C06982,EcoSport,2014,194316,PF,Sudeste,12.5,0,11,6,820.45,6.0,0,0,0,WhatsApp,0,desconto_pecas
C00188,Bronco Sport,2017,270451,PF,Sudeste,7.6,0,13,44,1158.22,,0,0,1,App FordPass,1,desconto_pecas
C01278,Maverick,2019,77769,PF,Sudeste,5.0,0,0,6,750.98,5.0,0,0,0,WhatsApp,1,revisao_preco_fixo
C09182,Ranger,2017,185652,PJ_Frota,Sudeste,7.4,0,2,1,732.54,7.0,0,0,1,App FordPass,0,desconto_pecas
C03613,Mustang,2026,2842,PF,Nordeste,8.3,1,0,4,1175.63,7.0,0,0,0,E-mail,0,pacote_revisoes
C07798,Ranger,2024,31098,PF,SUDESTE,6.5,1,3,14,1051.02,5.0,0,0,0,E-mail,0,pacote_revisoes
C01374,Transit,2016,288874,PJ_Frota,Sudeste,6.7,0,4,42,1812.39,6.0,1,0,0,App FordPass,1,desconto_pecas
C01097,Maverick,2024,33297,PF,Nordeste,21.9,1,3,5,704.11,7.0,0,0,1,E-mail,0,pacote_revisoes
C00577,Territory,2016,182727,PF,Sudeste,1.5,0,10,50,1076.24,5.0,0,0,0,App FordPass,1,checkup_gratuito
C08272,Transit,2015,417293,PJ_Frota,Sudeste,9.8,0,23,14,887.56,8.0,0,0,0,Ligacao,1,desconto_pecas
C00786,Maverick,2023,35506,PF,Nordeste,42.4,1,2,4,705.38,6.0,1,0,0,WhatsApp,0,pacote_revisoes
C00301,Ka,2017,146927,PF,Sul,10.0,0,11,53,693.81,,1,0,0,App FordPass,1,revisao_preco_fixo
C04459,Maverick,2016,141513,PF,Sudeste,47.3,0,1,9,970.74,8.0,0,1,0,E-mail,0,checkup_gratuito
C05850,Transit,2017,234559,PJ_Frota,Sudeste,7.4,0,6,60,2013.78,7.0,0,0,0,E-mail,1,checkup_gratuito
C05665,Territory,2019,57047,PF,Nordeste,7.5,0,5,31,966.45,8.0,1,0,0,App FordPass,1,pacote_revisoes
C08119,Bronco Sport,2015,121279,PF,Nordeste,32.7,0,3,39,852.72,8.0,0,1,0,WhatsApp,1,checkup_gratuito
C06550,Maverick,2018,111163,PF,Sudeste,6.9,0,10,9,513.41,7.0,0,0,0,WhatsApp,0,checkup_gratuito
C07590,Ranger,2017,112640,PF,Nordeste,6.9,0,9,54,845.61,8.0,1,0,0,WhatsApp,1,checkup_gratuito
C04556,Bronco Sport,2023,27559,PF,Sudeste,,1,3,1,1050.74,8.0,0,0,0,App FordPass,0,pacote_revisoes
C08479,Maverick,2015,166731,PF,Sudeste,8.1,0,12,3,1288.81,8.0,0,0,0,WhatsApp,0,desconto_pecas
C02975,Maverick,2018,92201,PF,Sudeste,5.8,0,5,41,1480.82,8.0,0,0,0,App FordPass,0,checkup_gratuito
C09082,Ka,2016,176885,PJ_Frota,Nordeste,21.6,0,5,54,840.56,,0,0,0,App FordPass,1,plano_frota
C08571,Transit,2025,34535,PJ_Frota,Nordeste,19.3,1,2,1,942.82,8.0,0,0,0,WhatsApp,0,plano_frota
C00110,Ranger,2021,45813,PF,Sudeste,7.5,0,3,12,17692.25,10.0,0,0,0,E-mail,0,desconto_pecas
C06227,EcoSport,2018,145883,PF,Centro-Oeste,23.8,0,7,48,664.97,7.0,0,0,0,E-mail,1,checkup_gratuito
C08522,Transit,2015,405898,PJ_Frota,Norte,67.6,0,15,36,1266.18,7.0,0,0,0,App FordPass,0,desconto_pecas
C00184,Bronco Sport,2016,302699,PF,Sudeste,11.8,0,10,40,,5.0,0,0,0,WhatsApp,1,checkup_gratuito
C04191,Bronco Sport,2017,69873,PF,Nordeste,16.2,0,8,53,1172.98,6.0,0,0,1,WhatsApp,1,checkup_gratuito
C03709,Bronco Sport,2014,89337,PF,Sudeste,7.5,0,9,32,1496.72,5.0,0,0,0,App FordPass,0,checkup_gratuito
C08310,Mustang,2015,136330,PF,Sudeste,7.3,0,3,0,1304.18,6.0,0,0,0,,0,desconto_pecas
C09650,Maverick,2018,83773,PF,Sudeste,9.5,0,5,1,1317.83,7.0,0,0,0,WhatsApp,1,desconto_pecas
C05654,EcoSport,2014,222647,PF,SUDESTE,8.3,0,13,4,964.08,4.0,0,0,0,WhatsApp,0,revisao_preco_fixo
C05966,Bronco Sport,2023,39019,PF,Sul,14.3,1,3,12,1390.61,,1,0,1,Ligacao,0,pacote_revisoes
C01727,Maverick,2023,67910,PF,Nordeste,27.0,1,1,1,909.26,8.0,1,0,0,App FordPass,1,pacote_revisoes
C05263,Mustang,2021,59425,PF,Sudeste,10.9,0,2,24,,4.0,1,0,0,WhatsApp,0,revisao_preco_fixo
C08669,Mustang,2017,102957,PF,Sul,9.9,0,1,6,1779.49,8.0,0,0,0,E-mail,0,revisao_preco_fixo
C07517,Territory,2017,119547,PF,Sudeste,16.1,0,9,1,1411.09,9.0,0,0,1,App FordPass,0,desconto_pecas
C06575,Territory,2024,20189,PF,Sudeste,2.4,1,2,4,1043.58,7.0,1,0,1,Ligacao,0,pacote_revisoes
C04377,Ka,2019,79705,PF,Nordeste,8.3,0,3,42,454.82,7.0,1,0,0,App FordPass,1,desconto_pecas
C08017,Bronco Sport,2017,200597,PF,Sudeste,4.3,0,9,11,814.47,7.0,0,0,0,WhatsApp,0,desconto_pecas
C06106,Transit,2016,393501,PJ_Frota,Sudeste,7.5,0,23,26,1924.38,8.0,0,0,1,WhatsApp,1,desconto_pecas
C00180,Mustang,2014,203038,PF,Centro-Oeste,94.7,0,1,9,1772.87,,0,0,0,WhatsApp,0,desconto_pecas
C03663,Territory,2025,9877,PF,Sudeste,6.7,1,1,0,758.39,5.0,0,0,0,WhatsApp,0,pacote_revisoes
C09552,Territory,2022,59671,PF,Sul,8.3,0,4,0,544.35,8.0,0,0,0,App FordPass,0,revisao_preco_fixo
C09809,Bronco Sport,2014,134327,PF,Sul,4.4,0,2,5,975.69,7.0,0,0,0,E-mail,1,revisao_preco_fixo
C02872,Ka,2019,96758,PF,Sudeste,6.7,0,1,22,598.52,4.0,0,0,0,WhatsApp,1,checkup_gratuito
C07524,Ka,2017,220826,PF,Centro-Oeste,34.9,0,5,11,669.85,5.0,1,0,0,App FordPass,1,desconto_pecas
C04906,Maverick,2016,105125,PF,Nordeste,10.6,0,4,48,1055.54,3.0,0,0,2,WhatsApp,1,checkup_gratuito
C00400,EcoSport,2020,69924,PF,Norte,,0,2,44,650.39,,1,0,0,E-mail,1,revisao_preco_fixo
C08690,Ranger,2018,97097,PF,Sudeste,5.8,0,6,39,1057.06,5.0,0,0,2,Ligacao,1,checkup_gratuito
C00686,Ranger,2026,3041,PF,Centro-Oeste,9.3,1,0,1,1183.02,8.0,0,1,0,WhatsApp,0,checkup_gratuito
C01563,Mustang,2020,116413,PF,Sudeste,9.7,0,10,1,2482.36,,0,0,0,WhatsApp,0,revisao_preco_fixo
C01751,EcoSport,2020,147145,PF,Sudeste,7.1,0,8,12,538.13,6.0,0,0,0,WhatsApp,0,pacote_revisoes
C05108,Ranger,2022,96117,PF,Sul,24.5,0,2,5,677.04,5.0,1,0,0,E-mail,1,pacote_revisoes
C06476,Maverick,2020,67608,PF,Centro-Oeste,11.6,0,4,39,888.32,10.0,1,0,1,WhatsApp,1,desconto_pecas
C02066,Ranger,2014,118462,PF,Sudeste,6.4,0,12,7,1806.75,,0,0,0,WhatsApp,1,desconto_pecas
C01806,Ka,2021,54185,PF,Nordeste,3.6,0,3,4,528.28,4.0,0,0,0,E-mail,0,checkup_gratuito
C03794,Territory,2014,76744,PF,SUDESTE,8.8,0,3,60,,,0,0,0,E-mail,1,checkup_gratuito
C07175,Ka,2017,62897,PF,Sudeste,8.6,0,2,17,653.04,,0,0,1,E-mail,1,desconto_pecas
C00749,Maverick,2016,90213,PF,Sudeste,3.8,0,10,1,848.29,5.0,0,0,0,Ligacao,0,desconto_pecas
C01409,Bronco Sport,2015,199909,PF,Sudeste,,0,8,60,1138.97,8.0,0,0,0,WhatsApp,1,checkup_gratuito
C08652,Transit,2018,269113,PJ_Frota,Centro-Oeste,35.9,0,5,18,,9.0,0,0,0,WhatsApp,0,desconto_pecas
C04560,Transit,2025,24218,PJ_Frota,Sul,10.9,1,1,19,542.75,8.0,1,0,0,,0,pacote_revisoes
C09195,Ka,2020,73196,PF,Sul,23.9,0,2,2,487.81,,0,0,0,E-mail,1,revisao_preco_fixo
C07282,Ka,2018,74353,PF,Norte,43.4,0,4,19,521.82,,0,0,0,WhatsApp,0,desconto_pecas
C02162,Ranger,2020,196128,PJ_Frota,Sudeste,5.9,0,9,5,920.53,10.0,0,0,0,WhatsApp,0,desconto_pecas
C04975,Ranger,2026,4881,PF,Nordeste,16.5,1,0,2,1249.01,4.0,1,0,0,WhatsApp,0,pacote_revisoes
C06142,Ka,2021,72676,PF,Sudeste,18.9,0,3,14,1062.41,7.0,0,0,1,WhatsApp,1,desconto_pecas
C02207,Ranger,2016,69588,PF,Sudeste,12.5,0,4,60,876.53,8.0,0,0,0,App FordPass,0,checkup_gratuito
C06175,Transit,2026,5763,PJ_Frota,Nordeste,11.4,1,0,6,761.09,,1,0,1,App FordPass,0,plano_frota
C04111,Maverick,2014,398162,PJ_Frota,Sudeste,2.4,0,18,31,941.84,4.0,0,0,1,Ligacao,0,desconto_pecas
C01080,EcoSport,2016,224613,PF,Nordeste,10.6,0,6,11,990.16,7.0,0,0,0,App FordPass,0,desconto_pecas
C00622,Transit,2025,31186,PJ_Frota,Norte,91.4,1,1,2,882.22,6.0,1,0,0,App FordPass,0,plano_frota
C04961,Ka,2021,27431,PF,Sudeste,4.6,0,0,35,429.1,,0,0,1,Ligacao,1,revisao_preco_fixo
C01568,Ranger,2014,128661,PF,Sul,21.5,0,3,60,2004.61,6.0,0,0,0,App FordPass,1,revisao_preco_fixo
C06796,Bronco Sport,2018,97488,PF,Sul,26.0,0,3,18,1202.47,9.0,0,0,0,WhatsApp,1,desconto_pecas
C01887,Ka,2021,72793,PF,Sudeste,,0,2,22,553.79,9.0,0,0,0,E-mail,1,revisao_preco_fixo
C01164,Ka,2019,55210,PF,Centro-Oeste,22.4,0,2,16,1089.76,8.0,1,0,0,WhatsApp,1,revisao_preco_fixo
C08589,Territory,2026,3569,PF,Sudeste,3.6,1,0,12,,,1,0,0,WhatsApp,0,pacote_revisoes
C01210,Bronco Sport,2022,53398,PF,Nordeste,5.5,0,2,33,1083.17,5.0,0,0,0,WhatsApp,1,revisao_preco_fixo
C02024,Ranger,2021,69806,PF,Nordeste,38.6,0,3,16,1502.58,7.0,0,0,1,WhatsApp,1,revisao_preco_fixo
C04648,EcoSport,2019,100293,PF,Centro-Oeste,27.4,0,6,60,925.28,7.0,0,0,0,WhatsApp,1,checkup_gratuito
C00338,Ka,2016,73646,PF,Sudeste,9.9,0,8,7,701.73,10.0,0,0,1,WhatsApp,0,desconto_pecas
C01246,Territory,2023,30223,PF,Sudeste,8.4,1,3,2,615.14,8.0,0,0,0,App FordPass,0,pacote_revisoes
C03440,EcoSport,2014,133282,PF,Nordeste,14.2,0,5,33,645.01,8.0,0,0,0,WhatsApp,1,desconto_pecas
C02463,Territory,2025,14817,PF,Sudeste,3.8,1,1,1,626.01,10.0,1,0,0,App FordPass,0,pacote_revisoes
C09882,Territory,2024,14727,PF,SUDESTE,28.5,1,0,12,1078.4,,1,0,1,App FordPass,0,pacote_revisoes
C09346,Ranger,2025,16900,PF,Nordeste,26.1,1,1,6,886.77,7.0,0,0,0,E-mail,0,pacote_revisoes
C02709,Territory,2026,4590,PF,Sudeste,6.9,1,0,4,589.02,8.0,1,0,1,E-mail,0,pacote_revisoes
C01785,Maverick,2017,120970,PF,Sudeste,8.3,0,1,60,801.38,5.0,0,0,1,App FordPass,1,checkup_gratuito
C07300,Ranger,2017,208497,PF,SUDESTE,5.7,0,12,20,908.87,9.0,1,1,0,WhatsApp,0,desconto_pecas
C05717,Transit,2014,343270,PJ_Frota,Centro-Oeste,21.0,0,23,60,1886.56,6.0,0,1,0,WhatsApp,1,checkup_gratuito
C05539,Ka,2019,84775,PF,Norte,72.3,0,0,5,521.78,8.0,1,0,0,E-mail,1,desconto_pecas
C07170,Ranger,2014,161015,PF,Nordeste,8.8,0,14,10,893.1,7.0,1,0,0,App FordPass,1,desconto_pecas
C09944,EcoSport,2017,83478,PF,Sudeste,12.8,0,3,31,988.72,3.0,0,1,2,E-mail,1,checkup_gratuito
C05064,Transit,2020,122644,PF,Sul,9.3,0,6,16,920.02,,1,0,2,E-mail,1,checkup_gratuito
C05300,Ranger,2016,168159,PF,SUDESTE,6.4,0,11,27,892.86,6.0,0,0,0,Ligacao,1,checkup_gratuito
C07260,Mustang,2024,50012,PF,Nordeste,29.7,1,2,2,1681.4,6.0,1,0,0,WhatsApp,1,pacote_revisoes
C00742,Maverick,2026,7604,PF,Sudeste,6.4,1,0,0,845.17,8.0,1,0,0,WhatsApp,0,revisao_preco_fixo
C02909,Territory,2023,40785,PF,Sudeste,6.9,1,2,18,1052.08,4.0,1,0,0,App FordPass,0,checkup_gratuito
C07456,Bronco Sport,2019,73947,PF,Nordeste,16.9,0,4,24,1848.72,8.0,1,0,0,App FordPass,0,revisao_preco_fixo
C07321,Ka,2018,138215,PF,Nordeste,26.6,0,8,48,561.73,10.0,0,0,0,E-mail,0,revisao_preco_fixo
C08349,Ka,2021,32317,PF,Sudeste,11.8,0,2,5,1205.49,8.0,0,1,0,WhatsApp,1,checkup_gratuito
C07837,Bronco Sport,2024,21080,PF,sul,7.2,1,2,1,1242.11,5.0,0,0,0,App FordPass,1,pacote_revisoes
C02218,Transit,2020,104764,PJ_Frota,Norte,28.1,0,8,0,1841.58,,0,0,0,WhatsApp,0,revisao_preco_fixo
C02397,Ka,2018,81226,PF,Sudeste,20.6,0,2,24,713.55,9.0,1,0,0,App FordPass,1,desconto_pecas
C02521,Territory,2018,95076,PF,Sul,4.2,0,6,22,1173.88,7.0,0,0,0,WhatsApp,1,desconto_pecas
C08673,Ka,2016,164686,PF,Nordeste,12.4,0,2,59,672.21,9.0,0,0,1,E-mail,1,checkup_gratuito
C06830,Ranger,2016,122652,PF,Sudeste,12.3,0,1,13,1443.75,7.0,0,0,0,WhatsApp,1,revisao_preco_fixo
C02591,Mustang,2014,68366,PF,Centro-Oeste,40.4,0,8,60,2983.88,9.0,0,0,0,WhatsApp,1,revisao_preco_fixo
C07010,Ka,2019,76151,PF,Sudeste,24.6,0,6,35,471.87,8.0,0,0,0,App FordPass,0,revisao_preco_fixo
C02119,EcoSport,2014,106818,PF,Sudeste,18.8,0,1,19,1223.75,5.0,0,0,0,Ligacao,1,revisao_preco_fixo
C04877,Territory,2014,336834,PF,Sul,6.4,0,21,16,1155.34,5.0,0,0,1,App FordPass,1,desconto_pecas
C09623,Bronco Sport,2022,30070,PF,Sudeste,5.0,0,1,1,1016.48,9.0,0,0,0,App FordPass,0,pacote_revisoes
C06817,Ka,2019,75569,PF,Sudeste,12.0,0,4,7,15386.250000000002,7.0,0,0,0,WhatsApp,0,plano_frota
C06886,Ranger,2014,142376,PF,Nordeste,13.0,0,4,7,914.38,10.0,1,0,0,WhatsApp,0,desconto_pecas
C07707,Ranger,2016,203512,PF,Sudeste,11.0,0,7,31,1300.04,8.0,0,0,1,WhatsApp,1,checkup_gratuito
C01051,Ka,2016,96778,PF,Sudeste,22.2,0,0,60,667.86,4.0,1,0,0,Ligacao,1,checkup_gratuito
C06727,EcoSport,2020,56730,PF,Sudeste,21.9,0,2,7,808.79,6.0,0,0,0,WhatsApp,0,checkup_gratuito
C01924,EcoSport,2020,85609,PF,Sudeste,1.5,0,2,10,773.44,5.0,0,0,0,WhatsApp,0,revisao_preco_fixo
C01678,Maverick,2014,70766,PF,sul,12.0,0,2,9,957.78,,1,0,1,App FordPass,0,desconto_pecas
C03330,Transit,2019,184404,PJ_Frota,Sudeste,7.4,0,11,60,1502.66,5.0,0,0,0,WhatsApp,1,checkup_gratuito
C02361,Ka,2018,123499,PF,Sul,39.9,0,1,15,1191.01,,1,0,0,WhatsApp,1,checkup_gratuito
C06778,EcoSport,2015,129228,PF,Sul,22.6,0,6,20,1830.34,9.0,0,0,0,WhatsApp,1,desconto_pecas
C04784,Transit,2014,356344,PJ_Frota,Sudeste,7.1,0,25,60,1151.08,10.0,0,0,0,Ligacao,1,desconto_pecas
C04379,Ka,2015,100653,PF,Sul,10.6,0,0,5,713.75,4.0,0,0,0,,1,desconto_pecas
C02731,EcoSport,2016,78621,PF,Sudeste,17.0,0,7,60,744.64,8.0,0,0,0,WhatsApp,0,checkup_gratuito
C03707,Territory,2023,34097,PF,sul,22.0,1,2,16,885.62,8.0,1,0,1,Ligacao,0,pacote_revisoes
C06735,Transit,2026,2307,PF,Norte,20.9,1,0,3,,,0,0,0,E-mail,0,pacote_revisoes
C08740,Ka,2019,89816,PF,Nordeste,6.3,0,7,14,786.8,8.0,0,0,0,WhatsApp,0,revisao_preco_fixo
C09232,Territory,2014,159084,PF,Sul,,0,15,60,1110.56,,0,1,0,WhatsApp,1,checkup_gratuito
C07141,Bronco Sport,2025,17520,PJ_Frota,Sudeste,3.3,1,0,5,988.6,7.0,1,0,0,App FordPass,0,plano_frota
C03667,Ka,2018,112898,PF,Norte,17.2,0,3,25,610.47,10.0,0,0,0,App FordPass,0,desconto_pecas
C04650,Maverick,2018,122927,PF,Sul,16.8,0,8,33,550.07,6.0,0,1,0,E-mail,0,checkup_gratuito
C07603,Territory,2016,159800,PF,Sudeste,9.9,0,7,8,1158.07,9.0,0,0,0,WhatsApp,0,desconto_pecas
C02405,EcoSport,2019,109967,PF,Nordeste,8.5,0,3,24,684.44,7.0,1,1,0,App FordPass,0,revisao_preco_fixo
C01810,EcoSport,2014,93279,PF,Norte,25.9,0,3,3,646.87,8.0,0,0,1,App FordPass,0,desconto_pecas
C09895,Maverick,2017,84616,PF,Centro-Oeste,,0,2,58,1419.08,7.0,1,0,0,WhatsApp,1,checkup_gratuito
C06937,Territory,2025,9882,PF,Sul,9.4,1,1,1,907.27,7.0,0,0,0,Ligacao,0,pacote_revisoes
C08993,Ranger,2015,132165,PF,Centro-Oeste,11.0,0,7,13,1379.85,8.0,0,0,0,Ligacao,1,revisao_preco_fixo
C06248,Territory,2014,66153,PF,Sudeste,10.7,0,8,0,1142.33,7.0,1,0,0,WhatsApp,0,desconto_pecas
C03490,Territory,2017,153022,PF,Sudeste,19.3,0,8,42,1160.96,9.0,0,0,1,App FordPass,1,desconto_pecas
C03267,Bronco Sport,2020,110579,PF,Sudeste,14.4,0,3,4,814.55,5.0,0,0,1,E-mail,0,revisao_preco_fixo
C08940,Ka,2031,56697,PF,Sudeste,15.2,0,5,13,631.54,6.0,1,0,2,WhatsApp,0,revisao_preco_fixo
C04370,EcoSport,2021,97404,PF,Nordeste,20.6,0,8,9,409.17,7.0,1,0,0,E-mail,0,checkup_gratuito
C05475,Ka,2016,112371,PF,Sul,36.9,0,6,60,916.54,10.0,0,0,0,Ligacao,1,desconto_pecas
C01252,Ka,2017,168564,PF,SUDESTE,28.9,0,6,41,534.95,6.0,0,0,0,WhatsApp,1,checkup_gratuito
C09641,Ka,2015,428423,PF,Sul,10.5,0,35,60,1269.21,6.0,0,0,0,WhatsApp,1,desconto_pecas
C07490,Transit,2023,34974,PF,Nordeste,12.1,1,2,2,787.31,,1,0,0,WhatsApp,0,desconto_pecas
C04844,Ranger,2019,48451,PF,Sudeste,8.3,0,5,33,1919.1,,1,0,1,App FordPass,0,revisao_preco_fixo
C04233,Bronco Sport,2020,103009,PF,Sudeste,5.8,0,3,60,1077.49,8.0,0,0,0,E-mail,1,checkup_gratuito
C03099,Ka,2021,70336,PF,Sudeste,3.0,0,5,51,711.14,9.0,0,0,0,WhatsApp,1,checkup_gratuito
C06330,Ranger,2020,56501,PF,SUDESTE,9.7,0,2,51,1316.05,6.0,0,0,1,Ligacao,1,checkup_gratuito
C03600,EcoSport,2020,49151,PF,Nordeste,17.2,0,6,13,783.46,9.0,0,0,0,WhatsApp,0,revisao_preco_fixo
C02791,Ka,2016,233108,PF,Sudeste,5.8,0,13,44,615.23,8.0,0,0,1,WhatsApp,1,checkup_gratuito
C02166,Mustang,2023,51238,PF,Sul,7.6,1,1,0,,6.0,0,0,1,App FordPass,0,pacote_revisoes
C01901,Ka,2015,216334,PF,Sudeste,8.5,0,11,2,,10.0,0,0,0,E-mail,0,desconto_pecas
C04599,Ranger,2015,232974,PF,Nordeste,7.8,0,17,12,986.93,8.0,0,0,1,WhatsApp,0,desconto_pecas
C01142,Maverick,2017,201839,PF,Nordeste,13.5,0,11,0,894.47,9.0,0,0,1,App FordPass,0,desconto_pecas
C00120,Territory,2026,5976,PF,Sudeste,5.2,1,0,8,604.03,4.0,1,0,1,App FordPass,1,checkup_gratuito
C06174,Ranger,2016,138081,PF,Norte,92.1,0,1,45,1837.55,7.0,0,0,0,App FordPass,1,pacote_revisoes
C03344,Ranger,2022,177564,PJ_Frota,Sudeste,9.7,0,3,17,731.78,7.0,1,1,1,WhatsApp,0,plano_frota
C01357,Ranger,2022,103005,PF,Norte,23.7,0,5,41,913.83,2.0,0,0,0,WhatsApp,1,checkup_gratuito
C00418,Ka,2014,127670,PF,Sudeste,21.4,0,5,19,1027.88,8.0,0,1,0,Ligacao,1,revisao_preco_fixo
C07480,Ranger,2014,178667,PF,Sudeste,4.6,0,5,60,1677.19,5.0,0,0,1,WhatsApp,1,checkup_gratuito
C00319,Transit,2025,18146,PJ_Frota,Sudeste,8.7,1,1,2,579.48,6.0,1,0,0,Ligacao,0,plano_frota
C02887,Transit,2016,280697,PJ_Frota,Sudeste,4.8,0,9,35,1027.93,7.0,0,0,0,E-mail,1,plano_frota
C09043,Territory,2026,4755,PF,Sul,12.6,1,0,5,1048.9,7.0,0,0,1,WhatsApp,0,checkup_gratuito
C02241,Ka,2021,27728,PF,Sudeste,26.6,0,4,19,792.68,9.0,1,0,1,E-mail,1,revisao_preco_fixo
C01688,Territory,2017,102344,PF,Sul,20.2,0,3,8,1087.24,5.0,0,0,1,WhatsApp,0,desconto_pecas
C07783,EcoSport,2016,94184,PF,Norte,47.3,0,2,22,673.8,6.0,0,1,1,App FordPass,1,revisao_preco_fixo
C03986,EcoSport,2021,56794,PF,Sudeste,18.5,0,2,26,1166.51,7.0,0,0,0,WhatsApp,0,pacote_revisoes
C02289,EcoSport,2016,92536,PF,Sudeste,8.2,0,3,7,894.67,9.0,1,0,0,E-mail,0,desconto_pecas
C03795,Territory,2020,117008,PF,Nordeste,9.4,0,7,3,906.95,7.0,1,0,1,Ligacao,0,revisao_preco_fixo
C03884,Transit,2015,122836,PF,Sul,4.9,0,9,25,,6.0,0,0,0,WhatsApp,0,desconto_pecas
C05844,Ranger,2018,27580,PF,Norte,31.3,0,3,16,806.21,10.0,0,0,0,WhatsApp,0,pacote_revisoes
C08511,Ranger,2020,143451,PJ_Frota,Sul,8.9,0,9,39,1789.38,10.0,0,0,0,,1,revisao_preco_fixo
C07228,Ka,2019,74386,PF,Norte,25.9,0,5,9,1118.38,7.0,0,0,0,Ligacao,0,desconto_pecas
C03234,Ka,2019,86828,PF,Nordeste,30.6,0,4,12,1206.7,5.0,1,0,0,WhatsApp,0,desconto_pecas
C08648,Ranger,2023,34964,PF,Sudeste,18.1,1,1,4,952.79,8.0,1,0,0,WhatsApp,0,pacote_revisoes
C02036,Transit,2020,145035,PJ_Frota,Sul,9.4,0,4,3,974.15,7.0,0,0,0,WhatsApp,0,plano_frota
C04723,Territory,2023,31843,PF,Nordeste,9.2,1,3,3,831.35,7.0,0,0,1,WhatsApp,0,pacote_revisoes
C00690,EcoSport,2018,78974,PF,Centro-Oeste,20.8,0,7,46,1100.06,8.0,0,0,1,Ligacao,1,checkup_gratuito
C05146,Mustang,2025,-7574,PF,norte,45.2,1,0,1,1210.72,8.0,1,0,0,Ligacao,0,pacote_revisoes
C04720,Ranger,2016,106341,PF,Centro-Oeste,34.7,0,2,60,1136.05,7.0,0,0,1,App FordPass,1,checkup_gratuito
C08022,Transit,2022,164812,PJ_Frota,Sudeste,16.1,0,9,6,906.31,9.0,0,0,0,Ligacao,0,plano_frota
C07418,Ranger,2016,144599,PJ_Frota,Sudeste,4.0,0,5,36,828.83,9.0,0,0,0,App FordPass,1,plano_frota
C03373,Ka,2015,130302,PF,Nordeste,21.0,0,4,28,997.96,8.0,0,0,0,WhatsApp,1,desconto_pecas
C01792,EcoSport,2020,78167,PF,Nordeste,20.2,0,7,13,766.02,7.0,1,0,0,App FordPass,0,revisao_preco_fixo
C09629,Territory,2024,29769,PF,Nordeste,19.7,1,2,9,983.64,7.0,1,0,1,E-mail,0,pacote_revisoes
C08887,Territory,2023,32093,PF,Sudeste,11.1,1,3,16,831.03,7.0,0,0,0,WhatsApp,0,pacote_revisoes
C08932,Ka,2021,63608,PF,Sul,18.5,0,5,15,634.1,,0,0,2,WhatsApp,1,pacote_revisoes
C03652,EcoSport,2017,107545,PF,Sudeste,7.2,0,6,1,,6.0,0,0,0,WhatsApp,0,revisao_preco_fixo
C00168,EcoSport,2017,97451,PF,Centro-Oeste,36.2,0,3,6,785.59,7.0,0,0,1,E-mail,0,checkup_gratuito
C00359,Territory,2016,57171,PF,Nordeste,10.2,0,6,8,1144.89,10.0,0,0,0,WhatsApp,0,revisao_preco_fixo
C03964,EcoSport,2016,148913,PF,Centro Oeste,21.7,0,9,8,783.58,10.0,0,0,0,App FordPass,0,desconto_pecas
C06302,Ranger,2015,311512,PJ_Frota,Sudeste,9.8,0,26,53,938.21,9.0,0,0,0,WhatsApp,0,desconto_pecas
C07944,Territory,2021,137087,PJ_Frota,Nordeste,5.9,0,4,10,854.83,3.0,1,0,0,App FordPass,1,plano_frota
C00937,Ka,2014,80102,PF,Nordeste,11.7,0,8,60,491.79,9.0,0,0,0,App FordPass,1,checkup_gratuito
C07090,Ranger,2022,31084,PF,Sudeste,4.5,0,1,1,,5.0,1,0,0,App FordPass,0,revisao_preco_fixo
C03518,Ranger,2014,244316,PF,Sudeste,4.3,0,17,28,2215.95,5.0,1,0,0,App FordPass,1,desconto_pecas
C06858,EcoSport,2015,146425,PF,Sudeste,20.0,0,4,47,1060.12,,0,0,0,E-mail,1,desconto_pecas
C07573,EcoSport,2017,130657,PF,Nordeste,14.9,0,8,27,1186.53,,0,0,0,E-mail,0,revisao_preco_fixo
C01451,Territory,2020,61551,PF,Norte,44.6,0,4,17,703.18,6.0,1,0,0,WhatsApp,0,revisao_preco_fixo
C04057,Transit,2017,199571,PJ_Frota,Sudeste,9.6,0,12,53,1561.35,6.0,0,0,2,WhatsApp,1,revisao_preco_fixo
C03523,Ranger,2015,72186,PF,Sudeste,14.9,0,10,51,2665.22,7.0,0,0,0,WhatsApp,1,revisao_preco_fixo
C01616,Ka,2021,164956,PJ_Frota,Sudeste,5.9,0,9,2,,6.0,1,0,0,Ligacao,0,plano_frota
C06767,Ranger,2015,133673,PF,Nordeste,16.4,0,9,30,1912.02,10.0,0,1,0,E-mail,0,revisao_preco_fixo
C09133,Territory,2025,8617,PF,sul,7.5,1,1,5,1190.99,,0,0,0,App FordPass,0,pacote_revisoes
C05012,EcoSport,2018,98023,PF,Centro-Oeste,32.2,0,2,13,648.99,10.0,0,0,0,App FordPass,1,pacote_revisoes
C00586,Ka,2016,109128,PF,Nordeste,11.5,0,5,19,601.24,8.0,0,0,0,WhatsApp,1,desconto_pecas
C00213,Maverick,2016,69124,PF,Sul,7.2,0,8,3,989.07,9.0,0,0,0,Ligacao,0,revisao_preco_fixo
C01660,Ka,2018,63360,PF,Nordeste,14.6,0,5,1,635.95,8.0,0,0,0,App FordPass,0,pacote_revisoes
C01147,Maverick,2018,99667,PF,Sudeste,3.8,0,8,18,676.99,9.0,0,0,0,App FordPass,0,desconto_pecas
C01285,Transit,2026,5273,PJ_Frota,Sudeste,15.5,1,0,16,656.29,6.0,0,0,0,WhatsApp,1,plano_frota
C01494,Ranger,2024,59763,PJ_Frota,Nordeste,10.7,1,5,0,668.99,8.0,1,0,1,WhatsApp,0,plano_frota
C09060,Maverick,2015,128383,PF,sul,5.2,0,4,4,1393.08,,1,0,1,E-mail,0,revisao_preco_fixo
C01682,Bronco Sport,2016,195289,PF,Centro-Oeste,39.6,0,11,16,958.22,9.0,0,0,0,Ligacao,0,revisao_preco_fixo
C02136,EcoSport,2021,101418,PF,Sul,4.6,0,6,9,786.71,5.0,0,0,0,E-mail,0,revisao_preco_fixo
C04713,Mustang,2016,38818,PF,Sudeste,13.3,0,4,3,1031.7,,0,0,0,WhatsApp,1,revisao_preco_fixo
C06266,Ka,2016,165270,PF,Nordeste,12.2,0,4,2,748.41,7.0,0,0,1,App FordPass,0,desconto_pecas
C05722,Ka,2017,222718,PF,Centro-Oeste,24.3,0,7,60,620.76,5.0,0,0,1,WhatsApp,1,checkup_gratuito
C09776,Ka,2019,125576,PF,Sudeste,10.8,0,4,50,676.7,6.0,1,0,0,App FordPass,1,checkup_gratuito
C05893,Maverick,2026,4045,PF,Nordeste,24.8,1,0,5,644.26,7.0,0,0,0,WhatsApp,0,pacote_revisoes
C05203,Ranger,2017,127042,PF,Nordeste,27.0,0,8,27,1119.9,8.0,0,0,0,Ligacao,1,desconto_pecas
C00975,Territory,2026,4232,PF,Sudeste,7.7,1,0,12,554.13,10.0,0,0,0,WhatsApp,0,pacote_revisoes
C09883,EcoSport,2017,94224,PF,Sul,32.9,0,2,60,683.94,8.0,0,0,0,Ligacao,1,checkup_gratuito
C01999,Ranger,2024,31228,PF,Nordeste,12.0,1,3,3,657.41,,1,0,0,WhatsApp,0,pacote_revisoes
C07936,EcoSport,2018,99541,PF,Sudeste,16.9,0,6,11,622.25,,0,0,0,WhatsApp,0,desconto_pecas
C04256,Ka,2016,170628,PF,Sudeste,4.1,0,3,60,721.9,,0,0,0,WhatsApp,1,checkup_gratuito
C06163,Territory,2015,129245,PF,Sudeste,7.7,0,5,34,1117.19,8.0,1,0,1,App FordPass,1,desconto_pecas
C02448,Territory,2022,56687,PF,Centro-Oeste,45.0,0,1,14,1481.95,8.0,1,0,0,Ligacao,1,revisao_preco_fixo
C06352,Bronco Sport,2023,35951,PF,Sudeste,8.4,1,2,1,982.11,7.0,0,0,0,WhatsApp,0,pacote_revisoes
C00127,Ka,2016,101681,PF,Norte,76.5,0,3,25,466.1,10.0,0,0,1,Ligacao,1,desconto_pecas
C03133,Ka,2020,67008,PF,Sul,7.1,0,4,0,853.59,8.0,0,1,0,WhatsApp,0,revisao_preco_fixo
C01154,Ranger,2021,66040,PF,Sudeste,17.0,0,2,5,943.69,8.0,1,0,0,WhatsApp,0,revisao_preco_fixo
C02624,Territory,2023,30196,PF,Norte,24.9,1,3,2,794.15,8.0,0,0,0,E-mail,0,pacote_revisoes
C05023,Territory,2026,3933,PF,Nordeste,35.3,1,0,2,669.32,7.0,1,0,0,,0,pacote_revisoes
C03320,Ka,2017,81816,PF,Sudeste,11.1,0,8,37,734.62,8.0,1,0,0,App FordPass,0,checkup_gratuito
C04694,Ranger,2017,91633,PF,Nordeste,6.3,0,9,18,1000.49,7.0,0,0,1,E-mail,0,desconto_pecas
C02499,Ranger,2019,77029,PF,SUDESTE,14.6,0,4,33,1319.49,6.0,0,0,0,WhatsApp,1,checkup_gratuito
C05186,Ka,2018,112660,PF,Sudeste,4.1,0,7,34,429.58,10.0,0,0,0,E-mail,1,desconto_pecas
C01205,Ka,2014,197608,PF,Sudeste,18.8,0,6,60,744.88,5.0,0,1,1,App FordPass,1,checkup_gratuito
C07678,Mustang,2025,22460,PF,Nordeste,9.5,1,2,3,1436.96,10.0,0,0,0,WhatsApp,0,revisao_preco_fixo
C05683,Territory,2023,29694,PF,Centro-Oeste,15.7,1,3,14,857.13,6.0,0,0,1,E-mail,0,checkup_gratuito
C02476,Ka,2014,141469,PF,Nordeste,36.8,0,6,28,319.58,,0,1,1,WhatsApp,1,desconto_pecas
C01927,Bronco Sport,2022,45688,PF,Nordeste,67.3,0,0,11,775.02,6.0,0,0,1,E-mail,1,desconto_pecas
C03540,Mustang,2017,63220,PF,Sudeste,,0,4,36,1825.73,9.0,0,0,0,WhatsApp,0,revisao_preco_fixo
C04618,Ranger,2025,22392,PJ_Frota,Sudeste,20.6,1,1,4,1388.89,7.0,0,1,0,WhatsApp,0,plano_frota
C03272,Territory,2014,203875,PF,Centro Oeste,27.6,0,15,8,1174.58,,0,0,0,E-mail,0,desconto_pecas
C07157,Transit,2017,340359,PJ_Frota,Norte,33.2,0,11,29,1909.86,6.0,0,1,0,WhatsApp,0,desconto_pecas
C03595,Transit,2016,326566,PJ_Frota,Sul,6.7,0,16,19,1042.35,8.0,0,0,0,WhatsApp,1,desconto_pecas
C01382,Ranger,2019,89211,PF,Sul,7.6,0,5,30,1040.61,,0,0,0,WhatsApp,0,revisao_preco_fixo
C03005,Bronco Sport,2020,53109,PF,sul,12.9,0,3,47,1163.64,9.0,1,0,0,E-mail,1,desconto_pecas
C00616,Bronco Sport,2020,85040,PF,Sudeste,9.2,0,5,1,1228.48,2.0,1,0,0,WhatsApp,0,checkup_gratuito
C07822,EcoSport,2019,125765,PF,Sudeste,4.6,0,4,2,777.33,5.0,0,0,0,E-mail,0,revisao_preco_fixo
C06641,Maverick,2026,4551,PF,Sudeste,13.6,1,0,2,805.91,6.0,0,0,0,Ligacao,0,pacote_revisoes
C02964,EcoSport,2021,68121,PF,Sul,11.2,0,4,36,681.3,10.0,0,0,0,WhatsApp,0,revisao_preco_fixo
C09449,EcoSport,2015,131613,PF,Norte,13.7,0,8,3,1002.99,5.0,0,0,0,E-mail,0,desconto_pecas
C03677,Territory,2019,151073,PF,Sudeste,6.6,0,7,12,,8.0,0,0,0,App FordPass,1,revisao_preco_fixo
C07434,Ka,2019,84387,PF,Sudeste,16.3,0,3,6,599.38,5.0,0,0,0,Ligacao,1,checkup_gratuito
C02376,Maverick,2025,13047,PF,Sudeste,7.3,1,1,10,649.57,6.0,1,0,0,WhatsApp,0,checkup_gratuito
C01411,Transit,2025,12851,PF,Sudeste,8.6,1,1,9,815.9,7.0,0,0,0,Ligacao,0,pacote_revisoes
C03212,Maverick,2019,86253,PF,Sul,15.2,0,1,58,1043.68,6.0,0,0,2,App FordPass,1,checkup_gratuito
C01339,Ranger,2021,57933,PF,Sudeste,6.6,0,1,0,1484.36,7.0,1,0,0,App FordPass,1,revisao_preco_fixo
C02776,Territory,2023,29231,PF,Sudeste,14.2,1,3,7,1138.58,8.0,0,0,0,E-mail,0,pacote_revisoes
C01259,Transit,2022,116875,PJ_Frota,Sudeste,4.8,0,9,6,1253.06,9.0,1,0,0,E-mail,0,plano_frota
C04997,Ranger,2024,17761,PF,Sudeste,15.8,1,0,1,908.9,6.0,1,0,0,App FordPass,0,pacote_revisoes
C05158,Ranger,2014,422096,PJ_Frota,Nordeste,17.6,0,19,4,1662.87,9.0,0,0,0,WhatsApp,0,desconto_pecas
C08725,Transit,2024,96127,PJ_Frota,Nordeste,7.7,1,6,5,961.33,9.0,0,0,2,WhatsApp,0,plano_frota
C04340,Ka,2016,129919,PF,Nordeste,7.4,0,6,54,804.55,9.0,0,0,0,WhatsApp,1,checkup_gratuito
C02648,Territory,2014,120808,PF,Sudeste,4.7,0,8,28,1312.88,6.0,0,0,0,WhatsApp,0,checkup_gratuito
C00249,Ranger,2026,4306,PF,Norte,43.3,1,0,3,1225.57,7.0,0,0,0,WhatsApp,0,pacote_revisoes
C07955,Territory,2022,45603,PF,Sudeste,11.0,0,3,3,734.73,9.0,0,0,0,Ligacao,0,revisao_preco_fixo
C06089,Bronco Sport,2015,175845,PF,Sudeste,14.1,0,6,14,915.21,,1,0,1,,1,desconto_pecas
C05846,Transit,2014,439608,PJ_Frota,Sudeste,8.3,0,32,7,1646.75,7.0,0,0,1,Ligacao,0,desconto_pecas
C00895,Mustang,2025,12241,PF,Norte,21.5,1,1,20,2042.86,10.0,0,0,0,Ligacao,1,pacote_revisoes
C06888,Territory,2024,20134,PF,Sudeste,6.5,1,1,4,462.82,7.0,1,0,0,Ligacao,0,pacote_revisoes
C04190,Ka,2018,111889,PF,Sudeste,7.2,0,3,39,558.84,8.0,0,0,0,Ligacao,1,checkup_gratuito
C01325,Maverick,2026,2013,PF,Sudeste,3.7,1,0,0,454.06,,1,0,0,WhatsApp,0,pacote_revisoes
C02538,Ka,2020,92136,PF,Centro-Oeste,33.3,0,5,8,683.41,6.0,0,0,1,WhatsApp,1,revisao_preco_fixo
C00039,Territory,2020,69631,PF,Sul,10.3,0,2,9,644.32,7.0,1,0,0,E-mail,0,desconto_pecas
C05246,Ranger,2015,135031,PF,Centro-Oeste,16.3,0,5,11,1355.61,,0,0,1,WhatsApp,0,checkup_gratuito
C07245,Transit,2023,98156,PJ_Frota,Sudeste,22.6,1,6,6,1640.91,10.0,0,0,0,WhatsApp,0,plano_frota
C03043,Ranger,2018,101474,PF,Nordeste,18.5,0,4,51,764.36,8.0,0,1,0,App FordPass,1,checkup_gratuito
C02383,Ka,2021,35723,PF,Sudeste,4.0,0,4,28,641.52,9.0,1,0,0,WhatsApp,1,checkup_gratuito
C06444,EcoSport,2016,120713,PF,Sudeste,15.9,0,9,30,950.26,9.0,0,0,0,WhatsApp,0,checkup_gratuito
C01344,Transit,2016,141233,PF,Nordeste,9.0,0,10,60,2022.02,8.0,0,0,0,E-mail,1,checkup_gratuito
C05980,Ranger,2018,141776,PF,Sudeste,8.3,0,11,0,1638.06,9.0,1,0,0,WhatsApp,0,desconto_pecas
C05637,Bronco Sport,2017,151470,PF,Sudeste,6.2,0,5,60,1092.02,7.0,0,0,1,WhatsApp,1,checkup_gratuito
C02436,Territory,2025,11465,PF,Sudeste,6.7,1,0,13,1178.42,6.0,0,0,0,WhatsApp,0,pacote_revisoes
C05097,Territory,2020,74704,PF,Nordeste,17.8,0,4,11,1119.96,6.0,1,0,1,App FordPass,0,checkup_gratuito
C04272,Maverick,2014,209441,PF,Centro-Oeste,32.5,0,17,52,1100.27,8.0,1,0,0,App FordPass,0,checkup_gratuito
C03001,Territory,2020,173558,PJ_Frota,Nordeste,6.6,0,12,31,1028.85,8.0,0,0,0,WhatsApp,0,plano_frota
C06412,Ranger,2020,60658,PF,Nordeste,,0,2,6,1432.78,,1,0,0,App FordPass,1,revisao_preco_fixo
C09142,EcoSport,2020,118179,PF,Sudeste,13.9,0,8,22,814.69,5.0,1,1,2,WhatsApp,0,checkup_gratuito
C08469,Ranger,2016,241025,PJ_Frota,Sudeste,5.1,0,13,0,880.89,8.0,0,0,0,App FordPass,0,plano_frota
C02597,Ranger,2017,105618,PF,Sudeste,7.8,0,4,19,2102.25,5.0,0,0,0,Ligacao,1,revisao_preco_fixo
C05173,Ka,2020,140897,PF,Centro-Oeste,30.1,0,5,7,821.53,10.0,0,0,1,WhatsApp,1,desconto_pecas
C00712,Maverick,2015,152223,PF,Sul,5.2,0,3,59,1385.17,5.0,0,0,1,WhatsApp,1,checkup_gratuito
C05892,Ranger,2014,178481,PF,Sudeste,17.8,0,10,60,1237.01,7.0,0,0,0,WhatsApp,1,revisao_preco_fixo
C09821,Mustang,2017,80349,PF,Sudeste,2.4,0,1,20,1945.43,,0,0,1,WhatsApp,1,revisao_preco_fixo
C08368,EcoSport,2014,198461,PF,Sudeste,6.9,0,12,20,1101.97,,0,0,0,WhatsApp,0,desconto_pecas
C05828,Ranger,2026,4564,PF,Nordeste,9.1,1,0,2,1450.92,9.0,0,0,1,WhatsApp,0,pacote_revisoes
C02352,EcoSport,2020,101852,PF,Sul,10.6,0,5,38,,6.0,0,0,0,App FordPass,1,revisao_preco_fixo
C03194,Territory,2015,152325,PF,Sudeste,3.9,0,11,42,1355.07,6.0,1,0,0,App FordPass,0,checkup_gratuito
C07121,Ka,2019,75744,PF,Sudeste,5.0,0,5,16,558.63,8.0,0,0,0,App FordPass,0,desconto_pecas
C01415,Maverick,2023,23061,PF,Nordeste ,36.1,1,2,2,773.74,,1,0,1,WhatsApp,0,revisao_preco_fixo
C01553,Ranger,2016,539510,PJ_Frota,Sudeste,12.3,0,42,34,1124.23,,0,0,1,E-mail,1,desconto_pecas
C04730,EcoSport,2017,94677,PF,Nordeste,8.6,0,6,49,618.73,5.0,1,0,0,App FordPass,0,checkup_gratuito
C08127,Territory,2015,127119,PF,Sudeste,5.7,0,8,12,1718.16,7.0,0,0,1,WhatsApp,0,desconto_pecas
C05533,EcoSport,2019,114024,PF,Norte,20.8,0,4,33,714.89,8.0,0,0,0,WhatsApp,1,revisao_preco_fixo
C02965,Ranger,2026,4953,PF,Nordeste,26.7,1,0,24,821.08,5.0,0,0,1,WhatsApp,1,pacote_revisoes
C00394,Ka,2021,83525,PF,Nordeste,18.0,0,2,10,499.41,8.0,1,0,1,WhatsApp,0,revisao_preco_fixo
C03625,Territory,2024,15170,PF,Nordeste,16.8,1,2,8,817.23,6.0,0,0,0,WhatsApp,0,pacote_revisoes
C06387,Ka,2021,62405,PF,Sudeste,3.3,0,6,5,1005.13,,0,0,1,WhatsApp,0,revisao_preco_fixo
C01962,Territory,2026,3080,PF,Nordeste,9.3,1,0,20,630.89,10.0,1,0,1,App FordPass,0,pacote_revisoes
C01195,Ka,2014,240952,PF,Nordeste,9.1,0,6,60,1026.5,6.0,0,0,0,E-mail,1,desconto_pecas
C03844,Transit,2016,309679,PJ_Frota,Nordeste,31.6,0,2,20,695.73,,0,0,0,Ligacao,1,desconto_pecas
C06689,Ranger,2024,28539,PF,Nordeste,13.3,1,1,5,1050.78,9.0,0,0,0,WhatsApp,0,pacote_revisoes
C02039,Bronco Sport,2016,131022,PF,Sul,12.1,0,8,18,925.76,7.0,0,1,0,WhatsApp,1,desconto_pecas
C07255,Ka,2014,236955,PF,Sul,12.0,0,6,60,645.51,8.0,0,0,0,App FordPass,1,desconto_pecas
C09263,Maverick,2016,126641,PF,Sudeste,24.6,0,4,12,1122.49,7.0,1,0,0,WhatsApp,0,checkup_gratuito
C05221,Territory,2021,43922,PF,Nordeste ,28.4,0,0,9,867.05,6.0,0,1,1,E-mail,1,revisao_preco_fixo
C08060,Territory,2020,46880,PF,Nordeste,19.3,0,3,12,1011.46,6.0,0,0,0,Ligacao,0,revisao_preco_fixo
C02611,Maverick,2022,49806,PF,Sudeste,15.1,0,2,2,694.85,5.0,1,0,0,E-mail,0,revisao_preco_fixo
C03972,Ranger,2016,180363,PF,Sudeste,7.5,0,12,60,937.47,,0,0,0,E-mail,1,checkup_gratuito
C03370,Mustang,2017,56389,PF,Sudeste,3.0,0,3,24,940.31,4.0,0,0,1,WhatsApp,1,checkup_gratuito
C09084,Ka,2016,160293,PF,Centro-Oeste,15.1,0,8,2,612.58,6.0,0,0,0,App FordPass,0,desconto_pecas
C07823,EcoSport,2019,91669,PF,Centro-Oeste,17.8,0,4,60,797.18,7.0,0,0,1,E-mail,1,checkup_gratuito
C05919,EcoSport,2017,66830,PF,Centro-Oeste,18.7,0,7,60,850.52,8.0,0,0,0,E-mail,1,checkup_gratuito
C03431,Ranger,2014,239740,PJ_Frota,Sudeste,12.5,0,23,4,1453.42,8.0,0,0,0,WhatsApp,0,desconto_pecas
C09738,Territory,2016,172694,PF,Sudeste,15.4,0,9,32,1047.54,7.0,0,0,0,WhatsApp,1,revisao_preco_fixo
C07252,Maverick,2016,89409,PF,Norte,87.6,0,1,2,767.17,8.0,0,0,1,WhatsApp,1,desconto_pecas
C04413,Ka,2017,97822,PF,Nordeste,16.9,0,7,3,17441.75,8.0,0,0,0,WhatsApp,0,desconto_pecas
C09294,Ka,2018,71677,PF,Sudeste,3.1,0,6,0,1222.47,7.0,1,0,0,App FordPass,0,checkup_gratuito
C01817,Ranger,2019,98141,PF,Sudeste,10.6,0,5,3,2116.54,,0,0,0,Ligacao,1,revisao_preco_fixo
C06097,Ranger,2018,68157,PF,Sudeste,9.7,0,3,29,1068.04,8.0,0,0,1,,1,checkup_gratuito
C00145,EcoSport,2014,228895,PF,Norte,15.3,0,12,6,,5.0,0,0,0,WhatsApp,0,desconto_pecas
C02936,EcoSport,2017,89443,PF,Sudeste,9.6,0,7,3,654.61,9.0,1,0,0,E-mail,0,desconto_pecas
C07768,Transit,2024,59384,PJ_Frota,Sudeste,10.8,1,2,3,1229.32,7.0,1,0,0,E-mail,0,plano_frota
C02112,Ka,2019,205800,PJ_Frota,Nordeste,28.7,0,3,13,472.18,8.0,0,0,0,WhatsApp,1,plano_frota
C05563,Ka,2014,105337,PF,Norte,51.5,0,4,45,1091.41,7.0,0,0,0,WhatsApp,1,desconto_pecas
C08733,Ranger,2024,28494,PF,Norte,31.1,1,0,2,,9.0,0,0,0,WhatsApp,0,pacote_revisoes
C09793,Ka,2020,117634,PF,Sudeste,10.9,0,3,60,617.26,9.0,0,0,0,App FordPass,1,checkup_gratuito
C01936,Ranger,2016,239704,PJ_Frota,Centro-Oeste,24.2,0,9,16,1412.05,6.0,0,0,0,WhatsApp,1,desconto_pecas
C05721,Ka,2019,66622,PF,Sudeste,11.9,0,2,1,1587.83,8.0,0,0,0,Ligacao,0,revisao_preco_fixo
C09331,Ka,2015,265900,PF,Nordeste,,0,15,2,646.37,10.0,0,1,0,App FordPass,0,desconto_pecas
C06923,Ranger,2016,110908,PF,Nordeste,12.2,0,7,12,1647.11,,0,1,1,WhatsApp,0,revisao_preco_fixo
C08735,EcoSport,2020,81158,PF,Sudeste,5.2,0,2,60,712.15,8.0,1,0,0,,1,revisao_preco_fixo
C08111,EcoSport,2020,67079,PF,Norte,26.7,0,3,2,646.22,10.0,0,0,1,WhatsApp,0,revisao_preco_fixo
C04667,EcoSport,2017,180138,PF,Centro-Oeste,85.8,0,0,4,682.73,6.0,0,0,0,WhatsApp,1,desconto_pecas
C04380,Ranger,2026,3276,PF,Sul,31.6,1,0,0,644.61,10.0,1,0,0,WhatsApp,0,pacote_revisoes
C06369,Bronco Sport,2019,123514,PF,Sudeste,21.0,0,8,4,961.69,10.0,1,0,1,,0,revisao_preco_fixo
C01297,Ka,2020,52130,PF,Centro-Oeste,16.4,0,4,1,766.96,7.0,0,0,1,App FordPass,0,revisao_preco_fixo
C05248,Ka,2020,91497,PF,Sul,25.2,0,5,21,,6.0,0,1,0,App FordPass,1,checkup_gratuito
C07643,Bronco Sport,2025,12200,PF,Centro-Oeste,30.1,1,1,11,918.26,6.0,1,0,0,WhatsApp,0,pacote_revisoes
C01228,Transit,2015,276539,PJ_Frota,Nordeste,27.1,0,3,3,1101.9,4.0,1,0,1,Ligacao,0,desconto_pecas
C02702,Ranger,2017,292095,PJ_Frota,Nordeste,17.2,0,21,7,1563.62,8.0,1,0,0,App FordPass,0,plano_frota
C03057,Ka,2015,147079,PF,sul,9.8,0,6,2,,7.0,0,1,1,E-mail,0,checkup_gratuito
C03394,Bronco Sport,2016,253142,PF,Sudeste,4.5,0,14,3,628.96,7.0,1,1,0,WhatsApp,0,desconto_pecas
C09419,Transit,2025,12181,PF,Centro-Oeste,73.6,1,0,13,,9.0,1,1,0,Ligacao,1,pacote_revisoes
C07661,Transit,2026,5596,PJ_Frota,Sudeste,13.8,1,0,2,634.47,8.0,1,1,0,Ligacao,0,plano_frota
C09584,Maverick,2022,67760,PF,SUDESTE,10.0,0,1,31,,4.0,1,0,0,WhatsApp,0,checkup_gratuito
C06514,Ka,2016,129267,PF,Sudeste,12.8,0,2,20,792.8,,0,0,0,App FordPass,1,desconto_pecas
C00610,Ranger,2024,17588,PF,SUDESTE,6.8,1,1,2,,7.0,1,0,0,WhatsApp,0,pacote_revisoes
C04820,Bronco Sport,2019,58580,PF,Sudeste,2.8,0,4,10,1395.37,7.0,0,1,0,Ligacao,0,revisao_preco_fixo
C02768,Maverick,2025,12688,PF,Nordeste,11.3,1,1,2,588.67,8.0,0,0,0,App FordPass,0,pacote_revisoes
C07718,Bronco Sport,2018,240839,PJ_Frota,Sudeste,,0,16,44,1052.12,5.0,1,1,1,App FordPass,1,checkup_gratuito
C08775,Ka,2016,72846,PF,Sudeste,6.4,0,7,59,1124.01,6.0,1,0,0,App FordPass,1,checkup_gratuito
C09853,Ka,2020,50963,PF,Centro-Oeste,18.3,0,4,60,418.44,9.0,0,0,0,,1,checkup_gratuito
C00246,Territory,2021,87553,PF,Sudeste,4.2,0,3,29,1027.16,7.0,0,0,0,WhatsApp,0,revisao_preco_fixo
C06822,Ranger,2020,207878,PF,Nordeste,13.4,0,10,24,1400.62,7.0,0,0,2,WhatsApp,1,plano_frota
C04776,Ranger,2021,90111,PJ_Frota,Nordeste,25.7,0,2,17,1189.11,7.0,0,0,0,Ligacao,1,revisao_preco_fixo
C06025,Maverick,2017,72997,PF,Norte,42.2,0,1,27,1499.2,8.0,1,0,0,WhatsApp,1,revisao_preco_fixo
C07417,Maverick,2015,169886,PF,Nordeste,5.7,0,12,47,1376.52,9.0,0,0,0,E-mail,1,desconto_pecas
C05212,Transit,2024,56707,PJ_Frota,Nordeste,37.1,1,1,51,848.9,,0,0,0,Ligacao,1,plano_frota
C07448,Ranger,2016,400641,PJ_Frota,sul,21.2,0,24,60,829.98,8.0,0,0,0,WhatsApp,1,desconto_pecas
C08121,Territory,2025,14792,PF,Sudeste,6.3,1,1,8,922.44,9.0,1,1,0,E-mail,0,checkup_gratuito
C02904,Ranger,2026,2389,PF,Sudeste,,1,0,1,1017.83,7.0,1,0,2,,0,pacote_revisoes
C04835,Maverick,2024,31855,PF,Sudeste,6.4,1,2,13,485.24,4.0,1,0,0,E-mail,0,pacote_revisoes
C06969,Territory,2016,126683,PF,Sul,20.1,0,7,24,1535.22,6.0,0,0,0,E-mail,0,revisao_preco_fixo
C02870,Territory,2022,59906,PF,Norte,,0,3,2,932.28,7.0,0,0,0,App FordPass,0,revisao_preco_fixo
C04061,Bronco Sport,2014,295635,PF,Sudeste,,0,14,2,1058.98,8.0,0,0,2,App FordPass,1,desconto_pecas
C09115,Maverick,2014,211494,PF,Sudeste,5.1,0,10,30,1327.69,7.0,0,0,0,E-mail,0,desconto_pecas
C00740,Ka,2016,111380,PF,Norte,46.0,0,8,8,822.79,7.0,1,0,0,App FordPass,0,checkup_gratuito
C05160,Transit,2016,123233,PF,Sudeste,19.2,0,7,18,948.12,6.0,0,0,0,App FordPass,1,checkup_gratuito
C02998,Transit,2025,30587,PJ_Frota,Centro Oeste,25.7,1,3,6,885.06,8.0,1,0,0,App FordPass,0,plano_frota
C08738,Maverick,2025,-17648,PF,Sudeste,6.0,1,1,2,1357.63,8.0,0,0,0,E-mail,0,pacote_revisoes
C00810,Ka,2020,67141,PF,Sudeste,4.7,0,1,8,739.42,6.0,0,0,0,WhatsApp,0,revisao_preco_fixo
C08441,EcoSport,2020,94463,PF,Sudeste,5.4,0,6,6,719.76,7.0,0,1,0,,0,revisao_preco_fixo
C00793,Ka,2021,61325,PF,Norte,58.7,0,0,13,1040.53,6.0,1,0,1,App FordPass,1,revisao_preco_fixo
C07865,Ranger,2023,31136,PF,Sul,4.6,1,2,14,1130.02,8.0,1,0,1,App FordPass,0,pacote_revisoes
C09049,Ranger,2024,38159,PF,Sul,10.9,1,2,2,20834.75,6.0,1,0,0,,0,pacote_revisoes
C00379,Bronco Sport,2026,3445,PF,Sudeste,,1,0,1,720.48,7.0,1,0,1,App FordPass,0,pacote_revisoes
C06520,Transit,2020,67300,PF,Centro-Oeste,25.8,0,4,16,1087.62,7.0,0,0,0,WhatsApp,0,revisao_preco_fixo
C01461,Ranger,2020,75670,PF,Sudeste,5.0,0,3,3,1042.93,,0,0,1,WhatsApp,0,pacote_revisoes
C07230,EcoSport,2015,160996,PF,Sudeste,9.4,0,2,0,1362.55,7.0,0,1,0,E-mail,1,desconto_pecas
C04257,Ranger,2020,63346,PF,Sul,16.6,0,6,26,673.31,10.0,1,0,0,Ligacao,0,revisao_preco_fixo
C09264,Ka,2014,147504,PF,Sudeste,12.6,0,9,5,547.5,7.0,0,0,0,E-mail,0,desconto_pecas
C03084,Bronco Sport,2016,145063,PF,Sul,7.6,0,5,17,1536.32,,0,0,0,WhatsApp,1,checkup_gratuito
C08053,Bronco Sport,2017,205617,PF,Sudeste,13.1,0,12,47,1623.74,7.0,0,0,0,WhatsApp,1,desconto_pecas
C01276,Ka,2017,96822,PF,Sudeste,15.5,0,7,23,707.48,,0,0,0,Ligacao,1,desconto_pecas
C01103,Maverick,2021,107370,PF,Nordeste,16.5,0,6,19,616.62,8.0,1,0,0,E-mail,0,revisao_preco_fixo
C04747,Territory,2017,104447,PF,Sul,21.6,0,8,8,1116.53,8.0,0,0,0,Ligacao,0,revisao_preco_fixo
C04148,Ranger,2014,427362,PJ_Frota,Nordeste,6.6,0,32,32,1320.1,10.0,1,0,0,App FordPass,0,desconto_pecas
C03240,Mustang,2021,54198,PF,Sudeste,5.7,0,2,15,1138.41,,0,0,0,WhatsApp,1,revisao_preco_fixo
C08758,Ranger,2025,16147,PF,Sudeste,10.5,1,1,4,1316.19,,1,0,1,WhatsApp,1,pacote_revisoes
C06211,Bronco Sport,2023,33617,PF,Sul,8.5,1,3,1,1322.04,5.0,0,0,0,E-mail,0,pacote_revisoes
C06784,Territory,2022,33207,PF,Sul,11.1,0,4,9,671.55,8.0,1,0,0,App FordPass,0,revisao_preco_fixo
C08490,EcoSport,2018,188271,PF,Sudeste,4.7,0,11,15,673.64,7.0,1,0,0,App FordPass,0,desconto_pecas
C00509,Ka,2019,99074,PF,Nordeste,10.3,0,5,5,863.21,7.0,0,0,0,App FordPass,1,revisao_preco_fixo
C07792,Ka,2017,120969,PF,Sudeste,7.5,0,6,49,990.74,6.0,0,0,1,WhatsApp,1,checkup_gratuito
C01551,Ranger,2021,115377,PF,Centro Oeste,40.9,0,4,4,1466.96,6.0,0,0,0,App FordPass,1,revisao_preco_fixo
C03572,EcoSport,2017,103887,PF,Norte,58.0,0,2,9,778.25,6.0,0,0,1,App FordPass,1,plano_frota
C02329,Ranger,2014,83990,PF,Sul,9.7,0,8,59,1728.71,7.0,0,0,0,Ligacao,1,revisao_preco_fixo
C07445,Territory,2025,17757,PF,SUDESTE,,1,1,1,675.64,-0.0,1,1,0,WhatsApp,0,checkup_gratuito
C08390,Territory,2015,166000,PF,Sudeste,,0,10,13,876.53,6.0,0,0,0,WhatsApp,0,desconto_pecas
C08510,EcoSport,2014,179626,PF,Sul,,0,3,17,802.25,3.0,1,1,1,E-mail,1,desconto_pecas
C07877,Bronco Sport,2019,47047,PF,Norte,13.2,0,7,57,1474.55,7.0,0,0,0,WhatsApp,0,checkup_gratuito
C05207,Transit,2020,22778,PF,Centro-Oeste,42.6,0,2,45,1032.58,4.0,0,0,0,WhatsApp,1,checkup_gratuito
C03323,Maverick,2025,11038,PF,Norte,38.4,1,1,11,577.94,6.0,0,1,0,WhatsApp,1,pacote_revisoes
C05913,EcoSport,2021,75959,PF,Nordeste,17.6,0,3,11,657.34,8.0,0,0,1,App FordPass,1,revisao_preco_fixo
C03307,Ka,2018,123032,PF,Sudeste,3.7,0,6,43,808.69,,0,1,0,WhatsApp,1,checkup_gratuito
C04166,Ka,2020,78664,PF,Sul,12.8,0,1,40,391.64,9.0,1,0,0,WhatsApp,1,revisao_preco_fixo
C06585,EcoSport,2016,262450,PF,Sudeste,5.7,0,18,33,963.79,9.0,0,0,0,E-mail,1,desconto_pecas
C08152,Territory,2021,51336,PF,Sudeste,5.4,0,1,18,974.31,6.0,0,0,0,WhatsApp,0,desconto_pecas
C08363,Ranger,2016,159875,PJ_Frota,Sul,1.6,0,4,20,1209.85,7.0,0,0,0,E-mail,1,plano_frota
C09463,Ka,2020,90018,PF,Sudeste,10.1,0,3,12,561.3,8.0,1,0,0,App FordPass,0,desconto_pecas
C01511,Ka,2018,70669,PF,norte,21.4,0,1,16,527.26,6.0,0,0,0,E-mail,1,desconto_pecas
C02492,Ka,2017,93294,PF,Sul,14.2,0,6,60,936.32,7.0,1,0,0,App FordPass,1,checkup_gratuito
C03945,Mustang,2022,58835,PF,Nordeste,13.1,0,2,9,1224.47,9.0,1,0,0,E-mail,0,revisao_preco_fixo
C08257,EcoSport,2019,147760,PF,Sul,8.4,0,9,4,577.69,7.0,0,0,1,App FordPass,0,revisao_preco_fixo
C05258,Ranger,2019,103610,PF,Sudeste,2.2,0,6,2,848.31,5.0,0,0,0,E-mail,0,desconto_pecas
C03724,Maverick,2016,72586,PF,Centro-Oeste,40.1,0,5,23,1032.15,,0,0,0,App FordPass,1,revisao_preco_fixo
C06383,Bronco Sport,2016,202385,PF,Sudeste,13.5,0,9,13,1113.02,,0,0,0,App FordPass,1,revisao_preco_fixo
C06286,Ranger,2015,102240,PF,Sul,9.3,0,9,47,1236.27,6.0,0,0,0,WhatsApp,0,checkup_gratuito
C09595,Ranger,2023,25103,PF,Centro Oeste,40.7,1,2,9,873.6,9.0,0,0,0,E-mail,0,pacote_revisoes
C02735,Ranger,2015,378250,PF,Norte,29.6,0,20,60,1169.25,6.0,0,0,1,WhatsApp,1,desconto_pecas
C00222,Territory,2018,116175,PF,Nordeste,8.9,0,6,52,1228.85,5.0,0,1,0,WhatsApp,1,checkup_gratuito
C07056,Maverick,2025,23726,PJ_Frota,Centro-Oeste,32.7,1,1,1,884.94,4.0,1,0,0,App FordPass,0,plano_frota
C05322,Maverick,2024,31930,PF,Sudeste,11.6,1,3,6,824.99,8.0,0,0,0,E-mail,0,pacote_revisoes
C07421,Ka,2016,183281,PF,Nordeste,24.9,0,13,51,657.48,7.0,0,0,0,Ligacao,1,desconto_pecas
C09753,Ka,2017,169958,PF,Norte,62.4,0,9,13,,,0,0,0,WhatsApp,0,desconto_pecas
C02504,EcoSport,2021,36658,PF,Sul,13.4,0,4,10,,7.0,0,0,0,E-mail,0,revisao_preco_fixo
C09112,Ranger,2017,55890,PF,Nordeste,18.6,0,6,22,1580.17,8.0,0,0,1,E-mail,1,revisao_preco_fixo
C03073,Bronco Sport,2026,4154,PF,Sudeste,3.9,1,0,4,1491.61,6.0,0,0,0,App FordPass,0,revisao_preco_fixo
C06008,Maverick,2017,72183,PF,Sul,6.0,0,0,16,,6.0,0,0,0,E-mail,1,checkup_gratuito
C05726,Territory,2017,137281,PF,Sudeste,8.6,0,6,8,1447.02,9.0,0,0,0,WhatsApp,0,desconto_pecas
C06922,Ranger,2023,53663,PF,Centro-Oeste,19.1,1,5,17,559.09,10.0,0,0,0,App FordPass,0,pacote_revisoes
C03626,Mustang,2026,6918,PJ_Frota,Nordeste,19.0,1,0,5,1437.43,8.0,0,0,0,WhatsApp,0,plano_frota
C06928,EcoSport,2018,139447,PF,Sudeste,8.0,0,11,32,605.92,8.0,1,0,0,App FordPass,1,checkup_gratuito
C05236,Ka,2016,124711,PF,Nordeste,30.0,0,5,17,697.58,7.0,1,0,0,Ligacao,0,desconto_pecas
C00094,EcoSport,2019,62922,PF,Centro-Oeste,,0,6,27,1093.86,7.0,1,0,1,WhatsApp,1,revisao_preco_fixo
C08438,Transit,2023,39052,PF,Sudeste,6.4,1,3,5,1074.69,,0,0,0,WhatsApp,0,pacote_revisoes
C09797,EcoSport,2014,182475,PF,Sudeste,12.8,0,11,14,719.68,7.0,0,0,0,WhatsApp,1,desconto_pecas
C00640,Bronco Sport,2014,217694,PF,Nordeste,7.9,0,12,53,890.99,5.0,0,0,1,Ligacao,1,desconto_pecas
C05755,Territory,2023,48969,PF,Sudeste,16.6,1,4,2,,,1,0,0,App FordPass,0,revisao_preco_fixo
C09719,Ka,2014,227530,PF,Sudeste,12.9,0,9,13,791.39,10.0,0,0,0,Ligacao,0,desconto_pecas
C03201,Transit,2017,255715,PJ_Frota,Sudeste,8.7,0,11,27,1033.6,5.0,0,1,0,App FordPass,1,checkup_gratuito
C07374,Ranger,2017,167835,PF,Sudeste,5.6,0,5,55,1306.71,4.0,0,0,0,WhatsApp,1,checkup_gratuito
C00010,Ranger,2021,69946,PF,Nordeste,17.3,0,1,29,,9.0,0,0,0,App FordPass,1,revisao_preco_fixo
C04546,Transit,2021,95918,PJ_Frota,Sul,16.3,0,8,1,1242.33,9.0,0,0,0,WhatsApp,0,plano_frota
C00221,Ranger,2020,106554,PF,Nordeste,8.2,0,6,6,1560.83,8.0,0,0,1,WhatsApp,0,revisao_preco_fixo
C02945,Ranger,2014,143039,PF,Sul,24.6,0,7,39,676.26,8.0,1,0,0,App FordPass,1,desconto_pecas
C01156,Ka,2014,182250,PF,Norte,75.6,0,3,60,732.12,5.0,0,0,2,WhatsApp,1,checkup_gratuito
C03560,Bronco Sport,2014,112575,PF,Sudeste,5.7,0,4,19,2185.56,6.0,0,0,1,WhatsApp,1,revisao_preco_fixo
C09164,Ranger,2021,163621,PJ_Frota,Nordeste,15.4,0,10,1,1138.83,7.0,0,0,0,WhatsApp,0,revisao_preco_fixo
C02654,Ranger,2016,88862,PF,Sudeste,5.8,0,9,27,2103.06,10.0,0,0,0,App FordPass,0,desconto_pecas
C02552,Territory,2022,44819,PF,Nordeste,17.8,0,3,12,1005.41,8.0,0,0,0,Ligacao,0,revisao_preco_fixo
C03125,Ka,2020,57625,PF,SUDESTE,6.7,0,4,3,1242.81,8.0,1,0,0,App FordPass,0,revisao_preco_fixo
C00489,Territory,2026,5048,PF,Nordeste,8.6,1,0,5,1298.39,9.0,1,1,0,E-mail,0,pacote_revisoes
C04449,Ka,2019,124371,PF,Nordeste,19.8,0,5,10,1557.95,8.0,0,0,1,E-mail,1,revisao_preco_fixo
C00791,Ranger,2015,150257,PF,Centro-Oeste,15.9,0,8,22,1748.52,,0,0,0,WhatsApp,0,revisao_preco_fixo
C00230,Ka,2020,104258,PF,Sul,3.3,0,7,3,526.7,6.0,0,0,0,WhatsApp,0,revisao_preco_fixo
C00612,Transit,2019,292613,PJ_Frota,Centro-Oeste,23.1,0,12,60,991.31,5.0,1,0,1,WhatsApp,1,checkup_gratuito
C00822,EcoSport,2019,80057,PF,Sudeste,11.9,0,7,21,638.52,6.0,1,0,0,App FordPass,0,revisao_preco_fixo
C01789,Ka,2018,85180,PF,Sudeste,7.3,0,4,4,514.24,7.0,0,0,1,WhatsApp,0,revisao_preco_fixo
C07489,Ka,2021,95072,PF,Nordeste,,0,4,3,,8.0,1,0,0,App FordPass,1,revisao_preco_fixo
C09087,Maverick,2017,156946,PF,Sul,17.0,0,10,25,657.33,7.0,0,0,0,WhatsApp,1,desconto_pecas
C08459,Ranger,2023,90328,PJ_Frota,Sul,18.6,1,9,9,1293.47,10.0,1,0,0,App FordPass,0,pacote_revisoes
C00816,Mustang,2016,134240,PF,Nordeste,,0,3,60,2496.44,5.0,0,0,0,E-mail,1,checkup_gratuito
C02006,Ranger,2024,18898,PF,Sudeste,10.2,1,1,1,1103.8,6.0,1,0,1,E-mail,0,pacote_revisoes
C07464,Transit,2022,109766,PF,Nordeste,10.2,0,2,0,703.93,7.0,1,1,0,WhatsApp,0,desconto_pecas
C09859,Ranger,2020,91194,PF,Sudeste,7.4,0,2,11,1037.66,6.0,0,1,0,E-mail,0,revisao_preco_fixo
C09223,Territory,2020,91939,PF,Nordeste,15.5,0,7,23,523.21,7.0,1,0,0,App FordPass,1,revisao_preco_fixo
C01576,Maverick,2017,99246,PF,Sudeste,4.0,0,4,9,1145.09,7.0,0,0,0,E-mail,1,revisao_preco_fixo
C02808,Ka,2018,109772,PF,Norte,90.9,0,0,21,,7.0,0,0,0,WhatsApp,1,revisao_preco_fixo
C03408,Ranger,2023,63299,PF,Sudeste,6.9,1,2,4,861.41,5.0,1,0,0,WhatsApp,0,pacote_revisoes
C09601,Ka,2019,77793,PF,Norte,28.3,0,6,48,641.41,9.0,1,0,1,App FordPass,1,revisao_preco_fixo
C08689,Maverick,2015,105842,PF,Sudeste,9.1,0,9,60,1135.5,7.0,0,0,1,WhatsApp,1,checkup_gratuito
C04361,Ranger,2018,119540,PF,Sudeste,9.9,0,5,12,1479.05,5.0,0,0,0,E-mail,1,revisao_preco_fixo
C01196,EcoSport,2019,148075,PF,Sudeste,8.6,0,12,3,913.22,5.0,1,0,0,App FordPass,0,revisao_preco_fixo
C05787,Maverick,2025,28126,PJ_Frota,Sudeste,7.9,1,2,3,584.09,7.0,1,0,1,App FordPass,0,plano_frota
C08847,Territory,2024,32352,PF,Centro-Oeste,32.1,1,2,4,,10.0,1,0,1,,0,pacote_revisoes
C07687,Territory,2021,62329,PF,Sudeste,5.4,0,5,22,657.54,8.0,0,0,0,WhatsApp,0,revisao_preco_fixo
C00739,Ranger,2022,66690,PF,Sudeste,13.9,0,3,1,1806.92,7.0,0,0,1,WhatsApp,0,revisao_preco_fixo
C03149,Ka,2014,282627,PF,SUDESTE,7.9,0,25,36,1043.84,,0,0,0,E-mail,0,desconto_pecas
C08057,EcoSport,2021,83111,PF,Sudeste,5.0,0,6,5,480.48,,0,0,0,App FordPass,0,pacote_revisoes
C09723,Ranger,2025,5747,PF,Sudeste,11.6,1,1,0,831.37,8.0,1,0,1,WhatsApp,0,pacote_revisoes
C09392,Ranger,2016,85222,PF,Sul,5.9,0,0,12,1344.02,6.0,0,0,0,WhatsApp,1,revisao_preco_fixo
C06235,Ka,2014,271478,PF,Sudeste,8.3,0,24,9,1253.53,7.0,0,0,1,App FordPass,0,desconto_pecas
C05067,EcoSport,2014,99134,PF,Centro-Oeste,25.6,0,4,58,625.55,8.0,0,0,0,WhatsApp,1,checkup_gratuito
C04016,EcoSport,2019,82648,PF,Sudeste,16.2,0,2,4,463.9,,0,0,1,WhatsApp,1,desconto_pecas
C01054,EcoSport,2017,193049,PJ_Frota,Sudeste,5.4,0,12,60,1401.51,10.0,0,0,0,,0,plano_frota
C06061,Ranger,2014,311139,PF,Sudeste,9.5,0,17,15,2851.43,5.0,0,0,0,App FordPass,1,desconto_pecas
C02245,Ka,2014,150961,PF,Sul,3.4,0,13,30,816.67,10.0,0,0,0,App FordPass,0,desconto_pecas
C06827,Maverick,2018,95720,PF,Sudeste,3.4,0,6,25,686.92,6.0,0,0,0,WhatsApp,1,checkup_gratuito
C02393,Ka,2016,169835,PF,Sudeste,10.6,0,12,2,448.94,9.0,0,0,0,WhatsApp,0,desconto_pecas
C01702,EcoSport,2018,76154,PF,SUDESTE,7.7,0,6,1,999.2,,0,0,1,WhatsApp,1,revisao_preco_fixo
C03869,Ranger,2020,83471,PF,Norte,56.9,0,0,5,1741.75,5.0,1,0,0,WhatsApp,1,revisao_preco_fixo
C00275,Ranger,2019,268094,PJ_Frota,SUDESTE,10.3,0,12,2,578.7,8.0,0,0,0,WhatsApp,1,revisao_preco_fixo
C07937,EcoSport,2016,119434,PF,Nordeste,16.7,0,9,13,1260.72,6.0,0,0,1,E-mail,0,checkup_gratuito
C06259,EcoSport,2021,68866,PF,Centro-Oeste,9.6,0,2,37,250.97,7.0,0,0,0,E-mail,1,checkup_gratuito
C02746,EcoSport,2016,127012,PF,Centro-Oeste,16.5,0,1,2,989.71,6.0,1,0,0,WhatsApp,0,desconto_pecas
C02339,Ka,2016,162349,PF,Nordeste,11.5,0,3,60,24586.75,7.0,0,0,0,WhatsApp,1,desconto_pecas
C08931,EcoSport,2018,-92264,PF,Sul,15.0,0,6,14,599.41,8.0,0,0,0,App FordPass,1,revisao_preco_fixo
C01457,Ranger,2018,87822,PF,Sudeste,4.6,0,6,60,1819.71,9.0,1,0,0,WhatsApp,0,checkup_gratuito
C01353,EcoSport,2017,88065,PF,Sudeste,5.0,0,5,9,718.64,6.0,0,0,0,WhatsApp,1,pacote_revisoes
C07628,Ka,2021,50102,PF,Norte,54.8,0,2,7,483.88,9.0,0,0,1,App FordPass,0,desconto_pecas
C01608,Ranger,2025,28510,PF,Sudeste,10.6,1,2,2,1059.56,7.0,1,0,2,App FordPass,0,pacote_revisoes
C04086,Ranger,2023,46526,PF,Sudeste,,1,4,5,1010.26,5.0,0,0,1,Ligacao,0,pacote_revisoes
C03067,Ka,2018,65678,PF,Centro-Oeste,15.2,0,2,46,805.67,7.0,0,0,0,Ligacao,1,checkup_gratuito
C07310,Ranger,2024,20621,PF,Nordeste,18.6,1,2,2,491.24,5.0,1,0,0,WhatsApp,0,pacote_revisoes
C04864,Territory,2020,56604,PF,Sudeste,6.5,0,6,4,1103.4,10.0,1,0,0,WhatsApp,0,revisao_preco_fixo
C06516,Bronco Sport,2019,70359,PF,Sul,14.2,0,2,59,1333.3,5.0,0,0,0,E-mail,1,checkup_gratuito
C01613,Ranger,2021,158022,PJ_Frota,Nordeste,19.4,0,5,11,779.21,5.0,0,0,1,App FordPass,0,plano_frota
C08548,Bronco Sport,2020,53165,PF,Sudeste,10.4,0,5,34,937.23,,0,0,1,E-mail,0,revisao_preco_fixo
C04068,Mustang,2024,45470,PJ_Frota,Nordeste,19.7,1,2,4,1428.33,8.0,1,0,0,WhatsApp,0,plano_frota
C09716,EcoSport,2014,134427,PF,Centro-Oeste,28.8,0,2,60,805.86,,0,0,0,WhatsApp,1,desconto_pecas
C05881,EcoSport,2020,22496,PF,Sudeste,10.6,0,3,32,470.24,7.0,0,0,0,E-mail,0,revisao_preco_fixo
C01863,Ranger,2019,173662,PJ_Frota,Centro-Oeste,29.4,0,8,7,1066.93,6.0,0,0,0,App FordPass,0,plano_frota
C01282,Ranger,2024,26422,PF,Sul,7.6,1,1,0,880.28,,0,0,0,Ligacao,0,revisao_preco_fixo
C06931,Bronco Sport,2023,32453,PF,Sudeste,7.5,1,2,0,1059.59,7.0,0,0,1,WhatsApp,0,desconto_pecas
C01736,Mustang,2022,81749,PJ_Frota,Centro-Oeste,43.0,0,5,9,1184.67,6.0,0,0,0,WhatsApp,0,plano_frota
C02249,EcoSport,2019,59305,PF,Sudeste,23.2,0,3,6,1131.48,4.0,1,0,1,E-mail,0,revisao_preco_fixo
C09755,Ranger,2022,33148,PF,Nordeste,,0,2,1,1077.58,5.0,0,0,1,WhatsApp,1,revisao_preco_fixo
C01764,Ka,2018,129912,PF,Norte,37.4,0,4,42,551.05,9.0,0,0,0,WhatsApp,0,plano_frota
C03026,EcoSport,2019,56963,PF,Sudeste,5.1,0,3,11,634.08,9.0,0,0,0,Ligacao,1,revisao_preco_fixo
C04126,Ranger,2018,114641,PJ_Frota,Sudeste,5.4,0,7,6,996.41,7.0,0,0,0,E-mail,0,plano_frota
C04930,Bronco Sport,2015,133004,PF,Sudeste,8.3,0,3,60,1564.64,6.0,0,0,1,E-mail,1,checkup_gratuito
C07429,Transit,2021,30472,PF,Sudeste,11.3,0,3,2,842.0,8.0,0,0,0,Ligacao,0,revisao_preco_fixo
C03165,Territory,2015,173078,PF,Nordeste,18.6,0,3,29,,5.0,0,0,0,WhatsApp,1,revisao_preco_fixo
C03566,Maverick,2022,79920,PJ_Frota,Sudeste,1.9,0,3,10,1014.54,8.0,1,0,0,App FordPass,0,plano_frota
C09074,Bronco Sport,2014,206063,PF,Sudeste,6.0,0,8,38,1008.66,,0,0,0,WhatsApp,1,checkup_gratuito
C08760,Territory,2022,83064,PF,Sul,5.2,0,4,24,731.08,7.0,0,0,0,Ligacao,1,revisao_preco_fixo
C08209,Transit,2020,62089,PF,Sudeste,8.9,0,6,3,1127.17,9.0,1,0,0,App FordPass,0,plano_frota
C04168,Ranger,2024,58743,PJ_Frota,Sul,9.8,1,2,3,700.5,7.0,1,0,1,Ligacao,0,plano_frota
C01619,Ka,2018,198516,PF,Sudeste,3.9,0,11,5,517.36,,0,0,0,WhatsApp,1,desconto_pecas
C08708,Ka,2014,111089,PF,Centro-Oeste,14.1,0,9,60,1108.87,8.0,0,0,0,WhatsApp,1,revisao_preco_fixo
C06017,Maverick,2016,244508,PF,Nordeste,13.9,0,21,10,,8.0,0,0,1,,0,desconto_pecas
C03338,EcoSport,2016,101619,PF,Nordeste,14.1,0,4,60,1050.02,7.0,0,0,1,App FordPass,1,checkup_gratuito
C07076,EcoSport,2018,165326,PF,Sudeste,6.6,0,10,12,521.86,7.0,0,0,0,WhatsApp,0,desconto_pecas
C04845,EcoSport,2018,84052,PF,Sudeste,11.0,0,4,10,818.32,7.0,0,0,0,E-mail,0,revisao_preco_fixo
C07640,Ka,2014,131605,PF,Nordeste,5.4,0,8,5,,8.0,0,0,0,Ligacao,0,desconto_pecas
C02417,Ranger,2015,383928,PJ_Frota,Sudeste,7.3,0,20,60,1981.15,7.0,0,0,1,E-mail,1,desconto_pecas
C02428,Territory,2019,62398,PF,Norte,11.6,0,2,37,1218.2,9.0,0,0,0,,1,revisao_preco_fixo
C00194,Ka,2017,121834,PF,SUDESTE,9.6,0,1,4,810.1,5.0,0,0,0,App FordPass,1,desconto_pecas
C09812,Territory,2021,56874,PF,Nordeste,15.1,0,0,17,1373.19,7.0,0,0,0,App FordPass,0,revisao_preco_fixo
C00991,Bronco Sport,2019,131129,PF,Nordeste,,0,4,20,1683.26,7.0,0,0,0,WhatsApp,0,revisao_preco_fixo
C07951,Territory,2024,65576,PF,Nordeste,4.6,1,6,6,604.58,10.0,0,0,1,Ligacao,0,pacote_revisoes
C02015,Ranger,2023,47596,PF,Sudeste,4.5,1,3,4,881.56,7.0,1,0,0,App FordPass,0,pacote_revisoes
C08991,Ka,2020,98747,PF,Sul,7.4,0,6,18,777.55,9.0,0,0,0,WhatsApp,0,revisao_preco_fixo
C04304,Ka,2018,179883,PF,Norte,10.0,0,4,60,875.49,7.0,0,0,0,Ligacao,1,checkup_gratuito
C05294,Bronco Sport,2025,18986,PF,Norte,26.3,1,1,2,568.19,8.0,1,0,0,App FordPass,0,pacote_revisoes
C08937,Ka,2017,155010,PF,Centro-Oeste,19.0,0,3,18,613.99,8.0,0,0,0,WhatsApp,0,desconto_pecas
C00054,Bronco Sport,2016,136480,PF,Centro-Oeste,29.7,0,4,60,1182.44,7.0,0,0,0,WhatsApp,1,desconto_pecas
C01304,Maverick,2024,41082,PF,Nordeste,32.6,1,3,1,997.65,8.0,1,0,1,WhatsApp,0,pacote_revisoes
C08377,Maverick,2022,20447,PF,Sul,32.0,0,1,29,1018.27,4.0,0,0,0,WhatsApp,1,revisao_preco_fixo
C04154,Territory,2018,122899,PF,Sudeste,1.9,0,6,40,1095.9,,0,1,1,WhatsApp,1,checkup_gratuito
C00849,Transit,2014,474189,PJ_Frota,Sul,5.7,0,18,39,1096.13,7.0,0,0,0,App FordPass,1,desconto_pecas
C02951,Bronco Sport,2016,140086,PF,Sudeste,13.2,0,5,1,1132.14,6.0,0,0,2,Ligacao,1,desconto_pecas
C05163,Ranger,2020,75861,PJ_Frota,Sudeste,,0,5,5,1358.96,10.0,1,1,0,E-mail,0,plano_frota
C04707,Ranger,2025,16789,PF,Sudeste,17.8,1,0,3,868.8,4.0,0,0,0,E-mail,0,pacote_revisoes
C03339,Ranger,2025,7516,PF,Sudeste,3.9,1,1,1,1017.36,5.0,1,0,1,E-mail,0,pacote_revisoes
C06806,Ranger,2026,5325,PF,Nordeste,34.4,1,0,1,1197.96,4.0,1,0,1,App FordPass,0,revisao_preco_fixo
C05622,Territory,2022,53620,PF,Sudeste,4.3,0,3,9,837.86,7.0,1,0,2,WhatsApp,0,revisao_preco_fixo
C01516,Ka,2016,123289,PF,Norte,34.9,0,1,40,457.36,8.0,0,0,0,App FordPass,1,checkup_gratuito
C00727,Ka,2014,141398,PF,Nordeste,36.8,0,7,60,620.59,7.0,0,0,0,App FordPass,1,checkup_gratuito
C08744,Territory,2015,152811,PF,Sul,10.6,0,14,16,1483.25,8.0,0,0,0,WhatsApp,0,desconto_pecas
C04480,Ranger,2017,124039,PF,Nordeste ,16.7,0,0,1,1934.66,7.0,0,0,0,E-mail,1,desconto_pecas
C09847,Ranger,2018,47478,PF,Nordeste,14.6,0,1,21,1266.39,4.0,0,0,0,E-mail,1,checkup_gratuito
C02159,Ka,2018,86117,PF,norte,32.8,0,3,1,616.34,6.0,0,0,0,E-mail,1,desconto_pecas
C01711,Ranger,2023,52184,PF,Sudeste,5.6,1,5,1,1542.24,9.0,0,0,0,App FordPass,0,revisao_preco_fixo
C03481,Bronco Sport,2016,89361,PF,Sudeste,1.4,0,1,11,1024.85,7.0,1,0,0,App FordPass,1,revisao_preco_fixo
C01695,Ranger,2016,157215,PF,Centro-Oeste,12.0,0,1,0,953.42,,0,0,0,WhatsApp,1,desconto_pecas
C03259,Ka,2021,55880,PF,Centro-Oeste,35.8,0,2,31,722.08,6.0,0,0,0,WhatsApp,1,revisao_preco_fixo
C04516,Ranger,2020,118672,PF,Nordeste,11.4,0,6,21,1398.13,6.0,1,0,0,Ligacao,1,revisao_preco_fixo
C07196,Ka,2020,77082,PF,Sul,20.4,0,3,8,567.89,9.0,1,1,0,App FordPass,1,revisao_preco_fixo
C05335,Bronco Sport,2019,108339,PF,Sudeste,14.7,0,3,21,1743.2,6.0,0,0,0,WhatsApp,1,revisao_preco_fixo
C06438,Maverick,2020,59606,PF,Sul,5.1,0,5,46,1507.58,8.0,0,0,0,Ligacao,1,revisao_preco_fixo
C01446,Mustang,2024,22626,PF,Nordeste,17.3,1,2,7,1344.16,4.0,1,0,0,E-mail,0,checkup_gratuito
C05647,Ka,2021,77450,PF,Nordeste,26.8,0,6,27,781.36,10.0,0,0,1,Ligacao,0,revisao_preco_fixo
C01462,Ka,2016,98266,PF,Nordeste,,0,6,5,918.38,7.0,1,0,0,WhatsApp,1,desconto_pecas
C09299,Ka,2021,151130,PF,Centro-Oeste,26.5,0,7,6,695.86,8.0,1,0,1,E-mail,0,revisao_preco_fixo
C08872,Ka,2017,263742,PF,Nordeste,5.6,0,12,12,1759.78,5.0,0,0,1,WhatsApp,1,revisao_preco_fixo
C04715,Ka,2020,109188,PF,Sudeste,2.6,0,1,38,826.14,8.0,0,0,0,WhatsApp,1,checkup_gratuito
C08500,Ka,2014,108409,PF,Sudeste,6.3,0,3,36,786.45,7.0,0,0,0,WhatsApp,1,checkup_gratuito
C09258,Ranger,2020,77632,PF,Norte,68.2,0,1,29,1187.75,4.0,1,0,1,Ligacao,1,revisao_preco_fixo
C08337,Ka,2016,150608,PF,Nordeste,31.5,0,1,1,1188.28,7.0,0,0,1,App FordPass,1,plano_frota
C09735,Territory,2024,19030,PF,Sul,12.7,1,2,2,1077.68,8.0,1,0,0,WhatsApp,0,pacote_revisoes
C06301,Ranger,2019,400448,PJ_Frota,Nordeste,26.5,0,20,13,1158.14,10.0,1,0,0,App FordPass,0,desconto_pecas
C01400,Ranger,2016,116856,PF,Nordeste,13.8,0,3,19,1662.5,7.0,1,0,0,E-mail,0,desconto_pecas
C00986,EcoSport,2015,154118,PF,Sudeste,2.4,0,11,7,667.24,9.0,0,0,0,E-mail,0,desconto_pecas
C06926,EcoSport,2015,117799,PF,Norte,20.0,0,6,49,760.14,6.0,0,0,0,E-mail,1,checkup_gratuito
C05094,Transit,2018,44365,PF,Sul,6.9,0,3,21,792.69,6.0,1,0,0,E-mail,1,checkup_gratuito
C04942,Territory,2025,20867,PF,Nordeste,9.7,1,2,9,,6.0,0,0,0,App FordPass,0,pacote_revisoes
C09219,Ka,2020,55289,PF,Sudeste,7.6,0,3,60,429.89,7.0,0,0,0,Ligacao,1,checkup_gratuito
C06467,Bronco Sport,2017,97233,PF,Norte,66.7,0,2,1,1118.5,7.0,0,0,0,WhatsApp,0,revisao_preco_fixo
C09318,Bronco Sport,2023,37071,PF,Nordeste,11.4,1,3,11,926.31,,1,0,0,App FordPass,0,pacote_revisoes
C02948,Transit,2021,207400,PJ_Frota,Sudeste,6.0,0,8,22,,8.0,1,0,0,Ligacao,0,checkup_gratuito
C03322,Bronco Sport,2020,250946,PJ_Frota,Nordeste,23.3,0,10,1,1080.19,10.0,1,0,0,WhatsApp,0,plano_frota
C05897,Maverick,2024,31637,PF,Sudeste,5.3,1,3,4,,8.0,1,0,0,WhatsApp,0,pacote_revisoes
C04483,EcoSport,2015,179466,PF,Sudeste,6.9,0,9,12,857.31,5.0,0,0,0,WhatsApp,1,desconto_pecas
C04143,Ranger,2024,45761,PJ_Frota,Nordeste ,23.5,1,3,12,859.06,5.0,0,0,0,E-mail,0,plano_frota
C05013,Bronco Sport,2026,3671,PF,Nordeste,12.2,1,0,8,708.26,5.0,1,0,0,App FordPass,0,pacote_revisoes
C08253,Maverick,2023,38746,PF,Sudeste,6.7,1,0,9,962.62,3.0,0,0,1,WhatsApp,0,pacote_revisoes
C05407,Ka,2020,71692,PF,Sudeste,13.0,0,6,11,493.47,,0,0,0,Ligacao,0,revisao_preco_fixo
C01201,Ranger,2015,320656,PJ_Frota,Sudeste,,0,25,11,1193.97,10.0,0,1,0,WhatsApp,0,desconto_pecas
C09094,EcoSport,2021,41378,PF,Sudeste,15.9,0,5,58,773.23,9.0,1,0,0,App FordPass,0,revisao_preco_fixo
C03371,Ka,2021,75343,PF,Sul,52.8,0,0,4,818.74,6.0,0,0,1,E-mail,0,checkup_gratuito
C08780,Territory,2020,86415,PF,Sul,24.5,0,2,24,718.05,7.0,0,0,0,E-mail,1,pacote_revisoes
C07663,Transit,2018,257158,PJ_Frota,Nordeste,13.4,0,7,1,1323.31,,0,0,0,Ligacao,0,desconto_pecas
C08875,EcoSport,2015,219654,PF,Sul,33.0,0,10,20,468.02,10.0,0,1,1,App FordPass,0,checkup_gratuito
C04834,EcoSport,2020,85408,PF,Centro-Oeste,34.5,0,4,1,,,0,0,1,WhatsApp,0,revisao_preco_fixo
C02105,Bronco Sport,2024,17474,PF,Nordeste,23.5,1,1,9,604.34,8.0,0,0,0,E-mail,1,pacote_revisoes
C07753,Maverick,2018,128951,PF,Sudeste,8.2,0,5,60,1038.3,9.0,0,0,0,WhatsApp,1,checkup_gratuito
C00594,Ka,2016,108417,PF,Centro-Oeste,41.8,0,4,36,993.81,4.0,0,0,3,Ligacao,1,checkup_gratuito
C01440,EcoSport,2021,144757,PJ_Frota,Sudeste,10.7,0,6,4,553.94,8.0,1,0,0,App FordPass,0,plano_frota
C05749,Transit,2016,169387,PJ_Frota,Sudeste,9.0,0,12,11,1294.6,7.0,0,0,1,E-mail,1,revisao_preco_fixo
C00709,Ranger,2020,73902,PF,Nordeste,22.4,0,6,2,1258.94,10.0,1,1,0,WhatsApp,0,revisao_preco_fixo
C09524,Ka,2019,85710,PF,Centro-Oeste,47.8,0,5,11,796.51,7.0,0,0,0,E-mail,0,revisao_preco_fixo
C09800,Ka,2014,151733,PF,Sul,6.0,0,10,0,651.9,,0,0,0,E-mail,0,revisao_preco_fixo
C03070,Ka,2015,137004,PF,Nordeste,14.0,0,9,3,529.33,6.0,0,0,1,WhatsApp,1,desconto_pecas
C05044,EcoSport,2017,160415,PF,Sul,4.1,0,2,29,,7.0,0,0,1,WhatsApp,1,desconto_pecas
C01422,Ranger,2017,319646,PJ_Frota,Nordeste,11.2,0,18,60,1074.7,8.0,0,0,1,WhatsApp,1,desconto_pecas
C02131,Bronco Sport,2017,76501,PF,Sudeste,16.8,0,7,6,689.46,8.0,0,0,0,WhatsApp,0,plano_frota
C04683,Bronco Sport,2015,172777,PF,Nordeste,14.4,0,12,31,1290.59,8.0,0,0,1,E-mail,1,desconto_pecas
C06176,Bronco Sport,2024,16816,PF,Nordeste,12.8,1,2,3,1149.52,8.0,0,0,1,WhatsApp,0,pacote_revisoes
C07093,Bronco Sport,2021,62361,PF,Sudeste,2.4,0,2,16,783.41,6.0,1,0,1,App FordPass,1,checkup_gratuito
C07987,Transit,2023,85798,PJ_Frota,Sudeste,4.9,1,8,1,1310.65,7.0,0,0,0,WhatsApp,0,plano_frota
C00876,Ranger,2024,24494,PF,Sudeste,4.6,1,2,3,756.45,5.0,1,0,1,E-mail,0,pacote_revisoes
C05021,Maverick,2024,32453,PF,Norte,36.1,1,1,5,801.37,8.0,1,0,1,App FordPass,1,pacote_revisoes
C02123,Ka,2015,102556,PF,Norte,49.0,0,6,2,1283.09,,0,0,0,App FordPass,1,revisao_preco_fixo
C00554,Ka,2016,154879,PF,Nordeste,9.8,0,12,12,1107.13,10.0,1,0,0,App FordPass,0,desconto_pecas
C07901,Territory,2014,186925,PF,Sul,16.0,0,6,19,1065.46,9.0,1,0,0,App FordPass,1,pacote_revisoes
C08001,Mustang,2021,39623,PF,Nordeste,16.4,0,3,1,1970.76,6.0,1,0,0,WhatsApp,0,revisao_preco_fixo
C05861,Ka,2015,124864,PF,Centro-Oeste,19.3,0,6,60,780.72,9.0,0,0,0,App FordPass,1,revisao_preco_fixo
C07286,Maverick,2026,6123,PF,Sul,,1,0,1,896.81,9.0,1,0,0,E-mail,0,pacote_revisoes
C03838,Maverick,2017,172991,PF,Sul,12.4,0,8,32,2344.19,9.0,0,0,0,WhatsApp,1,desconto_pecas
C00689,Ranger,2024,32214,PF,Norte,23.0,1,3,3,1069.01,7.0,0,0,0,E-mail,0,pacote_revisoes
C07506,Transit,2018,168484,PF,Nordeste,17.6,0,10,11,1291.52,7.0,0,0,0,WhatsApp,0,desconto_pecas
C03244,Ka,2019,81150,PF,Sudeste,11.4,0,2,50,607.25,8.0,0,0,0,App FordPass,1,checkup_gratuito
C05848,Ka,2018,140300,PF,Norte,49.2,0,10,13,723.94,5.0,1,0,0,WhatsApp,0,desconto_pecas
C04943,Transit,2018,235488,PJ_Frota,Sudeste,10.5,0,3,12,1382.05,7.0,1,0,0,Ligacao,0,desconto_pecas
C09472,Ka,2021,76168,PF,Sudeste,10.3,0,4,2,751.6,7.0,0,0,1,E-mail,0,revisao_preco_fixo
C03809,Maverick,2021,37902,PF,Norte,13.2,0,0,9,1093.44,6.0,0,0,1,E-mail,1,revisao_preco_fixo
C09271,Bronco Sport,2024,-19912,PF,Sudeste,12.9,1,0,0,869.89,7.0,0,0,1,App FordPass,0,pacote_revisoes
C02062,Ranger,2017,86844,PF,Nordeste,29.2,0,0,54,1507.2,6.0,1,0,0,,1,checkup_gratuito
C08596,Territory,2021,55563,PF,Sudeste,10.5,0,4,1,598.08,5.0,0,1,1,WhatsApp,0,checkup_gratuito
C09426,Ka,2019,134494,PF,Centro-Oeste,13.2,0,7,12,1159.48,7.0,0,0,0,App FordPass,0,revisao_preco_fixo
C03524,Ranger,2019,66194,PF,Sudeste,27.6,0,1,3,1141.78,7.0,0,0,1,E-mail,0,revisao_preco_fixo
C01652,EcoSport,2014,156520,PF,Sul,8.2,0,11,22,936.3,8.0,1,1,0,App FordPass,0,desconto_pecas
C08342,Territory,2014,188284,PF,Sudeste,4.6,0,8,4,832.24,5.0,0,0,0,App FordPass,1,desconto_pecas
C03929,Mustang,2025,10311,PF,Sul,10.7,1,1,0,1151.66,6.0,1,0,0,App FordPass,0,revisao_preco_fixo
C09598,Bronco Sport,2026,1467,PF,Sul,6.3,1,0,26,1310.57,9.0,0,0,0,WhatsApp,0,revisao_preco_fixo
C00130,Ka,2018,145318,PF,Centro-Oeste,42.7,0,10,22,1000.69,,0,0,0,E-mail,0,revisao_preco_fixo
C08959,Territory,2017,142887,PF,Sudeste,4.6,0,1,60,847.73,7.0,0,0,0,Ligacao,1,checkup_gratuito
C06621,EcoSport,2016,141220,PF,Sul,10.2,0,14,20,1005.95,10.0,1,0,0,Ligacao,0,desconto_pecas
C08909,EcoSport,2018,150308,PJ_Frota,Sul,10.0,0,11,60,606.98,10.0,1,0,0,Ligacao,0,revisao_preco_fixo
C00172,EcoSport,2019,88424,PF,Centro-Oeste,24.3,0,4,28,771.4,6.0,0,0,1,WhatsApp,1,revisao_preco_fixo
C05556,EcoSport,2018,75349,PF,Centro-Oeste,41.2,0,5,16,882.04,10.0,0,0,0,App FordPass,0,revisao_preco_fixo
C00103,Transit,2024,33105,PF,Centro Oeste,17.3,1,3,0,666.72,10.0,0,0,1,App FordPass,0,pacote_revisoes
C04537,Maverick,2014,246751,PF,Norte,20.5,0,3,42,598.39,5.0,0,0,1,App FordPass,0,desconto_pecas
C04026,Territory,2015,82270,PF,Sul,25.4,0,7,43,1234.8,7.0,0,0,0,WhatsApp,1,desconto_pecas
C02797,EcoSport,2020,51604,PF,Sudeste,5.8,0,1,57,577.85,3.0,0,0,0,WhatsApp,1,checkup_gratuito
C01123,Ka,2019,73478,PF,Sudeste,13.2,0,3,52,591.7,6.0,1,1,0,App FordPass,1,checkup_gratuito
C04934,Territory,2025,11341,PF,Norte,38.7,1,0,2,894.82,7.0,1,0,1,,0,pacote_revisoes
C01796,Territory,2024,41422,PF,Sul,22.4,1,1,9,794.42,9.0,0,0,0,WhatsApp,0,pacote_revisoes
C00925,EcoSport,2020,84084,PF,Sudeste,18.8,0,1,42,621.11,8.0,0,0,0,E-mail,1,checkup_gratuito
C01031,Bronco Sport,2022,38906,PF,Sudeste,11.1,0,1,20,1096.94,7.0,0,0,0,WhatsApp,0,desconto_pecas
C00144,Ranger,2026,6482,PJ_Frota,sul,7.9,1,0,3,912.68,5.0,0,0,1,App FordPass,0,pacote_revisoes
C03819,Maverick,2018,96788,PF,Centro-Oeste,10.6,0,3,60,1448.18,4.0,0,0,0,App FordPass,1,checkup_gratuito
C04214,Territory,2022,48703,PF,Sudeste,6.1,0,0,20,510.24,7.0,1,0,0,App FordPass,1,desconto_pecas
C01289,Territory,2014,259737,PF,Sudeste,10.0,0,17,10,1383.82,8.0,0,0,0,Ligacao,0,desconto_pecas
C08138,Bronco Sport,2014,382656,PF,Sul,11.3,0,35,31,693.97,10.0,0,0,0,WhatsApp,0,desconto_pecas
C06440,Ranger,2019,134841,PJ_Frota,Sudeste,6.4,0,5,5,1081.56,9.0,1,0,0,App FordPass,0,plano_frota
C01351,Maverick,2022,61538,PF,Sudeste,9.5,0,4,11,883.28,,0,0,0,WhatsApp,0,revisao_preco_fixo
C02980,Territory,2022,77207,PF,Sudeste,8.7,0,3,0,763.67,8.0,1,0,0,App FordPass,0,revisao_preco_fixo
C04025,Transit,2016,227654,PJ_Frota,Sudeste,5.7,0,14,26,837.5,9.0,0,0,0,Ligacao,0,desconto_pecas
C07414,Territory,2022,81249,PF,Nordeste,15.2,0,0,33,899.47,8.0,1,0,0,,1,revisao_preco_fixo
C08964,Ranger,2021,83254,PF,Sul,17.6,0,4,10,1422.85,6.0,1,0,0,WhatsApp,1,revisao_preco_fixo
C04568,Ranger,2018,232782,PJ_Frota,Sudeste,7.7,0,16,15,1251.85,7.0,0,0,0,App FordPass,0,plano_frota
C04848,Ka,2016,136444,PF,Sudeste,6.9,0,8,55,1255.93,7.0,0,0,1,WhatsApp,0,checkup_gratuito
C02167,Ranger,2015,242291,PF,Norte,15.4,0,16,51,1336.15,7.0,0,0,0,WhatsApp,1,desconto_pecas
C03011,Mustang,2024,49024,PJ_Frota,Nordeste,8.8,1,2,1,1462.69,,0,0,0,WhatsApp,0,plano_frota
C01128,Territory,2024,25661,PF,Sudeste,4.3,1,1,15,898.79,5.0,1,0,0,Ligacao,0,pacote_revisoes
C08836,Territory,2014,136045,PF,Sudeste,3.9,0,4,15,1218.39,10.0,0,0,0,WhatsApp,0,desconto_pecas
C07309,Ranger,2019,123258,PJ_Frota,Norte,90.1,0,4,0,1040.66,6.0,0,0,0,E-mail,1,revisao_preco_fixo
C05251,Ka,2014,260081,PF,Sudeste,14.6,0,14,0,765.47,9.0,0,0,0,WhatsApp,0,desconto_pecas
C09405,Territory,2014,228540,PF,Centro-Oeste,32.5,0,6,43,1284.75,8.0,0,1,0,WhatsApp,1,desconto_pecas
C01371,Transit,2017,223818,PJ_Frota,Sudeste,4.4,0,12,16,1449.93,9.0,0,0,0,App FordPass,0,desconto_pecas
C09288,Ranger,2019,230168,PJ_Frota,Sudeste,10.8,0,9,2,,4.0,0,0,0,,0,plano_frota
C08567,Ranger,2022,30804,PF,Sudeste,10.7,0,2,7,1177.23,10.0,0,0,0,WhatsApp,0,revisao_preco_fixo
C04907,Ka,2015,145913,PF,Sudeste,,0,8,10,968.83,9.0,0,0,0,App FordPass,0,desconto_pecas
C08925,Ranger,2025,13152,PF,Sudeste,10.1,1,1,21,579.06,7.0,1,0,1,App FordPass,0,pacote_revisoes
C04740,EcoSport,2019,75701,PF,Nordeste,14.6,0,6,3,955.38,7.0,0,1,0,Ligacao,0,revisao_preco_fixo
C01260,Ka,2031,91712,PF,Sul,13.8,0,3,55,642.08,7.0,1,0,0,WhatsApp,1,pacote_revisoes
C04132,Ranger,2016,177264,PF,Centro-Oeste,,0,9,60,1178.64,6.0,0,0,0,Ligacao,1,desconto_pecas
C07145,Bronco Sport,2024,40824,PF,Norte,33.3,1,3,5,844.28,,1,0,0,,0,pacote_revisoes
C09786,EcoSport,2017,156582,PF,Sudeste,10.6,0,9,5,1468.48,7.0,0,0,0,WhatsApp,1,desconto_pecas
C00980,Transit,2018,145488,PF,Sudeste,7.9,0,6,34,1560.09,7.0,0,0,0,E-mail,1,checkup_gratuito
C09693,Ka,2018,179571,PJ_Frota,Sul,9.9,0,15,30,619.22,10.0,0,0,0,WhatsApp,0,desconto_pecas
C04789,Territory,2025,18581,PF,Sul,9.9,1,1,5,1317.13,9.0,1,0,0,,0,pacote_revisoes
C00584,Mustang,2025,11247,PF,Sudeste,11.6,1,1,17,1764.04,5.0,1,0,1,E-mail,0,revisao_preco_fixo
C05482,EcoSport,2014,165721,PF,Sul,6.8,0,15,1,1056.87,,0,1,0,E-mail,0,desconto_pecas
C00460,Territory,2021,47687,PF,Norte,135.0,0,1,27,956.37,3.0,0,1,0,App FordPass,1,checkup_gratuito
C01578,Transit,2020,185957,PJ_Frota,Nordeste,9.6,0,12,37,834.35,7.0,0,0,0,E-mail,1,checkup_gratuito
C05845,Mustang,2023,28703,PF,Sudeste,2.0,1,3,5,1494.58,7.0,1,0,1,E-mail,0,pacote_revisoes
C03475,Ranger,2019,196663,PJ_Frota,Sul,13.8,0,13,30,1090.55,7.0,0,0,0,WhatsApp,1,plano_frota
C01396,Ranger,2025,21983,PJ_Frota,Centro-Oeste,19.5,1,2,3,776.78,6.0,0,1,0,App FordPass,0,plano_frota
C08555,Ka,2019,136805,PF,Centro-Oeste,21.6,0,9,60,,8.0,0,0,0,WhatsApp,1,revisao_preco_fixo
C05985,Ranger,2023,21514,PF,Sudeste,3.9,1,2,1,1536.89,7.0,1,0,0,WhatsApp,0,pacote_revisoes
C03450,Territory,2017,83305,PF,Sudeste,,0,3,19,995.03,7.0,0,0,0,App FordPass,0,desconto_pecas
C04384,Maverick,2023,30413,PF,Sudeste,6.3,1,3,5,507.94,5.0,1,0,0,WhatsApp,0,checkup_gratuito
C05161,Transit,2023,37837,PF,Sudeste,3.6,1,3,13,696.73,6.0,0,0,0,WhatsApp,0,desconto_pecas
C01715,Bronco Sport,2021,66809,PF,Centro-Oeste,14.9,0,1,8,1108.01,8.0,1,0,0,E-mail,1,revisao_preco_fixo
C08833,Territory,2017,121705,PF,Sul,14.9,0,5,58,696.83,,0,0,0,E-mail,1,desconto_pecas
C04006,Ranger,2023,72634,PJ_Frota,Centro-Oeste,32.2,1,6,13,27017.5,7.0,1,0,0,App FordPass,0,plano_frota
C02693,Transit,2022,74345,PJ_Frota,Sudeste,7.0,0,4,4,,7.0,0,0,0,Ligacao,0,plano_frota
C05065,Ranger,2018,116853,PF,Nordeste,9.7,0,8,11,1102.13,6.0,0,1,0,WhatsApp,0,revisao_preco_fixo
C06505,Ka,2014,127701,PF,Nordeste,43.6,0,5,10,1110.41,7.0,0,0,0,WhatsApp,0,revisao_preco_fixo
C04894,Territory,2022,50839,PF,Sudeste,29.0,0,5,13,616.42,10.0,1,0,0,WhatsApp,0,checkup_gratuito
C08099,Transit,2014,207523,PF,Sudeste,21.2,0,5,42,1519.89,7.0,0,0,0,WhatsApp,1,desconto_pecas
C02541,Ranger,2021,86062,PF,Sul,13.9,0,8,7,,7.0,0,0,1,App FordPass,0,revisao_preco_fixo
C01105,Bronco Sport,2025,28301,PJ_Frota,Sudeste,20.8,1,1,2,527.97,7.0,1,0,1,,0,plano_frota
C07801,Maverick,2015,124481,PF,Centro-Oeste,68.4,0,5,16,1078.33,10.0,0,0,0,App FordPass,1,revisao_preco_fixo
C00659,Ranger,2024,27257,PF,Sul,11.8,1,2,8,843.26,,1,0,0,WhatsApp,0,pacote_revisoes
C02765,Transit,2016,216794,PJ_Frota,Sudeste,6.6,0,7,36,896.07,2.0,0,0,2,E-mail,1,desconto_pecas
C07635,Ka,2020,91104,PF,Nordeste,15.9,0,1,4,1015.97,3.0,0,0,0,WhatsApp,1,revisao_preco_fixo
C07963,Bronco Sport,2018,106316,PF,Norte,80.9,0,2,48,957.16,7.0,1,0,0,Ligacao,1,checkup_gratuito
C04519,EcoSport,2017,123162,PF,Nordeste,18.0,0,8,0,780.3,10.0,1,0,0,WhatsApp,0,desconto_pecas
C00424,Territory,2025,20244,PF,Nordeste,12.7,1,2,0,,,1,0,0,Ligacao,0,pacote_revisoes
C04271,Ranger,2022,148441,PJ_Frota,Centro-Oeste,13.5,0,3,20,1270.41,,1,0,0,E-mail,1,revisao_preco_fixo
C09384,Ranger,2025,14956,PF,Sudeste,15.5,1,0,1,1038.76,6.0,1,0,0,WhatsApp,0,pacote_revisoes
C05243,EcoSport,2021,68622,PF,Norte,44.7,0,2,17,1371.33,8.0,1,0,0,E-mail,1,revisao_preco_fixo
C04373,Ka,2017,124346,PF,Sudeste,3.9,0,5,20,1045.06,7.0,0,0,0,E-mail,1,checkup_gratuito
C05400,Territory,2021,146221,PF,Sudeste,10.7,0,11,2,815.65,9.0,1,0,1,App FordPass,0,desconto_pecas
C06171,Ranger,2024,30455,PF,Sudeste,6.5,1,0,0,1658.95,,1,1,0,App FordPass,0,pacote_revisoes
C09343,EcoSport,2014,190824,PF,Centro-Oeste,35.4,0,12,48,1254.01,,1,0,0,WhatsApp,1,checkup_gratuito
C04575,Ka,2016,125392,PF,Sudeste,34.0,0,2,60,629.32,5.0,0,0,0,WhatsApp,1,checkup_gratuito
C06694,Ranger,2019,52598,PF,Centro-Oeste,13.4,0,1,36,1084.31,,0,0,0,App FordPass,1,revisao_preco_fixo
C00395,Ranger,2024,20056,PF,Sul,36.2,1,1,14,884.28,8.0,0,0,0,WhatsApp,0,pacote_revisoes
C02416,EcoSport,2014,128773,PF,Norte,49.0,0,1,32,512.55,8.0,1,0,0,WhatsApp,1,checkup_gratuito
C09117,Territory,2017,94574,PF,Sudeste,4.2,0,2,36,1253.2,5.0,0,0,2,App FordPass,1,checkup_gratuito
C00109,Mustang,2023,137991,PJ_Frota,Sudeste,15.4,1,8,7,1055.91,9.0,0,0,0,WhatsApp,0,pacote_revisoes
C03200,Bronco Sport,2014,150363,PF,Centro-Oeste,18.9,0,2,29,1107.86,5.0,0,0,0,WhatsApp,1,checkup_gratuito
C05472,Transit,2018,121292,PJ_Frota,Nordeste,26.8,0,4,0,891.5,5.0,0,1,0,Ligacao,0,plano_frota
C05572,Ranger,2025,44683,PJ_Frota,Sudeste,4.2,1,2,5,1354.65,10.0,1,0,0,WhatsApp,0,plano_frota
C04481,Territory,2015,187854,PF,Nordeste,17.5,0,7,25,1107.15,7.0,0,0,0,WhatsApp,1,desconto_pecas
C03248,Maverick,2021,86385,PF,Centro-Oeste,72.6,0,2,23,941.16,6.0,0,0,2,WhatsApp,1,revisao_preco_fixo
C00650,Ranger,2026,7429,PJ_Frota,Nordeste,9.6,1,0,1,1089.28,8.0,1,0,0,App FordPass,0,plano_frota
C04640,EcoSport,2020,105029,PF,Nordeste,8.2,0,1,2,531.93,7.0,1,0,0,WhatsApp,0,revisao_preco_fixo
C03131,Mustang,2026,3108,PF,Nordeste,21.9,1,0,0,854.49,9.0,1,0,0,,0,pacote_revisoes
C00582,Ka,2018,70440,PF,Sul,9.3,0,4,3,580.21,7.0,0,0,2,WhatsApp,1,checkup_gratuito
C00231,Ranger,2014,157861,PF,Nordeste,27.8,0,2,47,1061.04,6.0,0,0,0,App FordPass,1,desconto_pecas
C06525,Transit,2016,288732,PJ_Frota,Sul,12.0,0,12,57,1319.21,10.0,0,0,0,E-mail,1,desconto_pecas
C00135,Ka,2017,153438,PF,Sudeste,5.3,0,10,28,,8.0,0,0,1,WhatsApp,1,desconto_pecas
C00062,Territory,2020,244682,PJ_Frota,Centro-Oeste,16.8,0,9,15,1406.69,5.0,1,0,0,E-mail,0,desconto_pecas
C09467,Territory,2020,87020,PF,Norte,38.0,0,6,1,962.45,6.0,1,0,0,WhatsApp,0,revisao_preco_fixo
C00148,Ranger,2016,226659,PJ_Frota,Sudeste,5.4,0,5,1,931.55,7.0,0,0,0,WhatsApp,1,plano_frota
C06900,Ranger,2016,121922,PF,Sudeste,10.9,0,3,52,1117.19,7.0,0,0,0,WhatsApp,1,checkup_gratuito
C00281,Ka,2014,125369,PF,Centro Oeste,36.1,0,2,55,975.19,7.0,0,0,0,App FordPass,1,checkup_gratuito
C01945,Transit,2025,18179,PF,Nordeste,3.0,1,1,10,788.24,9.0,1,0,0,App FordPass,0,pacote_revisoes
C05972,Ranger,2020,213119,PJ_Frota,Nordeste,15.9,0,15,24,,,0,0,1,App FordPass,0,plano_frota
C06263,Bronco Sport,2025,11164,PF,Sudeste,18.6,1,0,4,807.73,7.0,1,0,0,WhatsApp,1,pacote_revisoes
C05528,Transit,2014,293085,PJ_Frota,Sul,,0,19,11,1101.3,5.0,0,1,0,E-mail,0,desconto_pecas
C05425,Territory,2016,167078,PF,Sudeste,10.1,0,7,8,1344.03,6.0,0,0,1,WhatsApp,0,desconto_pecas
C04664,Territory,2015,135566,PF,Sudeste,9.8,0,4,21,,5.0,0,0,3,WhatsApp,1,desconto_pecas
C09135,Territory,2018,128826,PF,Nordeste,25.6,0,6,11,1498.0,5.0,1,0,0,App FordPass,0,desconto_pecas
C04161,EcoSport,2020,60250,PF,Nordeste,10.4,0,4,10,726.83,5.0,1,1,0,WhatsApp,0,checkup_gratuito
C06486,EcoSport,2017,102481,PF,Nordeste,9.8,0,2,6,1125.52,,1,0,0,App FordPass,0,desconto_pecas
C09973,EcoSport,2017,88096,PF,Nordeste,15.6,0,4,12,655.54,10.0,0,0,0,WhatsApp,0,revisao_preco_fixo
C09835,Ka,2014,106151,PF,Nordeste,11.0,0,2,14,1009.08,6.0,0,0,1,WhatsApp,1,revisao_preco_fixo
C04588,Territory,2025,37286,PJ_Frota,Nordeste,50.9,1,3,2,359.31,7.0,0,0,0,E-mail,0,pacote_revisoes
C02942,Maverick,2016,175767,PF,Nordeste,43.2,0,9,20,1021.13,6.0,1,0,0,App FordPass,0,desconto_pecas
C03245,Ranger,2017,114797,PF,Norte,,0,1,60,1628.53,7.0,0,0,0,WhatsApp,1,revisao_preco_fixo
C09191,EcoSport,2019,192238,PJ_Frota,Sul,17.5,0,9,23,917.93,7.0,1,0,1,E-mail,0,desconto_pecas
C07743,Mustang,2020,69171,PF,Centro-Oeste,16.9,0,6,40,1546.9,8.0,1,0,1,App FordPass,1,revisao_preco_fixo
C03774,Maverick,2018,121633,PF,Centro Oeste,17.2,0,1,60,652.31,7.0,0,1,0,WhatsApp,1,checkup_gratuito
C01932,Bronco Sport,2024,27752,PF,Sudeste,4.9,1,2,1,2072.23,9.0,0,0,0,App FordPass,0,pacote_revisoes
C07130,Ranger,2026,4433,PF,Norte,35.8,1,0,3,1510.76,5.0,1,0,0,E-mail,0,revisao_preco_fixo
C01657,Maverick,2014,166057,PF,Nordeste,12.6,0,3,51,855.02,8.0,0,0,0,WhatsApp,1,desconto_pecas
C03251,Ranger,2022,64960,PF,Sudeste,8.3,0,2,10,786.95,5.0,0,0,1,,1,checkup_gratuito
C08897,EcoSport,2018,244828,PJ_Frota,Centro-Oeste,21.2,0,15,14,855.95,6.0,0,0,1,E-mail,0,desconto_pecas
C07425,Ka,2021,35613,PF,Norte,25.1,0,4,4,612.61,,0,0,3,WhatsApp,1,checkup_gratuito
C06463,EcoSport,2016,184419,PF,Sudeste,3.8,0,12,12,1057.45,9.0,1,0,0,WhatsApp,0,desconto_pecas
C01484,Territory,2019,74109,PF,Sudeste,8.8,0,2,22,687.78,7.0,0,0,0,WhatsApp,0,desconto_pecas
C00426,EcoSport,2019,88312,PF,Sudeste,2.3,0,3,18,655.05,10.0,0,0,0,App FordPass,0,pacote_revisoes
C03047,Territory,2020,89616,PF,Nordeste,14.4,0,3,3,1044.06,8.0,1,0,0,WhatsApp,0,revisao_preco_fixo
C05329,EcoSport,2017,113984,PF,Sudeste,5.7,0,10,16,908.26,9.0,0,0,0,WhatsApp,0,revisao_preco_fixo
C06360,EcoSport,2015,174642,PF,Sudeste,6.3,0,7,60,,5.0,0,0,0,Ligacao,1,checkup_gratuito
C03892,Ranger,2026,2930,PF,Centro-Oeste,6.3,1,0,2,1345.88,9.0,1,0,0,WhatsApp,0,pacote_revisoes
C00454,Ka,2016,133932,PF,Sudeste,11.6,0,2,24,573.34,5.0,0,0,0,Ligacao,0,checkup_gratuito
C03022,Ranger,2019,78003,PF,Nordeste,12.4,0,1,8,1152.41,6.0,1,0,0,E-mail,1,revisao_preco_fixo
C07368,Mustang,2023,68776,PF,Nordeste,6.8,1,5,1,965.21,10.0,1,0,0,App FordPass,0,pacote_revisoes
C01591,Ka,2019,121895,PF,Sudeste,2.1,0,10,60,723.31,6.0,0,0,1,WhatsApp,1,checkup_gratuito
C00505,Maverick,2015,70402,PF,Nordeste,15.0,0,5,10,1396.19,6.0,0,0,0,E-mail,0,checkup_gratuito
C04177,Transit,2022,74954,PJ_Frota,Centro-Oeste,4.9,0,4,1,863.34,6.0,1,0,0,E-mail,0,plano_frota
C06927,Mustang,2017,280057,PJ_Frota,Sudeste,20.5,0,12,8,1789.37,8.0,0,0,0,WhatsApp,0,desconto_pecas
C00207,Territory,2025,15253,PF,Sudeste,3.1,1,0,4,433.88,4.0,1,1,1,E-mail,0,checkup_gratuito
C01177,Ranger,2016,131212,PF,Nordeste,20.4,0,8,50,1523.21,6.0,0,0,0,Ligacao,1,checkup_gratuito
C05961,Ka,2020,96128,PF,Sul,29.1,0,5,9,626.9,3.0,0,0,1,E-mail,0,desconto_pecas
C05770,Maverick,2014,153339,PF,Norte,,0,3,13,594.56,10.0,0,0,0,WhatsApp,1,desconto_pecas
C05390,Territory,2025,11654,PF,Sul,2.5,1,0,7,905.32,7.0,0,0,0,,0,pacote_revisoes
C02055,Ranger,2018,132555,PJ_Frota,Sul,21.5,0,5,60,1096.17,7.0,0,0,0,WhatsApp,1,checkup_gratuito
C04320,Maverick,2017,-88686,PF,Sul,15.5,0,6,60,902.62,6.0,1,0,0,App FordPass,1,checkup_gratuito
C00495,Ranger,2020,76111,PF,Centro-Oeste,73.8,0,0,20,1854.98,6.0,0,0,0,App FordPass,1,checkup_gratuito
C04286,Mustang,2017,122045,PF,Sul,10.0,0,8,16,2281.4,5.0,1,0,0,Ligacao,0,revisao_preco_fixo
C03385,Territory,2021,198222,PJ_Frota,Sudeste,15.1,0,15,3,945.85,6.0,1,0,0,WhatsApp,0,plano_frota
C01237,Ranger,2025,9767,PF,Nordeste,14.6,1,1,2,644.18,,0,0,0,E-mail,0,pacote_revisoes
C03935,EcoSport,2019,61636,PF,Sudeste,6.5,0,7,19,1133.99,9.0,1,0,0,App FordPass,0,revisao_preco_fixo
C09940,Mustang,2022,153400,PJ_Frota,Norte,60.8,0,2,18,1575.93,5.0,0,0,0,WhatsApp,1,desconto_pecas
C08497,Mustang,2018,116394,PF,Nordeste,18.3,0,11,3,2381.25,4.0,1,0,1,WhatsApp,0,revisao_preco_fixo
C04540,Ka,2019,81111,PF,Nordeste,20.1,0,5,1,565.16,7.0,1,0,1,App FordPass,0,revisao_preco_fixo
C09093,EcoSport,2016,63754,PF,Nordeste,21.5,0,9,0,1072.13,10.0,1,0,1,WhatsApp,0,desconto_pecas
C02354,Ranger,2016,213694,PF,Sudeste,6.8,0,14,60,1539.09,5.0,0,0,1,Ligacao,0,checkup_gratuito
C05843,Territory,2025,13546,PF,Sudeste,3.3,1,1,11,944.53,10.0,1,0,0,App FordPass,0,pacote_revisoes
C08137,Ka,2021,57621,PF,Norte,184.6,0,0,16,645.02,5.0,0,0,0,WhatsApp,1,revisao_preco_fixo
C06208,Ka,2014,192827,PF,Nordeste,5.3,0,13,58,806.43,,0,0,0,WhatsApp,1,checkup_gratuito
C02603,Bronco Sport,2016,153854,PF,Sudeste,10.8,0,13,21,764.81,6.0,0,0,0,E-mail,0,checkup_gratuito
C04682,Bronco Sport,2015,143297,PF,Norte,53.1,0,2,37,1211.6,4.0,0,0,0,App FordPass,1,desconto_pecas
C05700,Maverick,2022,74891,PF,norte,86.7,0,2,5,1037.33,8.0,0,0,1,E-mail,1,pacote_revisoes
C06457,Bronco Sport,2024,28038,PF,Centro Oeste,33.2,1,2,1,943.52,6.0,1,0,0,App FordPass,0,pacote_revisoes
C09483,Territory,2019,84781,PF,Centro-Oeste,30.9,0,4,10,,5.0,0,0,1,Ligacao,1,revisao_preco_fixo
C01008,Bronco Sport,2025,19715,PF,Sudeste,9.8,1,1,4,908.82,7.0,0,0,0,App FordPass,0,plano_frota
C02899,Ranger,2022,65288,PF,Sudeste,10.5,0,6,4,1735.43,7.0,0,0,0,WhatsApp,0,revisao_preco_fixo
C09126,EcoSport,2017,79326,PF,Sudeste,4.5,0,4,39,802.97,,0,0,0,WhatsApp,1,checkup_gratuito
C00753,Ranger,2031,44243,PF,Sudeste,12.2,0,2,6,1135.78,8.0,1,0,0,WhatsApp,0,revisao_preco_fixo
C08309,Transit,2025,7737,PF,Sudeste,4.1,1,1,1,893.84,8.0,0,0,0,WhatsApp,0,pacote_revisoes
C06801,Territory,2015,120006,PF,Sudeste,29.6,0,3,60,1942.87,,0,0,0,WhatsApp,1,desconto_pecas
C07922,Maverick,2022,50184,PF,norte,22.6,0,0,0,877.39,,0,0,0,WhatsApp,0,pacote_revisoes
C08657,Ranger,2031,56718,PF,Sudeste,4.9,1,2,3,962.05,7.0,0,0,0,Ligacao,0,pacote_revisoes
C04366,Ranger,2017,244822,PJ_Frota,Centro-Oeste,30.3,0,17,60,1321.71,6.0,1,0,2,E-mail,1,checkup_gratuito
C06012,Ka,2020,61279,PF,Nordeste,20.1,0,0,15,786.42,5.0,0,1,2,WhatsApp,1,revisao_preco_fixo
C07644,Territory,2022,77635,PF,Sudeste,18.6,0,7,8,1211.22,8.0,1,0,0,App FordPass,0,revisao_preco_fixo
C02057,Ranger,2014,106907,PF,Norte,39.0,0,8,8,1689.24,6.0,0,0,1,App FordPass,1,revisao_preco_fixo
C03311,Transit,2014,201047,PF,Nordeste,24.7,0,5,60,,5.0,0,0,0,,1,checkup_gratuito
C03832,Ranger,2025,35896,PJ_Frota,Sudeste,5.9,1,3,1,1175.59,8.0,0,0,0,WhatsApp,0,plano_frota
C02018,Territory,2024,25412,PF,Sul,6.8,1,2,1,1160.72,6.0,0,0,0,WhatsApp,0,pacote_revisoes
C03486,Territory,2019,111177,PF,Sudeste,3.0,0,6,12,1353.71,9.0,0,0,1,WhatsApp,1,revisao_preco_fixo
C03786,Transit,2017,428929,PJ_Frota,Sul,7.4,0,12,39,1239.81,,0,0,0,WhatsApp,1,desconto_pecas
C07051,EcoSport,2015,188298,PF,Sudeste,21.0,0,17,43,1450.88,10.0,0,0,0,WhatsApp,1,revisao_preco_fixo
C06729,Territory,2018,159184,PF,Centro-Oeste,52.9,0,9,3,767.29,7.0,0,0,0,App FordPass,1,desconto_pecas
C02925,Territory,2021,124149,PF,Sudeste,14.2,0,9,1,737.2,8.0,1,0,0,WhatsApp,0,desconto_pecas
C06207,EcoSport,2015,204568,PF,Sudeste,8.1,0,10,14,750.55,8.0,0,0,0,App FordPass,0,desconto_pecas
C02176,Ranger,2018,114068,PF,Sudeste,7.9,0,6,45,1209.83,7.0,1,0,0,E-mail,1,revisao_preco_fixo
C08301,Ranger,2018,365949,PJ_Frota,Sudeste,6.8,0,26,26,1066.88,5.0,0,0,0,WhatsApp,1,desconto_pecas
C00801,EcoSport,2018,96841,PF,Sudeste,8.0,0,7,2,643.75,7.0,0,0,0,WhatsApp,0,desconto_pecas
C01244,EcoSport,2014,248846,PF,Centro-Oeste,47.8,0,8,13,781.75,5.0,1,0,0,App FordPass,0,checkup_gratuito
C01189,Territory,2022,129112,PF,Sudeste,12.9,0,6,10,1200.37,9.0,1,0,0,App FordPass,0,revisao_preco_fixo
C02303,Ranger,2015,123667,PF,Sul,18.3,0,1,17,1010.18,5.0,0,0,0,Ligacao,0,desconto_pecas
C05057,Ranger,2014,212644,PF,Centro-Oeste,9.8,0,5,30,1495.14,6.0,1,0,1,WhatsApp,1,revisao_preco_fixo
C07588,Territory,2021,55541,PF,Sul,21.5,0,4,11,937.83,,0,0,1,E-mail,1,revisao_preco_fixo
C04119,Ranger,2019,100875,PF,Sudeste,10.9,0,5,60,,,0,0,0,WhatsApp,1,checkup_gratuito
C03276,Ranger,2025,10465,PF,Sul,9.5,1,1,1,991.64,9.0,1,1,1,WhatsApp,0,revisao_preco_fixo
C08296,Territory,2023,22281,PF,Sudeste,7.4,1,1,0,926.38,8.0,1,0,0,WhatsApp,0,pacote_revisoes
C05889,Ka,2016,103697,PF,Sudeste,5.8,0,9,6,501.78,7.0,1,0,0,App FordPass,0,pacote_revisoes
C03621,EcoSport,2019,115800,PF,Sul,11.9,0,8,2,855.64,7.0,0,0,1,WhatsApp,0,revisao_preco_fixo
C09690,Ranger,2017,372831,PJ_Frota,Nordeste,22.3,0,13,26,1515.02,6.0,0,0,1,WhatsApp,1,desconto_pecas
C00700,EcoSport,2016,130707,PF,Nordeste,20.3,0,2,60,523.14,,0,0,0,App FordPass,1,checkup_gratuito
C03340,EcoSport,2014,159819,PF,Sudeste,11.0,0,7,28,891.97,5.0,1,0,0,Ligacao,1,checkup_gratuito
C07210,Ranger,2020,23806,PF,Nordeste,25.4,0,4,11,1281.74,8.0,0,0,0,App FordPass,1,revisao_preco_fixo
C08533,Transit,2021,74491,PF,Centro-Oeste,21.3,0,3,60,864.93,7.0,0,0,0,Ligacao,1,checkup_gratuito
C01667,EcoSport,2019,103112,PF,Centro-Oeste,20.8,0,6,2,1140.62,7.0,0,0,0,WhatsApp,0,revisao_preco_fixo
C03198,Ka,2018,187711,PF,Sudeste,3.7,0,6,34,572.29,6.0,0,0,1,WhatsApp,0,desconto_pecas
C08894,Ranger,2023,39208,PF,Norte,36.0,1,1,5,734.22,7.0,1,0,0,App FordPass,0,pacote_revisoes
C01242,Ranger,2024,49495,PJ_Frota,Sul,12.2,1,2,6,860.79,5.0,1,0,0,App FordPass,0,checkup_gratuito
C08400,Ranger,2022,47249,PF,Nordeste,16.9,0,1,14,1256.45,8.0,1,0,0,App FordPass,0,revisao_preco_fixo
C05080,Ka,2019,61207,PF,SUDESTE,7.8,0,2,22,951.9,7.0,0,0,0,,0,revisao_preco_fixo
C05576,Transit,2020,55761,PF,Norte,54.5,0,2,22,556.92,7.0,1,0,0,WhatsApp,0,revisao_preco_fixo
C08868,Ranger,2025,16421,PJ_Frota,Sudeste,17.8,1,1,0,837.88,10.0,1,0,0,Ligacao,0,plano_frota
C09703,EcoSport,2021,62904,PF,Sudeste,19.0,0,2,0,764.15,6.0,1,0,0,E-mail,1,revisao_preco_fixo
C03079,EcoSport,2016,103631,PF,Norte,28.3,0,3,10,585.68,9.0,0,0,0,App FordPass,0,desconto_pecas
C07154,Maverick,2020,37838,PF,Norte,28.3,0,0,60,1172.21,6.0,0,0,0,WhatsApp,1,revisao_preco_fixo
C07212,Territory,2021,39354,PF,Sul,5.5,0,2,21,1268.66,9.0,1,0,0,App FordPass,1,revisao_preco_fixo
C03686,EcoSport,2016,128366,PF,Sul,7.4,0,11,4,474.46,,0,0,0,WhatsApp,0,desconto_pecas
C05344,EcoSport,2015,129627,PF,Sul,13.1,0,7,60,872.91,5.0,0,0,0,Ligacao,1,checkup_gratuito
C05975,EcoSport,2016,96564,PF,Nordeste,20.3,0,5,40,615.71,2.0,0,0,1,WhatsApp,1,checkup_gratuito
C05782,Ranger,2019,110856,PJ_Frota,Sul,20.2,0,6,27,711.84,6.0,0,1,1,Ligacao,0,plano_frota
C05512,Ranger,2017,88937,PF,norte,32.6,0,3,10,1666.22,8.0,0,0,0,WhatsApp,1,desconto_pecas
C07838,Bronco Sport,2021,39405,PF,Sul,10.7,0,2,15,1375.14,7.0,1,0,0,E-mail,0,revisao_preco_fixo
C01818,Ranger,2023,55362,PJ_Frota,Sudeste,14.1,1,4,1,672.14,10.0,1,0,0,E-mail,0,plano_frota
C02838,Ranger,2021,184971,PJ_Frota,Sul,14.5,0,12,7,1210.25,7.0,1,0,0,E-mail,0,plano_frota
C01988,Transit,2026,8026,PJ_Frota,Norte,37.3,1,0,0,864.85,6.0,1,0,1,WhatsApp,0,plano_frota
C09633,EcoSport,2019,84535,PF,Sudeste,18.8,0,2,5,403.61,5.0,0,0,1,WhatsApp,1,checkup_gratuito
C04641,Ka,2021,58621,PF,Nordeste,56.3,0,3,3,729.52,6.0,0,0,1,WhatsApp,1,revisao_preco_fixo
C02569,Transit,2025,19029,PJ_Frota,Sul,11.2,1,1,2,816.82,6.0,1,1,0,App FordPass,0,plano_frota
C05027,EcoSport,2019,72729,PF,Sul,9.2,0,3,60,957.71,6.0,0,0,1,WhatsApp,1,checkup_gratuito
C08434,Bronco Sport,2022,46871,PF,Centro-Oeste,20.4,0,2,8,1450.21,6.0,0,0,0,WhatsApp,1,revisao_preco_fixo
C09642,Mustang,2022,32056,PF,Sudeste,7.0,0,0,1,1590.46,8.0,0,0,1,App FordPass,1,revisao_preco_fixo
C07725,Ranger,2014,166007,PF,Nordeste,13.5,0,6,13,1444.22,5.0,0,0,1,App FordPass,1,desconto_pecas
C00198,Ka,2014,267448,PF,Nordeste,10.6,0,12,60,762.93,9.0,0,0,0,WhatsApp,1,desconto_pecas
C02171,EcoSport,2021,48102,PF,Centro-Oeste,14.2,0,5,13,533.42,6.0,0,0,0,Ligacao,0,revisao_preco_fixo
C04032,Territory,2022,39345,PF,Sudeste,3.6,0,2,13,1186.91,9.0,0,0,0,E-mail,0,revisao_preco_fixo
C02512,Ka,2019,126931,PF,Sudeste,4.0,0,8,60,498.03,6.0,0,0,0,App FordPass,1,desconto_pecas
C03690,Ka,2016,93591,PF,Sudeste,12.8,0,5,57,573.02,,0,0,0,WhatsApp,1,checkup_gratuito
C08179,Ranger,2017,112692,PF,Centro-Oeste,19.5,0,1,16,1563.68,,0,0,0,App FordPass,1,revisao_preco_fixo
C04795,Ka,2015,108171,PF,Nordeste,17.3,0,3,25,444.66,8.0,0,0,0,Ligacao,1,desconto_pecas
C09874,EcoSport,2017,145130,PF,Sudeste,7.8,0,9,40,392.1,4.0,0,0,0,WhatsApp,1,checkup_gratuito
C08832,Ka,2014,433179,PJ_Frota,Centro-Oeste,21.1,0,20,50,528.77,6.0,0,1,0,WhatsApp,1,desconto_pecas
C01434,EcoSport,2016,92766,PF,Sul,21.8,0,6,20,497.07,,0,0,0,E-mail,0,revisao_preco_fixo
C09780,Ka,2018,198958,PF,Centro-Oeste,17.8,0,6,20,929.82,7.0,0,0,1,Ligacao,1,desconto_pecas
C08706,Ka,2014,82006,PF,Sul,9.8,0,9,12,,8.0,0,0,0,E-mail,1,desconto_pecas
C09813,Ka,2021,53210,PF,Sudeste,7.7,0,0,1,584.12,9.0,0,0,0,E-mail,1,desconto_pecas
C08554,Maverick,2014,238188,PF,Centro-Oeste,29.4,0,19,5,739.51,,0,0,0,Ligacao,0,desconto_pecas
C05232,Ranger,2020,88628,PF,Sudeste,14.2,0,7,0,672.63,8.0,1,0,0,E-mail,0,revisao_preco_fixo
C01211,Maverick,2022,32336,PF,Nordeste,11.6,0,3,6,960.44,9.0,0,0,0,WhatsApp,0,revisao_preco_fixo
C07261,Maverick,2024,29785,PF,Sudeste,18.0,1,1,15,532.3,6.0,1,0,1,WhatsApp,0,pacote_revisoes
C04539,Ranger,2014,153087,PF,Nordeste,56.9,0,3,60,1722.1,8.0,0,0,0,Ligacao,1,checkup_gratuito
C06642,EcoSport,2016,141249,PF,Sul,8.7,0,10,7,,8.0,0,0,0,WhatsApp,1,revisao_preco_fixo
C00030,Bronco Sport,2016,136395,PF,Sul,4.6,0,10,8,1252.12,10.0,0,0,0,App FordPass,0,desconto_pecas
C03604,Transit,2014,458480,PJ_Frota,Sudeste,24.8,0,27,41,1040.88,8.0,0,0,0,WhatsApp,1,desconto_pecas
C03036,Territory,2015,55163,PF,Norte,15.1,0,2,60,1364.72,6.0,0,0,0,WhatsApp,1,checkup_gratuito
C01737,EcoSport,2016,169718,PF,Centro-Oeste,8.7,0,11,13,604.45,9.0,0,0,0,E-mail,1,desconto_pecas
C02537,Ranger,2016,116705,PF,Sul,30.3,0,2,16,1228.37,7.0,0,0,0,E-mail,1,revisao_preco_fixo
C03631,Transit,2016,140770,PF,Centro-Oeste,11.6,0,3,21,,6.0,1,0,0,App FordPass,1,checkup_gratuito
C04813,Transit,2024,36875,PJ_Frota,Sudeste,12.3,1,3,2,904.71,10.0,1,0,0,App FordPass,0,plano_frota
C01958,Maverick,2018,95379,PF,Nordeste,8.0,0,4,13,920.03,5.0,1,0,2,App FordPass,0,checkup_gratuito
C01542,Ranger,2018,267652,PJ_Frota,Sudeste,,0,3,4,1852.55,6.0,0,0,0,WhatsApp,1,desconto_pecas
C07387,Ka,2016,162458,PF,Nordeste,20.7,0,14,15,997.86,,0,0,0,E-mail,0,desconto_pecas
C07576,Mustang,2017,122741,PF,Centro-Oeste,19.5,0,2,23,1880.03,8.0,0,0,0,WhatsApp,1,revisao_preco_fixo
C04706,Ka,2019,81366,PF,Sudeste,11.3,0,6,48,422.86,8.0,0,0,0,WhatsApp,0,checkup_gratuito
C07568,Mustang,2018,83108,PF,Sudeste,13.7,0,4,60,2145.56,6.0,0,0,0,WhatsApp,1,checkup_gratuito
C03546,Ranger,2019,161455,PJ_Frota,Norte,30.0,0,10,41,1122.44,8.0,1,0,0,Ligacao,1,plano_frota
C02304,Ranger,2024,15627,PF,Nordeste,31.0,1,2,4,942.49,5.0,1,0,0,App FordPass,0,pacote_revisoes
C07926,Ka,2016,189395,PF,Sudeste,7.8,0,12,52,575.79,9.0,0,0,0,WhatsApp,1,checkup_gratuito
C09208,EcoSport,2015,126433,PF,Sudeste,6.2,0,6,60,518.8,7.0,0,0,0,E-mail,1,checkup_gratuito
C06343,Ranger,2014,293288,PF,Sudeste,13.5,0,12,51,1028.94,3.0,0,0,0,App FordPass,1,checkup_gratuito
C06628,EcoSport,2020,120489,PF,SUDESTE,3.1,0,4,22,523.31,,0,0,0,E-mail,1,desconto_pecas
C07089,EcoSport,2017,90706,PF,Nordeste,8.8,0,5,34,935.89,6.0,1,0,0,WhatsApp,1,pacote_revisoes
C05554,Territory,2024,40609,PF,Nordeste,6.7,1,3,2,854.54,8.0,1,0,0,Ligacao,0,pacote_revisoes
C07695,Territory,2022,78600,PF,norte,13.5,0,2,13,761.7,5.0,0,0,0,WhatsApp,0,revisao_preco_fixo
C03416,Territory,2015,415687,PJ_Frota,Centro-Oeste,13.2,0,37,15,,4.0,0,0,1,WhatsApp,0,desconto_pecas
C04432,Maverick,2017,129560,PF,Centro-Oeste,40.3,0,3,5,1306.65,5.0,0,1,0,WhatsApp,1,checkup_gratuito
C02854,Bronco Sport,2015,161783,PF,Norte,30.9,0,13,38,2193.13,6.0,0,0,0,WhatsApp,1,revisao_preco_fixo
C02132,Transit,2017,149857,PJ_Frota,Sudeste,16.0,0,11,49,867.54,8.0,0,0,0,App FordPass,1,plano_frota
C03579,Ka,2017,73593,PF,Sudeste,10.3,0,7,7,716.94,10.0,0,0,0,WhatsApp,0,desconto_pecas
C01589,Ka,2014,197812,PF,Sudeste,13.4,0,6,12,503.88,8.0,0,0,0,Ligacao,0,desconto_pecas
C08378,Ranger,2017,-165003,PF,Norte,87.5,0,2,18,995.57,4.0,0,0,0,WhatsApp,1,revisao_preco_fixo
C07322,Ranger,2025,13707,PF,Norte,43.6,1,0,12,818.82,,0,0,0,Ligacao,0,pacote_revisoes
C04958,Ranger,2025,7817,PF,Centro-Oeste,27.0,1,1,2,853.3,7.0,0,0,0,App FordPass,0,pacote_revisoes
C00259,Territory,2023,24766,PF,Norte,57.1,1,3,1,650.06,7.0,0,0,0,E-mail,0,pacote_revisoes
C05941,Territory,2024,22138,PF,Nordeste,19.8,1,2,1,738.89,7.0,1,0,0,,0,pacote_revisoes
C03533,Ka,2017,83744,PF,Norte,21.7,0,1,46,,,1,0,0,Ligacao,1,checkup_gratuito
C07016,Ranger,2018,65270,PF,Nordeste ,5.4,0,5,60,1210.14,6.0,0,0,0,WhatsApp,1,checkup_gratuito
C02003,Territory,2022,195220,PJ_Frota,norte,10.3,0,13,0,,,1,0,0,App FordPass,0,plano_frota
C09077,Territory,2021,37203,PF,Nordeste,11.5,0,0,10,858.5,8.0,0,0,0,E-mail,0,revisao_preco_fixo
C02125,Ranger,2023,94845,PJ_Frota,Centro-Oeste,42.0,1,4,1,1444.82,6.0,1,0,0,WhatsApp,0,plano_frota
C05805,Bronco Sport,2021,69340,PF,Centro-Oeste,16.8,0,3,4,1006.87,3.0,0,0,0,WhatsApp,1,revisao_preco_fixo
C07587,Transit,2015,447769,PJ_Frota,Sudeste,6.7,0,26,60,1146.99,,0,0,1,App FordPass,1,desconto_pecas
C00649,Ka,2014,-353533,PJ_Frota,Sudeste,4.1,0,21,60,1278.92,5.0,0,0,0,WhatsApp,1,checkup_gratuito
C07632,Mustang,2015,120026,PF,Sudeste,2.2,0,3,2,1798.05,8.0,0,0,0,WhatsApp,1,desconto_pecas
C01985,Transit,2020,202643,PJ_Frota,Sudeste,4.6,0,16,9,1638.62,7.0,0,0,1,E-mail,0,plano_frota
C07206,Ranger,2017,110436,PJ_Frota,Centro-Oeste,23.7,0,6,12,926.96,,1,0,0,App FordPass,1,plano_frota
C09630,Maverick,2018,102788,PF,Nordeste,18.2,0,4,58,1033.99,8.0,1,0,0,WhatsApp,1,checkup_gratuito
C04448,Ranger,2017,119754,PF,Nordeste,37.8,0,10,2,1505.79,4.0,1,0,0,App FordPass,0,checkup_gratuito
C02689,Ranger,2014,186459,PF,Nordeste,14.1,0,10,21,1359.75,,0,0,0,WhatsApp,0,plano_frota
C01432,Ka,2018,156050,PF,Nordeste,11.2,0,10,2,589.15,,0,0,0,Ligacao,0,pacote_revisoes
C03848,EcoSport,2017,84902,PF,Centro-Oeste,20.3,0,6,11,859.06,,0,0,0,App FordPass,0,revisao_preco_fixo
C07237,Territory,2021,121289,PJ_Frota,Sul,30.9,0,2,33,1140.79,6.0,0,0,0,,1,plano_frota
C01630,Ranger,2025,47781,PJ_Frota,Nordeste,18.0,1,2,9,940.9,7.0,0,0,0,App FordPass,0,plano_frota
C00369,Mustang,2017,64963,PF,Norte,27.5,0,8,0,3262.38,6.0,0,0,0,WhatsApp,0,revisao_preco_fixo
C04350,Ka,2015,80254,PF,SUDESTE,7.8,0,3,50,1237.95,7.0,1,0,0,WhatsApp,0,checkup_gratuito
C01030,Territory,2024,30494,PF,Sudeste,6.1,1,2,11,555.47,,1,0,0,WhatsApp,0,pacote_revisoes
C01315,Territory,2015,182731,PF,Sudeste,17.2,0,11,4,719.22,7.0,0,0,0,Ligacao,0,desconto_pecas
C00748,Maverick,2015,92264,PF,Sudeste,22.0,0,8,38,1468.63,9.0,1,0,0,App FordPass,0,desconto_pecas
C00946,Bronco Sport,2021,101399,PF,norte,23.3,0,4,4,1240.53,7.0,0,0,0,App FordPass,1,revisao_preco_fixo
C05642,Maverick,2017,100300,PF,Sudeste,14.8,0,5,37,846.71,9.0,0,0,2,E-mail,0,checkup_gratuito
C05113,Transit,2018,215833,PJ_Frota,Norte,30.9,0,6,20,1325.43,9.0,0,0,1,WhatsApp,1,plano_frota
C08664,Ka,2019,82974,PF,Sudeste,7.1,0,3,43,809.46,7.0,0,1,0,WhatsApp,1,revisao_preco_fixo
C05211,EcoSport,2014,253712,PF,Sudeste,10.7,0,13,42,663.56,8.0,0,0,0,WhatsApp,0,desconto_pecas
C00860,Bronco Sport,2021,86248,PF,Sudeste,3.8,0,4,14,535.97,9.0,0,0,1,WhatsApp,0,revisao_preco_fixo
C06672,Ranger,2017,115840,PF,Sudeste,3.6,0,5,7,1108.76,9.0,1,0,1,App FordPass,0,desconto_pecas
C05854,Ka,2020,97141,PF,Norte,24.9,0,5,9,593.13,6.0,0,0,0,WhatsApp,0,desconto_pecas
C09159,Ranger,2022,27090,PF,Sul,19.2,0,2,2,949.24,10.0,0,0,0,WhatsApp,0,revisao_preco_fixo
C00723,Transit,2014,695525,PJ_Frota,Sudeste,,0,25,45,671.34,8.0,0,0,1,WhatsApp,1,desconto_pecas
C04821,EcoSport,2019,68184,PF,Sul,9.6,0,5,9,547.74,6.0,1,0,0,WhatsApp,0,desconto_pecas
C08805,Ranger,2016,85275,PF,Sul,12.5,0,7,15,3799.79,7.0,0,0,1,WhatsApp,0,revisao_preco_fixo
C07080,Maverick,2026,2273,PF,Nordeste,22.9,1,0,5,,5.0,0,0,0,Ligacao,1,pacote_revisoes
C09963,Transit,2024,80585,PJ_Frota,Norte,65.9,1,6,0,865.87,9.0,1,0,1,App FordPass,0,plano_frota
C07542,Territory,2020,135797,PF,Sudeste,9.3,0,6,44,1711.74,7.0,0,0,1,Ligacao,0,revisao_preco_fixo
C01956,Ranger,2018,87999,PF,Nordeste,16.0,0,5,30,1124.78,7.0,0,0,0,App FordPass,0,desconto_pecas
C08073,Ranger,2021,204815,PJ_Frota,Sudeste,6.9,0,18,5,1029.42,9.0,1,0,0,App FordPass,1,plano_frota
C07225,Ka,2017,85921,PF,Sudeste,6.7,0,6,8,710.13,9.0,1,0,0,Ligacao,0,revisao_preco_fixo
C09654,Maverick,2019,-41728,PF,Sul,5.2,0,1,1,761.05,8.0,0,0,0,App FordPass,1,revisao_preco_fixo
C08483,Ranger,2021,105526,PJ_Frota,Nordeste,8.2,0,3,8,821.98,5.0,0,1,1,Ligacao,1,plano_frota
C04886,Ka,2014,207544,PF,Sul,11.0,0,13,60,521.23,,0,0,1,Ligacao,1,checkup_gratuito
C08551,Territory,2019,66325,PF,Sudeste,7.6,0,4,56,1249.27,4.0,0,0,0,Ligacao,1,revisao_preco_fixo
C08750,Bronco Sport,2020,77907,PF,Sudeste,10.2,0,7,5,1307.99,9.0,0,0,0,WhatsApp,0,revisao_preco_fixo
C06772,Ranger,2016,102733,PF,Norte,26.2,0,6,60,1151.45,5.0,0,0,2,WhatsApp,1,checkup_gratuito
C02847,Ka,2016,94580,PF,Nordeste,7.5,0,9,19,655.29,6.0,0,0,0,Ligacao,1,desconto_pecas
C07929,Territory,2020,60524,PF,Nordeste,9.7,0,6,40,866.4,10.0,0,1,0,App FordPass,0,pacote_revisoes
C08684,EcoSport,2020,60085,PF,Norte,,0,4,26,925.16,5.0,0,0,0,E-mail,0,revisao_preco_fixo
C01254,Ka,2016,202584,PF,Sul,10.7,0,13,39,699.59,,0,0,0,WhatsApp,1,checkup_gratuito
C08159,EcoSport,2017,104782,PF,Sudeste,3.2,0,4,38,568.54,8.0,1,0,1,WhatsApp,1,revisao_preco_fixo
C05054,Maverick,2016,312196,PJ_Frota,Centro-Oeste,16.5,0,24,60,1460.9,10.0,0,0,0,WhatsApp,1,plano_frota
C05555,Maverick,2020,86767,PF,Sul,15.9,0,6,10,769.82,5.0,0,1,0,Ligacao,0,checkup_gratuito
C07930,EcoSport,2017,136670,PF,Sudeste,23.5,0,2,44,330.29,4.0,0,0,0,WhatsApp,1,checkup_gratuito
C02295,Ka,2019,82487,PF,Nordeste,21.1,0,5,34,819.29,9.0,0,0,0,E-mail,1,desconto_pecas
C02333,Ka,2014,370882,PF,Sudeste,8.3,0,18,2,448.95,8.0,0,0,1,Ligacao,0,desconto_pecas
C06228,Ranger,2023,68027,PJ_Frota,Sudeste,6.0,1,5,2,1246.99,8.0,1,0,0,Ligacao,0,plano_frota
C08762,EcoSport,2021,88734,PF,Nordeste,38.3,0,5,15,678.61,6.0,1,0,0,App FordPass,0,checkup_gratuito
C06674,Territory,2015,205082,PF,Sul,12.6,0,12,46,1191.01,7.0,1,0,0,App FordPass,1,desconto_pecas
C06749,Territory,2018,86347,PF,Sul,15.1,0,3,16,840.7,10.0,0,0,0,E-mail,0,checkup_gratuito
C02113,Territory,2016,187699,PF,Sudeste,11.3,0,8,17,1036.13,8.0,0,0,0,Ligacao,1,desconto_pecas
C01957,Ka,2018,102808,PF,Sudeste,2.5,0,2,18,839.9,7.0,0,0,0,WhatsApp,0,revisao_preco_fixo
C02321,Ka,2021,54019,PF,Sudeste,21.9,0,3,35,717.27,4.0,0,0,1,WhatsApp,1,revisao_preco_fixo
C07578,Ka,2018,160729,PF,Nordeste,19.6,0,11,31,975.12,7.0,0,0,0,WhatsApp,1,revisao_preco_fixo
C03694,Bronco Sport,2018,57198,PF,Sudeste,7.7,0,2,35,895.34,7.0,0,0,0,App FordPass,1,revisao_preco_fixo
C04687,Ranger,2026,7434,PJ_Frota,Sul,20.5,1,0,4,1015.9,9.0,0,0,0,WhatsApp,0,plano_frota
C02834,Territory,2019,118341,PF,Sudeste,36.0,0,2,60,1367.24,8.0,0,0,0,WhatsApp,1,checkup_gratuito
C06254,Mustang,2017,113874,PF,Sudeste,2.6,0,0,60,2264.07,4.0,0,0,1,WhatsApp,1,checkup_gratuito
C00570,EcoSport,2014,128282,PF,Sul,14.3,0,5,0,785.53,10.0,0,1,0,,0,desconto_pecas
C08879,Ranger,2017,115133,PF,sul,8.6,0,6,27,1091.35,8.0,0,0,0,WhatsApp,0,desconto_pecas
C05378,EcoSport,2014,95235,PF,Sudeste,5.6,0,3,60,1453.65,4.0,1,0,1,WhatsApp,1,checkup_gratuito
C04572,Ka,2015,111719,PF,Sudeste,2.3,0,3,50,858.59,,0,0,0,E-mail,1,desconto_pecas
C01525,Ka,2021,66044,PF,Nordeste ,44.7,0,5,32,726.75,10.0,1,0,0,App FordPass,0,checkup_gratuito
C02562,Bronco Sport,2015,142567,PF,Nordeste,11.4,0,6,60,1572.07,4.0,0,0,1,WhatsApp,1,checkup_gratuito
C09987,Maverick,2018,129694,PF,Nordeste,12.9,0,10,27,512.32,10.0,0,0,0,App FordPass,1,checkup_gratuito
C01978,Bronco Sport,2022,79249,PJ_Frota,Sudeste,5.4,0,4,5,528.18,5.0,1,0,1,WhatsApp,0,plano_frota
C08020,Ka,2015,200755,PF,Centro-Oeste,15.0,0,13,60,499.55,8.0,0,0,2,WhatsApp,1,checkup_gratuito
C07256,Ranger,2020,58099,PF,Sul,11.4,0,4,60,1032.57,6.0,0,0,1,WhatsApp,1,checkup_gratuito
C09803,Bronco Sport,2020,124559,PF,Nordeste,27.9,0,0,37,1790.55,6.0,0,0,0,App FordPass,1,revisao_preco_fixo
C06552,Maverick,2015,177207,PF,Nordeste,40.6,0,2,5,1037.08,5.0,0,0,0,App FordPass,1,desconto_pecas
C00037,Ranger,2020,66467,PF,Nordeste,12.0,0,3,2,914.17,10.0,0,0,0,WhatsApp,0,revisao_preco_fixo
C05287,Ranger,2015,209634,PF,Sudeste,9.1,0,9,60,1333.12,9.0,0,0,0,WhatsApp,1,desconto_pecas
C02114,Ka,2017,60799,PF,Nordeste,17.3,0,3,12,679.89,,1,1,1,Ligacao,1,revisao_preco_fixo
C09304,Ka,2014,329637,PJ_Frota,Norte,50.1,0,14,60,598.31,6.0,1,1,1,E-mail,1,desconto_pecas
C04871,EcoSport,2020,96735,PF,Norte,39.9,0,4,17,1113.07,,1,0,0,App FordPass,0,revisao_preco_fixo
C01182,Ka,2019,81862,PF,Nordeste,22.0,0,7,7,,5.0,0,0,1,E-mail,0,pacote_revisoes
C03157,Ka,2020,62422,PF,Sul,11.5,0,3,13,710.75,8.0,1,0,0,E-mail,0,revisao_preco_fixo
C06535,Ka,2020,238069,PJ_Frota,Sudeste,14.1,0,15,60,450.73,10.0,0,0,0,App FordPass,1,checkup_gratuito
C04279,Bronco Sport,2019,84045,PF,Sudeste,15.3,0,4,11,838.5,7.0,1,0,0,Ligacao,0,checkup_gratuito
C09870,Ka,2016,97316,PF,Sudeste,28.9,0,2,15,560.35,7.0,0,0,0,E-mail,1,desconto_pecas
C09486,Territory,2018,105144,PF,Nordeste,11.1,0,2,53,744.56,,0,0,1,WhatsApp,1,checkup_gratuito
C07150,Ranger,2021,48204,PF,Centro-Oeste,35.1,0,3,8,856.06,,0,0,0,Ligacao,0,pacote_revisoes
C02529,Territory,2020,73904,PF,Sudeste,17.9,0,3,12,1203.75,7.0,0,0,0,WhatsApp,0,revisao_preco_fixo
C01501,Transit,2016,344369,PJ_Frota,Sul,18.7,0,11,5,1401.61,,0,0,1,WhatsApp,1,desconto_pecas
C05445,EcoSport,2018,60528,PF,Sudeste,2.2,0,2,8,668.22,8.0,1,0,0,WhatsApp,1,checkup_gratuito
C09348,Territory,2014,234251,PF,Centro-Oeste,53.5,0,10,21,1095.14,7.0,0,0,0,,1,desconto_pecas
C03045,Transit,2025,12072,PF,Nordeste,18.0,1,1,3,879.38,8.0,1,0,0,WhatsApp,0,pacote_revisoes
C05803,Territory,2023,40034,PF,norte,32.5,1,2,3,594.2,6.0,1,0,1,,0,pacote_revisoes
C08911,Ranger,2015,121264,PJ_Frota,Sudeste,13.1,0,7,60,1405.39,6.0,1,1,2,Ligacao,1,checkup_gratuito
C05077,Ka,2019,78464,PF,Nordeste,13.9,0,3,1,636.09,6.0,1,0,1,App FordPass,0,revisao_preco_fixo
C01815,Ranger,2017,99123,PF,Nordeste,7.4,0,7,7,1309.71,6.0,0,0,0,WhatsApp,1,plano_frota
C04072,Ranger,2026,11540,PJ_Frota,Sul,10.9,1,1,15,571.44,6.0,1,1,0,Ligacao,0,plano_frota
C07523,Ka,2018,107873,PF,Sudeste,9.3,0,7,13,543.23,,0,1,1,WhatsApp,1,checkup_gratuito
C05205,Ka,2014,213004,PF,Nordeste,38.2,0,20,55,954.3,8.0,0,0,0,WhatsApp,1,desconto_pecas
C01223,Territory,2023,46868,PF,Sul,6.0,1,4,1,1068.72,6.0,0,1,1,WhatsApp,0,pacote_revisoes
C08527,Territory,2024,21135,PF,Sudeste,7.6,1,2,10,737.5,10.0,0,0,0,App FordPass,0,pacote_revisoes
C07005,Ranger,2020,313368,PJ_Frota,SUDESTE,,0,18,21,943.09,6.0,1,0,0,E-mail,0,desconto_pecas
C04507,Ka,2020,59090,PF,Sudeste,5.0,0,1,4,542.37,9.0,0,1,0,WhatsApp,0,revisao_preco_fixo
C05567,Ka,2017,85881,PF,Sul,6.4,0,9,13,486.18,9.0,0,0,1,WhatsApp,0,desconto_pecas
C09996,EcoSport,2016,124019,PF,Sul,6.0,0,6,29,765.28,7.0,1,0,0,App FordPass,1,revisao_preco_fixo
C03955,Territory,2026,3729,PF,Nordeste,11.8,1,0,2,764.42,9.0,1,0,0,Ligacao,0,pacote_revisoes
C02343,EcoSport,2016,68176,PF,Centro-Oeste,21.0,0,3,33,881.43,7.0,0,0,0,App FordPass,1,revisao_preco_fixo
C07459,Territory,2026,7218,PF,Sudeste,4.2,1,0,2,650.78,8.0,1,0,0,App FordPass,0,pacote_revisoes
C06249,Ranger,2019,208151,PJ_Frota,Centro-Oeste,57.2,0,8,13,,6.0,0,0,1,WhatsApp,0,revisao_preco_fixo
C08199,EcoSport,2014,102874,PF,Sudeste,4.7,0,7,53,960.82,4.0,0,0,0,WhatsApp,1,desconto_pecas
C01558,Territory,2022,39277,PF,Nordeste,7.8,0,0,23,794.64,5.0,0,0,0,WhatsApp,1,checkup_gratuito
C09754,Territory,2014,262984,PF,Sudeste,,0,24,12,1434.41,7.0,0,0,0,Ligacao,0,desconto_pecas
C07974,Bronco Sport,2026,6133,PF,Norte,9.4,1,0,2,796.38,8.0,1,0,0,WhatsApp,0,pacote_revisoes
C08697,EcoSport,2019,93025,PF,Nordeste,6.0,0,6,35,782.63,7.0,1,0,0,,1,checkup_gratuito
C08050,Ranger,2018,82066,PF,Norte,48.4,0,1,1,1238.61,7.0,0,0,0,App FordPass,0,desconto_pecas
C02377,Territory,2021,49670,PF,Centro-Oeste,44.6,0,1,5,857.28,,0,0,0,WhatsApp,1,checkup_gratuito
C07291,EcoSport,2016,174266,PF,Sudeste,15.5,0,5,60,962.25,9.0,0,0,0,App FordPass,1,desconto_pecas
C01549,EcoSport,2017,117187,PF,Nordeste,28.7,0,3,1,1154.69,7.0,0,0,0,WhatsApp,0,revisao_preco_fixo
C05957,Ka,2017,93358,PF,Nordeste,9.7,0,4,19,1016.57,3.0,0,0,1,WhatsApp,1,desconto_pecas
C04236,Ranger,2025,12058,PF,Norte,36.7,1,1,2,722.63,6.0,0,0,0,WhatsApp,0,pacote_revisoes
C06690,Ranger,2015,91883,PF,Sudeste,,0,5,60,1922.34,6.0,1,0,1,WhatsApp,1,checkup_gratuito
C04490,Ranger,2024,17005,PF,Nordeste,15.2,1,2,5,773.94,,0,0,0,WhatsApp,0,pacote_revisoes
C09404,Bronco Sport,2024,26155,PF,Sul,21.1,1,2,0,762.06,7.0,0,0,0,E-mail,0,pacote_revisoes
C01552,EcoSport,2014,154887,PF,Sul,,0,9,60,775.19,9.0,0,0,0,WhatsApp,1,desconto_pecas
C02713,Ka,2021,44071,PF,Sul,20.1,0,1,23,701.77,5.0,1,0,1,App FordPass,0,desconto_pecas
C08223,Transit,2021,194812,PJ_Frota,Centro-Oeste,51.9,0,13,36,633.99,5.0,0,1,0,WhatsApp,1,plano_frota
C01321,Ranger,2022,58736,PF,Sudeste,18.1,0,5,4,626.22,7.0,0,0,1,WhatsApp,0,revisao_preco_fixo
C09897,Maverick,2015,170423,PF,Sul,10.7,0,15,60,866.8,10.0,0,0,0,App FordPass,1,revisao_preco_fixo
C03141,Ka,2014,180635,PF,Sudeste,9.6,0,15,37,,5.0,0,0,0,E-mail,1,desconto_pecas
C05413,Ka,2017,121959,PF,Nordeste,20.2,0,5,4,418.79,8.0,0,0,0,WhatsApp,0,desconto_pecas
C01504,Maverick,2023,39324,PF,Centro-Oeste,31.9,1,3,0,748.53,6.0,1,0,0,App FordPass,0,pacote_revisoes
C09382,Ranger,2021,140826,PF,Sudeste,26.2,0,5,7,1109.07,7.0,1,0,0,App FordPass,0,revisao_preco_fixo
C02963,Territory,2017,81562,PF,Nordeste,13.1,0,3,7,923.99,5.0,0,0,0,WhatsApp,1,desconto_pecas
C00959,Ranger,2023,46330,PF,Norte,45.3,1,3,0,1588.26,,0,0,0,WhatsApp,0,pacote_revisoes
C02327,Ka,2019,125952,PF,Sudeste,11.6,0,8,8,511.04,9.0,0,0,0,App FordPass,0,desconto_pecas
C02818,Ranger,2015,183070,PF,Sudeste,10.2,0,13,31,817.9,7.0,0,0,0,WhatsApp,1,revisao_preco_fixo
C08187,Ranger,2019,222744,PJ_Frota,Sul,8.8,0,11,19,1687.17,5.0,0,0,0,WhatsApp,0,plano_frota
C03930,Ranger,2024,24307,PF,Centro-Oeste,10.0,1,2,4,1205.68,10.0,1,0,0,WhatsApp,0,pacote_revisoes
C09168,Ka,2016,142110,PF,Centro-Oeste,45.5,0,1,20,1048.8,10.0,0,0,0,App FordPass,1,desconto_pecas
C00273,Territory,2022,54896,PF,Sudeste,13.9,0,1,18,1577.83,8.0,0,0,0,App FordPass,0,revisao_preco_fixo
C02869,Ka,2017,90936,PF,Sudeste,,0,4,30,673.81,8.0,0,0,0,WhatsApp,1,desconto_pecas
C01496,Maverick,2019,56744,PF,Sudeste,10.9,0,3,1,1044.63,6.0,0,0,0,WhatsApp,0,desconto_pecas
C01871,Ranger,2021,62886,PF,Nordeste,13.6,0,2,11,1467.48,8.0,0,0,0,WhatsApp,0,revisao_preco_fixo
C06578,Transit,2026,7426,PF,Sul,11.7,1,0,5,1015.21,9.0,0,0,0,,0,pacote_revisoes
C09857,Territory,2019,97446,PF,Nordeste,14.1,0,8,8,,6.0,0,0,0,WhatsApp,0,revisao_preco_fixo
C02014,Ranger,2026,8324,PJ_Frota,Sudeste,8.1,1,0,2,1305.11,,1,0,0,WhatsApp,0,plano_frota
C07461,Territory,2016,216687,PF,Sudeste,9.3,0,2,20,1088.11,5.0,0,0,0,Ligacao,0,desconto_pecas
C03409,Ka,2016,112066,PF,Sudeste,7.5,0,5,1,397.78,4.0,0,0,0,App FordPass,1,desconto_pecas
C05015,EcoSport,2021,54319,PF,Centro Oeste,30.3,0,4,21,593.23,8.0,0,1,0,WhatsApp,1,checkup_gratuito
C03577,EcoSport,2031,202406,PF,Norte,14.4,0,12,60,633.89,6.0,0,0,0,App FordPass,1,desconto_pecas
C00427,Maverick,2021,62809,PF,Nordeste,10.1,0,2,1,562.22,8.0,0,1,1,WhatsApp,0,checkup_gratuito
C06656,Territory,2020,89690,PF,Sudeste,6.2,0,7,7,1287.24,9.0,0,0,0,App FordPass,0,revisao_preco_fixo
C04235,Ka,2014,213792,PF,Sul,33.0,0,11,6,465.47,9.0,0,0,1,E-mail,0,desconto_pecas
C06214,EcoSport,2017,79669,PF,Nordeste,6.8,0,5,26,706.7,8.0,0,0,0,Ligacao,1,desconto_pecas
C09504,Territory,2020,42865,PF,Norte,82.8,0,2,3,950.7,5.0,0,0,0,App FordPass,1,revisao_preco_fixo
C07618,Bronco Sport,2015,188232,PJ_Frota,Norte,27.4,0,7,17,1378.36,5.0,0,0,3,Ligacao,1,desconto_pecas
C08702,EcoSport,2017,99253,PF,norte,42.6,0,3,47,971.02,,0,1,0,WhatsApp,1,checkup_gratuito
C04929,EcoSport,2019,67794,PF,Sudeste,8.3,0,1,8,479.34,7.0,0,0,1,WhatsApp,0,checkup_gratuito
C02423,Ka,2019,61473,PF,SUDESTE,11.3,0,2,29,821.66,5.0,0,0,0,App FordPass,1,checkup_gratuito
C00642,Ka,2017,135741,PF,Nordeste,48.2,0,2,39,621.0,10.0,0,0,0,WhatsApp,1,checkup_gratuito
C00193,Maverick,2020,53546,PF,Sul,14.2,0,2,11,901.59,7.0,1,0,1,WhatsApp,0,revisao_preco_fixo
C00911,Maverick,2017,95319,PF,Sul,10.7,0,4,23,1239.74,8.0,0,0,0,WhatsApp,0,checkup_gratuito
C08530,Territory,2017,174477,PF,Norte,30.7,0,4,60,1269.62,9.0,1,0,0,WhatsApp,1,revisao_preco_fixo
C04281,EcoSport,2021,70619,PF,Sudeste,5.9,0,2,9,614.78,9.0,0,0,0,Ligacao,1,revisao_preco_fixo
C07750,Maverick,2023,30064,PF,Sul,4.5,1,3,2,1365.1,7.0,0,0,1,WhatsApp,0,pacote_revisoes
C04334,Maverick,2026,4497,PF,Sudeste,7.7,1,0,10,601.67,5.0,0,0,0,WhatsApp,0,pacote_revisoes
C05218,EcoSport,2019,102232,PF,Sudeste,6.1,0,9,9,931.02,7.0,0,0,0,E-mail,0,revisao_preco_fixo
C04990,Ka,2015,113990,PF,Norte,130.7,0,0,60,,6.0,0,0,0,WhatsApp,1,checkup_gratuito
C02319,Mustang,2016,110704,PF,Centro-Oeste,38.6,0,6,6,1862.34,6.0,0,0,0,WhatsApp,0,revisao_preco_fixo
C04741,EcoSport,2019,69666,PF,Sul,14.5,0,1,27,730.27,8.0,0,0,0,WhatsApp,1,revisao_preco_fixo
C09659,Ranger,2015,179185,PF,Sudeste,5.2,0,8,22,949.92,9.0,0,0,0,App FordPass,1,desconto_pecas
C08713,Bronco Sport,2015,139952,PF,Sul,6.4,0,9,57,1249.32,,0,0,1,WhatsApp,1,checkup_gratuito
C02517,EcoSport,2016,122334,PF,SUDESTE,2.9,0,7,7,880.04,6.0,0,0,0,WhatsApp,0,desconto_pecas
C02848,Bronco Sport,2016,137137,PF,Sudeste,13.5,0,4,60,1449.23,6.0,0,0,2,App FordPass,1,checkup_gratuito
C03336,Ranger,2024,25297,PF,Sudeste,2.6,1,1,12,710.61,7.0,0,0,0,WhatsApp,0,pacote_revisoes
C01594,Maverick,2015,113099,PF,Sudeste,8.3,0,7,58,993.05,8.0,0,0,0,WhatsApp,1,revisao_preco_fixo
C08045,EcoSport,2018,88473,PF,Sudeste,4.7,0,3,3,758.84,8.0,0,0,0,WhatsApp,0,desconto_pecas
C03303,Transit,2024,42901,PJ_Frota,Centro-Oeste,8.6,1,3,21,935.5,3.0,0,0,0,E-mail,0,plano_frota
C09365,EcoSport,2017,207343,PF,Centro-Oeste,38.6,0,9,60,939.28,7.0,1,0,1,E-mail,1,checkup_gratuito
C09636,Territory,2020,47401,PF,Nordeste,5.0,0,5,11,1088.23,9.0,1,0,0,WhatsApp,0,revisao_preco_fixo
C00592,EcoSport,2017,199270,PF,Nordeste,6.8,0,8,1,381.76,6.0,0,0,1,WhatsApp,0,desconto_pecas
C08794,Ranger,2024,19625,PF,Sudeste,6.4,1,2,5,711.96,7.0,0,0,0,App FordPass,1,pacote_revisoes
C08448,Ka,2016,138476,PF,Sudeste,11.8,0,5,37,757.37,8.0,0,0,0,E-mail,0,desconto_pecas
C08406,Ka,2015,119332,PF,Sudeste,2.2,0,8,60,506.82,8.0,0,0,1,,1,checkup_gratuito
C07623,Ka,2016,187656,PF,Nordeste,5.8,0,15,60,569.97,7.0,0,0,0,E-mail,1,checkup_gratuito
C07739,Ranger,2018,54547,PF,Sul,10.0,0,6,51,1587.16,,0,0,1,WhatsApp,1,checkup_gratuito
C06970,Bronco Sport,2022,41179,PF,Nordeste,4.6,0,2,3,1722.53,4.0,1,0,0,App FordPass,0,revisao_preco_fixo
C02877,Ranger,2031,81041,PJ_Frota,Sudeste,14.7,1,3,11,597.11,8.0,0,0,1,WhatsApp,1,plano_frota
C04551,Territory,2020,77454,PF,Sudeste,9.4,0,2,32,1128.98,,0,0,0,App FordPass,1,revisao_preco_fixo
C06753,Mustang,2020,66187,PF,Nordeste,17.4,0,4,20,1561.5,7.0,1,0,0,Ligacao,0,revisao_preco_fixo
C01987,Territory,2018,84452,PF,Sudeste,7.1,0,2,60,1621.53,7.0,0,0,1,E-mail,1,checkup_gratuito
C08977,Mustang,2019,204035,PJ_Frota,Centro-Oeste,25.0,0,7,60,1295.8,4.0,0,0,0,App FordPass,1,checkup_gratuito
C06826,Ka,2021,65122,PF,Nordeste,17.0,0,4,17,301.94,6.0,0,0,1,WhatsApp,1,revisao_preco_fixo
C01550,Ka,2016,157287,PF,Sudeste,5.7,0,4,7,943.34,8.0,0,1,0,WhatsApp,1,desconto_pecas
C07850,Ranger,2024,22779,PF,Sul,4.9,1,2,2,1179.95,6.0,0,0,0,WhatsApp,0,pacote_revisoes
C06110,Ka,2018,127066,PF,Centro-Oeste,17.1,0,7,3,541.57,3.0,0,0,1,E-mail,1,desconto_pecas
C07272,Ka,2015,177251,PF,Sudeste,4.7,0,17,10,877.05,10.0,0,0,0,E-mail,0,desconto_pecas
C04830,Territory,2022,76458,PF,Sudeste,12.9,0,2,15,743.39,7.0,0,0,0,App FordPass,1,revisao_preco_fixo
C07042,Ka,2014,142427,PF,Sudeste,8.2,0,6,32,1540.5,4.0,0,0,0,E-mail,1,desconto_pecas
C06701,Territory,2016,172348,PF,Sudeste,9.0,0,13,35,1191.63,7.0,0,0,0,WhatsApp,1,desconto_pecas
C03061,Ranger,2021,37512,PF,Norte,48.1,0,1,12,1534.99,7.0,1,1,0,E-mail,1,revisao_preco_fixo
C07420,Ka,2020,70275,PF,sul,10.3,0,7,2,,10.0,1,0,0,Ligacao,0,revisao_preco_fixo
C08013,Ranger,2014,143051,PF,Sudeste,9.9,0,12,60,855.57,7.0,0,0,0,E-mail,1,checkup_gratuito
C02961,Transit,2023,42184,PJ_Frota,Nordeste,9.5,1,2,2,472.37,8.0,1,0,0,Ligacao,0,plano_frota
C02553,Transit,2021,78639,PF,Sul,5.6,0,4,1,882.75,8.0,1,0,0,E-mail,0,revisao_preco_fixo
C02200,Ka,2016,182773,PF,Centro-Oeste,15.8,0,7,1,775.87,6.0,0,0,0,E-mail,0,desconto_pecas
C02669,Ranger,2023,66324,PF,Centro-Oeste,8.2,1,6,9,1371.25,6.0,0,0,0,WhatsApp,0,pacote_revisoes
C02073,Maverick,2014,116316,PF,Sudeste,9.6,0,4,5,1081.59,8.0,0,0,0,App FordPass,1,desconto_pecas
C07961,EcoSport,2017,46206,PF,Norte,36.0,0,1,3,755.8,,0,0,0,WhatsApp,1,checkup_gratuito
C06968,Territory,2022,95137,PJ_Frota,Sudeste,5.1,0,5,15,893.76,9.0,0,0,0,App FordPass,0,plano_frota
C06752,Bronco Sport,2024,24557,PF,Sudeste,28.2,1,2,3,679.04,8.0,1,0,0,Ligacao,0,pacote_revisoes
C02083,Ka,2016,101210,PF,Nordeste,6.3,0,5,58,756.86,,0,0,1,Ligacao,1,checkup_gratuito
C07281,Ka,2021,40173,PF,Norte,105.0,0,1,35,506.51,10.0,0,0,0,WhatsApp,1,revisao_preco_fixo
C00020,Bronco Sport,2021,48381,PF,Sudeste,27.4,0,1,4,661.03,,0,0,0,Ligacao,1,revisao_preco_fixo
C01219,Ka,2016,92807,PF,Nordeste,4.1,0,1,11,1310.27,6.0,0,0,0,App FordPass,1,revisao_preco_fixo
C01345,Territory,2023,28064,PF,Sul,,1,3,18,907.56,,0,0,0,WhatsApp,0,pacote_revisoes
C05206,Ka,2015,73530,PF,Nordeste,19.5,0,4,60,871.57,5.0,0,0,0,E-mail,1,checkup_gratuito
C03335,EcoSport,2020,47776,PF,Sudeste,8.4,0,5,25,740.12,,1,0,1,E-mail,0,revisao_preco_fixo
C09591,Ka,2021,65216,PF,Norte,38.1,0,2,1,772.25,7.0,0,0,0,App FordPass,1,revisao_preco_fixo
C05742,Maverick,2023,30544,PF,Nordeste ,26.1,1,3,7,814.74,,1,0,0,WhatsApp,0,pacote_revisoes
C05051,Ranger,2016,95761,PF,Centro-Oeste,54.4,0,0,25,1670.4,3.0,0,0,1,WhatsApp,1,revisao_preco_fixo
C02234,Bronco Sport,2026,3572,PF,Norte,30.1,1,0,7,1554.44,4.0,0,0,1,WhatsApp,0,revisao_preco_fixo
C02323,Ka,2020,-52167,PF,Sudeste,9.6,0,2,1,457.5,,1,0,2,WhatsApp,1,desconto_pecas
C02152,Bronco Sport,2016,88412,PF,Centro-Oeste,19.8,0,9,4,2321.49,5.0,0,0,0,App FordPass,0,checkup_gratuito
C03304,Bronco Sport,2023,41349,PF,Nordeste,19.9,1,4,1,1012.25,6.0,0,1,0,WhatsApp,0,pacote_revisoes
C01546,EcoSport,2018,66652,PF,Sul,17.9,0,6,20,777.64,10.0,0,0,0,Ligacao,0,desconto_pecas
C05732,Territory,2023,47631,PF,Sudeste,4.1,1,3,2,1005.75,7.0,0,0,0,WhatsApp,0,pacote_revisoes
C00889,Territory,2025,11943,PF,Sudeste,4.5,1,1,1,365.77,8.0,0,1,0,WhatsApp,0,pacote_revisoes
C07983,Transit,2018,83046,PF,Nordeste,11.3,0,7,15,1427.35,5.0,1,0,0,App FordPass,1,revisao_preco_fixo
C08007,Maverick,2022,61014,PF,Sudeste,7.5,0,3,3,1260.61,6.0,0,0,0,Ligacao,0,revisao_preco_fixo
C06362,Ranger,2022,40458,PF,Centro-Oeste,68.4,0,4,2,1091.99,10.0,1,0,0,E-mail,0,revisao_preco_fixo
C00174,Ka,2014,125603,PF,Sudeste,11.4,0,5,1,1308.12,8.0,0,0,0,WhatsApp,0,desconto_pecas
C03286,Territory,2014,287299,PJ_Frota,Norte,23.3,0,12,47,1370.29,6.0,0,0,0,E-mail,1,checkup_gratuito
C03333,EcoSport,2016,110198,PF,Sudeste,10.2,0,4,0,741.88,9.0,0,0,0,WhatsApp,0,revisao_preco_fixo
C04749,Ka,2015,310970,PJ_Frota,Centro-Oeste,15.2,0,10,48,932.31,8.0,0,0,0,App FordPass,1,desconto_pecas
C08586,Ka,2014,137123,PF,Sudeste,8.1,0,5,59,999.5,5.0,0,0,1,E-mail,1,checkup_gratuito
C04692,Bronco Sport,2019,70310,PF,Nordeste,19.9,0,0,28,1292.93,6.0,0,0,1,E-mail,1,revisao_preco_fixo
C00831,Ranger,2019,107920,PJ_Frota,Sudeste,3.4,0,5,60,830.29,,1,0,0,App FordPass,1,checkup_gratuito
C07593,Maverick,2021,89677,PF,Sul,9.2,0,5,17,769.28,8.0,0,0,1,WhatsApp,1,revisao_preco_fixo
C07986,Transit,2021,93129,PJ_Frota,Sudeste,3.9,0,5,20,1429.33,,0,0,1,WhatsApp,1,plano_frota
C08267,Ka,2019,106331,PF,Sudeste,2.9,0,5,36,,6.0,1,1,2,,0,checkup_gratuito
C03224,Ka,2014,343936,PJ_Frota,Sul,8.0,0,6,10,974.09,5.0,0,0,1,WhatsApp,1,desconto_pecas
C06524,EcoSport,2020,135484,PJ_Frota,Sul,23.2,0,1,0,560.53,8.0,0,0,0,WhatsApp,1,plano_frota
C01455,Ka,2014,243676,PF,Sudeste,5.3,0,15,26,1197.12,7.0,0,0,0,E-mail,0,desconto_pecas
C03614,Territory,2015,105606,PF,Centro-Oeste,17.8,0,0,12,1262.49,7.0,0,0,0,WhatsApp,1,revisao_preco_fixo
C04199,Ka,2017,167600,PF,Sul,8.6,0,8,60,886.34,9.0,0,0,1,App FordPass,1,plano_frota
C01381,Ka,2014,226150,PF,Sudeste,3.3,0,9,25,1325.28,5.0,0,0,0,App FordPass,1,desconto_pecas
C03175,Ka,2019,52724,PF,Sudeste,30.1,0,2,23,482.48,8.0,0,0,0,App FordPass,0,revisao_preco_fixo
C00754,Territory,2025,15890,PF,Nordeste,5.4,1,1,2,812.59,8.0,0,1,0,App FordPass,0,pacote_revisoes
C05364,Mustang,2017,107655,PF,Nordeste,6.3,0,7,60,,7.0,0,0,0,WhatsApp,1,checkup_gratuito
C04231,Ka,2021,69724,PF,Sudeste,9.6,0,4,3,929.61,7.0,0,0,0,WhatsApp,0,revisao_preco_fixo
C06064,EcoSport,2014,107444,PF,Sudeste,4.4,0,12,55,908.66,9.0,0,0,0,WhatsApp,1,checkup_gratuito
C09274,Territory,2025,13791,PF,Sudeste,8.2,1,0,9,984.92,7.0,1,0,0,App FordPass,0,pacote_revisoes
C02150,Territory,2017,75033,PF,Sudeste,12.4,0,1,60,1804.47,10.0,0,0,0,Ligacao,1,checkup_gratuito
C00613,Transit,2025,18308,PJ_Frota,Sudeste,15.3,1,0,0,1094.59,6.0,0,0,0,Ligacao,1,plano_frota
C01783,Ka,2019,170662,PF,Nordeste,18.7,0,5,6,787.89,8.0,0,0,3,E-mail,1,desconto_pecas
C06808,Ranger,2015,98642,PF,Nordeste,18.3,0,2,60,984.08,6.0,0,0,0,WhatsApp,1,checkup_gratuito
C09702,Transit,2021,124985,PJ_Frota,Nordeste,8.9,0,8,0,1085.93,,0,0,0,WhatsApp,0,plano_frota
C02655,Transit,2026,2799,PF,Sul,10.5,1,0,1,1472.74,10.0,0,0,0,E-mail,0,revisao_preco_fixo
C06991,EcoSport,2019,169252,PF,Sudeste,6.8,0,7,15,591.91,7.0,0,0,0,E-mail,0,revisao_preco_fixo
C04962,Ranger,2014,102235,PF,Sudeste,10.3,0,9,60,1325.32,6.0,0,0,0,Ligacao,1,checkup_gratuito
C07776,EcoSport,2018,97318,PF,Sul,,0,4,4,673.42,9.0,0,0,0,WhatsApp,1,plano_frota
C06556,Maverick,2024,52786,PF,Sudeste,8.8,1,5,0,1051.22,6.0,1,0,0,WhatsApp,0,pacote_revisoes
C02988,Ka,2014,255424,PF,Nordeste ,38.9,0,4,7,979.78,4.0,0,0,1,Ligacao,0,desconto_pecas
C03821,Territory,2015,114631,PF,Norte,56.8,0,0,28,2147.28,7.0,0,0,1,App FordPass,1,desconto_pecas
C04091,Bronco Sport,2021,36636,PF,Sul,2.4,0,1,21,902.52,7.0,0,0,0,Ligacao,1,revisao_preco_fixo
C04649,Ranger,2016,194277,PF,Nordeste,15.2,0,2,52,858.11,5.0,0,0,1,App FordPass,1,desconto_pecas
C06814,Ranger,2020,53741,PF,Norte,47.3,0,2,1,948.06,9.0,0,0,0,E-mail,0,revisao_preco_fixo
C09257,Mustang,2017,165301,PF,Sul,14.2,0,7,60,1885.73,,0,0,0,WhatsApp,1,checkup_gratuito
C09147,Ranger,2019,115560,PJ_Frota,Centro-Oeste,23.0,0,5,6,1553.24,4.0,1,0,0,App FordPass,1,plano_frota
C09852,Ranger,2019,62888,PF,Sudeste,4.7,0,2,50,1128.97,8.0,0,0,0,WhatsApp,1,revisao_preco_fixo
C06933,Territory,2021,71642,PF,Sul,8.6,0,4,2,1458.28,8.0,0,0,0,WhatsApp,0,revisao_preco_fixo
C00743,Ka,2020,108244,PF,Centro-Oeste,21.7,0,6,10,,10.0,1,0,0,App FordPass,0,revisao_preco_fixo
C01861,Transit,2018,84133,PF,Norte,62.4,0,0,36,1113.21,8.0,0,1,0,WhatsApp,1,checkup_gratuito
C05022,Maverick,2019,99535,PF,Nordeste,13.4,0,3,40,1179.03,4.0,0,0,1,Ligacao,1,checkup_gratuito
C04196,Ka,2018,134744,PF,Sudeste,6.5,0,9,45,838.55,10.0,0,0,1,WhatsApp,1,revisao_preco_fixo
C07701,Ranger,2026,3583,PF,Norte,22.1,1,0,1,884.81,,1,0,0,WhatsApp,1,pacote_revisoes
C08184,Ranger,2018,54416,PF,Nordeste ,32.2,0,6,8,1646.49,10.0,1,0,0,WhatsApp,0,desconto_pecas
C05830,Territory,2020,93590,PF,Nordeste,5.6,0,2,10,1030.3,8.0,0,0,0,WhatsApp,1,revisao_preco_fixo
C08029,Territory,2017,82433,PF,Nordeste,4.4,0,2,47,18634.75,7.0,0,0,0,E-mail,1,checkup_gratuito
C01006,Transit,2019,275536,PJ_Frota,Centro-Oeste,19.2,0,14,7,1044.76,5.0,0,0,0,App FordPass,0,desconto_pecas
C04185,Maverick,2026,4828,PF,Sudeste,,1,0,4,940.03,7.0,0,0,0,E-mail,0,pacote_revisoes
C00545,Ranger,2017,124971,PF,Centro-Oeste,51.1,0,5,20,1038.88,8.0,0,0,0,WhatsApp,0,revisao_preco_fixo
C00972,Ka,2019,73581,PF,Norte,26.6,0,4,27,932.96,8.0,1,1,1,App FordPass,0,checkup_gratuito
C01185,Maverick,2018,52363,PF,Sudeste,22.5,0,2,34,1899.97,7.0,1,0,0,App FordPass,1,checkup_gratuito
C00422,Ka,2018,125098,PF,Sudeste,12.8,0,6,43,623.35,,0,0,0,E-mail,1,checkup_gratuito
C01606,Transit,2019,274857,PJ_Frota,Nordeste,5.7,0,14,29,2129.78,7.0,0,1,1,WhatsApp,1,revisao_preco_fixo
C09481,EcoSport,2019,77553,PF,SUDESTE,10.1,0,1,39,612.84,8.0,1,0,0,App FordPass,1,revisao_preco_fixo
C05601,Ka,2017,379558,PJ_Frota,Sudeste,4.8,0,26,60,674.48,8.0,0,1,0,Ligacao,1,checkup_gratuito
C08707,Ka,2018,45577,PF,Sudeste,4.1,0,3,3,684.46,4.0,0,0,0,WhatsApp,1,revisao_preco_fixo
C02705,Ranger,2017,118303,PF,Centro-Oeste,36.4,0,1,17,1518.71,5.0,0,0,0,WhatsApp,1,revisao_preco_fixo
C02367,Ranger,2025,18165,PJ_Frota,Sudeste,,1,1,3,739.57,7.0,0,0,0,App FordPass,0,plano_frota
C04940,Maverick,2019,86775,PF,Sul,9.5,0,4,5,1014.05,6.0,0,0,0,Ligacao,0,revisao_preco_fixo
C01560,Transit,2019,175631,PJ_Frota,Centro-Oeste,50.5,0,5,60,1312.55,6.0,0,0,0,App FordPass,1,checkup_gratuito
C08150,Ranger,2021,137120,PF,Nordeste,30.0,0,8,10,1168.87,7.0,1,0,0,App FordPass,0,checkup_gratuito
C05786,Maverick,2019,131757,PF,Norte,40.5,0,11,10,784.98,10.0,0,0,0,Ligacao,0,desconto_pecas
C04534,Ranger,2025,10751,PF,Norte,47.7,1,0,26,600.06,5.0,1,0,0,App FordPass,1,pacote_revisoes
C06093,Territory,2014,167606,PF,SUDESTE,7.0,0,12,4,1217.38,7.0,0,0,0,WhatsApp,1,desconto_pecas
C00826,Territory,2021,64760,PF,Nordeste,24.1,0,2,28,873.05,7.0,1,0,2,WhatsApp,1,revisao_preco_fixo
C03325,Maverick,2014,202433,PF,Sul,10.2,0,9,8,1497.54,8.0,0,0,0,App FordPass,0,desconto_pecas
C06113,Transit,2026,2029,PF,Norte,43.2,1,0,0,1266.46,10.0,0,0,0,WhatsApp,0,pacote_revisoes
C03845,Ranger,2026,6306,PF,Sudeste,4.6,1,0,8,820.97,8.0,1,0,0,App FordPass,0,pacote_revisoes
C07839,EcoSport,2021,67493,PF,Nordeste,,0,1,7,388.08,7.0,0,0,0,E-mail,0,revisao_preco_fixo
C01333,Transit,2016,52666,PF,Sudeste,4.5,0,5,13,1280.4,6.0,0,0,2,Ligacao,1,desconto_pecas
C04306,Ranger,2021,111785,PJ_Frota,Sudeste,11.8,0,7,7,889.37,8.0,0,0,0,App FordPass,0,plano_frota
C05619,Ka,2016,266801,PF,Sudeste,9.0,0,13,60,,6.0,0,0,1,App FordPass,1,desconto_pecas
C05443,Bronco Sport,2017,110653,PF,Sudeste,6.1,0,8,52,1204.63,8.0,0,1,0,App FordPass,0,desconto_pecas
C04639,EcoSport,2014,230607,PF,Centro-Oeste,21.6,0,17,0,635.83,7.0,0,0,0,WhatsApp,0,desconto_pecas
C05200,EcoSport,2015,195583,PF,Sudeste,9.4,0,6,60,835.53,6.0,0,0,0,E-mail,1,checkup_gratuito
C01023,Ranger,2019,99468,PF,Nordeste,30.5,0,2,60,1334.07,4.0,0,0,1,App FordPass,1,checkup_gratuito
C09170,Ka,2017,103655,PF,Nordeste,9.1,0,2,35,678.45,7.0,0,0,1,E-mail,1,revisao_preco_fixo
C05720,Bronco Sport,2023,75418,PF,Centro-Oeste,16.6,1,5,5,1145.07,8.0,0,0,0,WhatsApp,0,pacote_revisoes
C02177,Maverick,2021,82282,PF,Centro-Oeste,24.9,0,6,13,748.61,,0,0,0,WhatsApp,0,revisao_preco_fixo
C08210,Ranger,2021,-38759,PF,Sudeste,28.4,0,1,10,969.24,5.0,0,0,0,App FordPass,1,revisao_preco_fixo
C03040,Ranger,2014,518620,PJ_Frota,Norte,60.5,0,7,60,1528.09,10.0,0,0,0,WhatsApp,1,desconto_pecas
C05737,Territory,2019,82208,PF,Norte,57.6,0,3,18,871.15,10.0,0,1,0,E-mail,1,revisao_preco_fixo
C06414,Ranger,2019,76020,PF,Sul,11.0,0,7,35,1680.77,8.0,0,1,0,App FordPass,1,checkup_gratuito
C04402,Ka,2016,171266,PF,Centro-Oeste,17.5,0,3,46,593.49,8.0,1,0,0,App FordPass,1,desconto_pecas
C03399,Territory,2016,104490,PF,Sudeste,11.7,0,8,60,1645.14,9.0,0,0,0,E-mail,1,revisao_preco_fixo
C05736,Territory,2020,68129,PF,Sudeste,6.5,0,2,30,,9.0,0,0,0,WhatsApp,0,revisao_preco_fixo
C01562,Mustang,2014,163425,PF,sul,11.8,0,9,24,2837.7,6.0,1,0,1,App FordPass,0,revisao_preco_fixo
C00828,Maverick,2025,12949,PF,Nordeste,8.5,1,1,4,859.81,7.0,1,0,0,App FordPass,0,pacote_revisoes
C07698,Ka,2020,50020,PF,Nordeste,11.2,0,4,20,527.99,,1,0,0,WhatsApp,0,revisao_preco_fixo
C08117,EcoSport,2014,165558,PF,Sudeste,4.7,0,0,6,574.99,6.0,0,0,0,E-mail,1,checkup_gratuito
C05047,Maverick,2019,115286,PF,Sudeste,13.7,0,4,18,1371.08,5.0,0,0,0,WhatsApp,0,revisao_preco_fixo
C00130,Ka,2018,145318,PF,Centro-Oeste,42.7,0,10,22,1000.69,,0,0,0,E-mail,0,revisao_preco_fixo
C02513,Ka,2020,68100,PF,Nordeste,17.6,0,3,4,483.21,7.0,1,1,0,App FordPass,0,desconto_pecas
C00585,Territory,2023,36795,PF,Nordeste,12.0,1,2,5,1301.7,8.0,0,0,0,WhatsApp,0,pacote_revisoes
C02118,Ka,2017,78076,PF,Sudeste,1.3,0,2,7,442.9,7.0,0,0,0,WhatsApp,1,revisao_preco_fixo
C05062,EcoSport,2018,348497,PJ_Frota,Sul,8.2,0,22,18,860.4,,0,0,0,E-mail,0,desconto_pecas
C01367,Ka,2014,148448,PF,Centro-Oeste,,0,8,9,1084.9,,0,1,0,App FordPass,0,desconto_pecas
C03227,Ka,2019,77358,PF,Sul,9.4,0,3,34,1014.58,,0,0,1,WhatsApp,1,revisao_preco_fixo
C00701,EcoSport,2020,84859,PF,Sudeste,7.9,0,6,26,879.86,6.0,0,1,0,Ligacao,0,checkup_gratuito
C09547,Territory,2024,29655,PF,Sul,9.1,1,2,2,750.12,,1,0,1,Ligacao,0,desconto_pecas
C03236,Transit,2014,136487,PF,Sudeste,9.6,0,4,0,2220.15,6.0,0,0,1,WhatsApp,0,desconto_pecas
C09349,Ka,2017,128985,PF,Centro-Oeste,23.9,0,9,36,,8.0,0,0,0,E-mail,1,checkup_gratuito
C01460,Bronco Sport,2015,81474,PF,Sul,4.7,0,1,28,1250.68,5.0,0,0,1,App FordPass,1,revisao_preco_fixo
C08849,Transit,2017,304281,PJ_Frota,Sudeste,3.6,0,20,19,1732.1,7.0,0,0,0,App FordPass,0,desconto_pecas
C08685,Ka,2017,85738,PF,Sudeste,7.1,0,6,24,761.74,9.0,0,0,0,WhatsApp,1,checkup_gratuito
C09363,Ranger,2020,53038,PF,SUDESTE,15.0,0,4,9,1062.86,7.0,1,0,0,App FordPass,0,revisao_preco_fixo
C04802,Ka,2021,60576,PF,Sudeste,6.6,0,3,4,494.3,,0,0,1,WhatsApp,1,pacote_revisoes
C04238,Ranger,2014,180213,PF,Nordeste,15.9,0,15,4,881.55,6.0,0,0,1,App FordPass,1,desconto_pecas
C03536,EcoSport,2014,442047,PJ_Frota,Nordeste,15.0,0,27,60,665.59,8.0,0,0,0,E-mail,1,desconto_pecas
C07460,Ranger,2022,53480,PF,Centro-Oeste,22.1,0,1,2,977.19,6.0,0,0,1,E-mail,0,revisao_preco_fixo
C05193,Territory,2018,74780,PF,Sudeste,3.2,0,7,28,548.55,8.0,1,0,0,WhatsApp,0,checkup_gratuito
C06898,Territory,2017,243207,PF,Norte,69.2,0,9,8,1372.69,7.0,0,0,0,WhatsApp,1,desconto_pecas
C09451,EcoSport,2020,59425,PF,Sudeste,9.0,0,4,2,687.94,,0,0,1,E-mail,0,revisao_preco_fixo
C08415,Maverick,2020,53128,PF,Sul,9.8,0,1,11,921.74,7.0,0,0,0,App FordPass,0,revisao_preco_fixo
C04657,Ka,2016,207296,PF,Sudeste,2.3,0,15,60,554.43,10.0,0,0,1,E-mail,1,desconto_pecas
C09197,EcoSport,2020,41818,PF,Nordeste,6.6,0,3,9,883.27,9.0,0,0,0,Ligacao,0,desconto_pecas
C09491,Transit,2020,65678,PJ_Frota,Centro Oeste,30.3,0,1,2,955.12,9.0,0,0,0,E-mail,1,plano_frota
C05724,Maverick,2015,108650,PF,Norte,59.9,0,7,5,1065.65,10.0,0,0,0,E-mail,0,desconto_pecas
C06404,Ka,2016,71768,PF,Sul,6.2,0,0,8,627.35,5.0,0,1,1,E-mail,1,checkup_gratuito
C03372,Maverick,2014,158073,PF,Sudeste,13.2,0,3,55,1652.53,7.0,0,0,1,WhatsApp,1,checkup_gratuito
C07825,EcoSport,2019,68923,PF,Centro-Oeste,17.1,0,2,13,746.94,,0,0,2,E-mail,1,revisao_preco_fixo
C03880,Bronco Sport,2020,80839,PF,Nordeste,16.2,0,7,60,961.61,4.0,1,0,0,App FordPass,1,checkup_gratuito
C08204,EcoSport,2017,93852,PF,Sudeste,15.3,0,8,15,943.74,9.0,0,0,0,App FordPass,0,desconto_pecas
C06256,Territory,2020,95335,PF,Nordeste,6.1,0,9,14,1867.05,7.0,0,0,0,WhatsApp,0,revisao_preco_fixo
C04395,Ranger,2022,45256,PF,Sudeste,4.5,0,1,9,703.16,,0,0,1,WhatsApp,1,revisao_preco_fixo
C06748,Ranger,2015,143969,PJ_Frota,Nordeste,27.5,0,1,11,1139.09,5.0,0,0,1,App FordPass,0,desconto_pecas
C07581,Maverick,2017,253674,PF,Norte,24.5,0,8,60,1008.98,8.0,0,0,0,App FordPass,1,checkup_gratuito
C03281,Ka,2014,109242,PF,Sudeste,15.4,0,10,43,550.51,9.0,0,0,0,WhatsApp,0,desconto_pecas
C01801,Territory,2019,104621,PF,Sudeste,11.3,0,7,8,1130.6,6.0,0,1,1,WhatsApp,0,checkup_gratuito
C01322,Ka,2020,56079,PF,Sul,,0,1,2,837.55,8.0,1,0,0,WhatsApp,0,revisao_preco_fixo
C01033,Mustang,2024,26726,PF,Sul,28.3,1,2,2,1961.15,7.0,0,0,1,E-mail,0,checkup_gratuito
C06619,EcoSport,2016,192655,PF,Nordeste,38.1,0,1,11,836.51,,1,0,0,Ligacao,1,desconto_pecas
C09971,Ka,2021,62240,PF,Centro-Oeste,76.4,0,1,3,478.5,5.0,0,0,0,Ligacao,0,revisao_preco_fixo
C03628,Territory,2020,108712,PF,Centro-Oeste,23.3,0,5,30,721.17,6.0,0,0,1,E-mail,1,desconto_pecas
C00573,Bronco Sport,2015,127518,PF,Sudeste,6.6,0,7,33,918.52,8.0,0,0,0,Ligacao,0,desconto_pecas
C02531,Territory,2023,66007,PF,Sul,3.7,1,4,5,,,1,0,0,Ligacao,0,pacote_revisoes
C05841,EcoSport,2019,99757,PF,Nordeste,7.2,0,6,14,784.89,6.0,0,0,1,WhatsApp,0,revisao_preco_fixo
C01906,Ranger,2022,45360,PJ_Frota,Nordeste,14.8,0,1,22,962.61,6.0,0,0,0,App FordPass,1,plano_frota
C06092,Territory,2024,17056,PF,SUDESTE,5.0,1,1,14,711.75,10.0,0,0,0,E-mail,0,pacote_revisoes
C04338,Ranger,2019,94322,PF,Sudeste,5.5,0,7,26,15797.0,7.0,0,0,0,E-mail,0,desconto_pecas
C05495,EcoSport,2015,214022,PJ_Frota,Nordeste,18.4,0,6,42,713.5,10.0,0,0,0,App FordPass,1,plano_frota
C02805,EcoSport,2018,87281,PF,Sudeste,7.4,0,0,34,800.93,,0,0,1,App FordPass,1,revisao_preco_fixo
C04923,Maverick,2024,33724,PF,Sudeste,6.8,1,2,6,631.01,8.0,1,0,0,,0,plano_frota
C07697,Maverick,2015,101943,PF,Nordeste,14.2,0,6,22,913.17,7.0,0,0,0,WhatsApp,1,desconto_pecas
C08627,Mustang,2016,138086,PF,Sudeste,7.7,0,8,60,,8.0,0,0,0,E-mail,1,checkup_gratuito
C06855,EcoSport,2014,103802,PF,Sudeste,,0,1,4,854.57,10.0,0,1,0,App FordPass,1,desconto_pecas
C07786,Territory,2024,26659,PF,Sudeste,13.7,1,1,4,1157.96,5.0,0,0,1,Ligacao,0,pacote_revisoes
C04983,Ka,2016,148092,PF,Nordeste ,14.2,0,5,13,788.54,7.0,0,0,0,WhatsApp,1,desconto_pecas
C06839,Mustang,2020,109649,PF,Centro-Oeste,22.2,0,4,6,25986.0,5.0,0,0,0,WhatsApp,1,revisao_preco_fixo
C08011,Bronco Sport,2022,53022,PF,Centro-Oeste,33.1,0,1,7,846.4,6.0,0,0,0,App FordPass,1,revisao_preco_fixo
C05950,EcoSport,2017,121591,PF,Sul,34.4,0,2,39,859.13,,1,0,1,App FordPass,1,revisao_preco_fixo
C09036,Mustang,2025,14124,PF,Sudeste,7.3,1,1,0,846.24,8.0,0,0,1,Ligacao,0,pacote_revisoes
C00294,Maverick,2020,79521,PF,Sudeste,14.3,0,6,23,1060.56,7.0,1,0,0,App FordPass,0,checkup_gratuito
C02440,Transit,2018,117382,PJ_Frota,Centro-Oeste,32.7,0,2,60,731.39,3.0,0,0,3,App FordPass,1,plano_frota
C06321,Ranger,2021,51627,PF,Nordeste,13.0,0,1,5,879.91,6.0,0,0,0,WhatsApp,0,revisao_preco_fixo
C09176,Ranger,2020,188080,PJ_Frota,Nordeste,15.5,0,13,41,1066.04,7.0,0,0,0,WhatsApp,1,checkup_gratuito
C06441,Mustang,2025,11876,PF,Norte,42.4,1,1,5,965.17,8.0,1,0,1,App FordPass,0,pacote_revisoes
C05860,Territory,2014,92296,PF,Sudeste,24.8,0,9,5,840.11,8.0,0,0,0,WhatsApp,0,desconto_pecas
C02184,Ranger,2024,56726,PF,Nordeste,26.9,1,5,9,787.44,7.0,0,0,0,WhatsApp,0,pacote_revisoes
C01656,EcoSport,2020,80229,PF,Sudeste,7.5,0,2,37,445.98,7.0,0,0,1,E-mail,1,checkup_gratuito
C00595,EcoSport,2015,120265,PF,Sul,4.2,0,8,16,1114.9,,1,0,1,App FordPass,1,desconto_pecas
C00678,Ka,2014,113665,PF,Sudeste,6.0,0,10,60,1363.78,7.0,0,0,0,App FordPass,1,checkup_gratuito
C05811,Ka,2019,102199,PJ_Frota,Nordeste,13.7,0,8,5,804.12,6.0,0,0,0,E-mail,0,plano_frota
C00744,Ranger,2016,458385,PJ_Frota,Nordeste,43.7,0,5,0,1602.99,,0,0,0,Ligacao,1,desconto_pecas
C03124,Ka,2018,124024,PF,Norte,94.4,0,4,38,785.83,7.0,0,0,0,E-mail,1,checkup_gratuito
C06646,Ka,2021,84699,PF,Nordeste,17.7,0,3,14,513.94,7.0,0,0,1,App FordPass,1,revisao_preco_fixo
C03035,Bronco Sport,2020,91264,PF,Nordeste,29.4,0,8,14,1523.36,7.0,0,1,0,WhatsApp,0,checkup_gratuito
C05499,EcoSport,2016,121478,PF,Sudeste,8.6,0,9,7,884.23,7.0,0,0,0,WhatsApp,0,desconto_pecas
C09146,EcoSport,2018,61173,PF,Nordeste,16.5,0,4,60,869.81,5.0,0,0,1,WhatsApp,1,checkup_gratuito
C06272,Territory,2023,52749,PF,Sudeste,10.0,1,2,8,454.72,8.0,0,0,0,E-mail,0,pacote_revisoes
C03091,Mustang,2016,123079,PF,Nordeste,17.6,0,9,27,1629.63,9.0,0,1,0,Ligacao,0,checkup_gratuito
C03456,Transit,2014,363008,PJ_Frota,Sudeste,8.8,0,23,17,1699.5,8.0,0,0,0,WhatsApp,1,checkup_gratuito
C07896,Territory,2023,29616,PF,Norte,35.3,1,2,5,1364.01,8.0,1,0,1,App FordPass,0,pacote_revisoes
C00239,Ka,2020,56278,PF,Sudeste,7.5,0,0,23,461.97,7.0,0,1,0,WhatsApp,1,checkup_gratuito
C02085,EcoSport,2017,219274,PF,Nordeste,52.4,0,15,16,666.21,8.0,1,0,0,Ligacao,1,desconto_pecas
C02483,EcoSport,2020,43659,PF,Centro-Oeste,61.5,0,2,41,465.15,7.0,1,0,0,WhatsApp,1,checkup_gratuito
C04110,EcoSport,2019,47733,PF,Norte,24.9,0,0,6,544.91,7.0,1,0,2,App FordPass,1,revisao_preco_fixo
C06011,Bronco Sport,2014,325705,PF,SUDESTE,9.1,0,9,60,1152.84,,0,0,0,WhatsApp,1,desconto_pecas
C08938,Ranger,2022,85038,PJ_Frota,Sudeste,11.2,0,1,6,805.73,6.0,1,0,0,E-mail,0,plano_frota
C00798,Bronco Sport,2019,142465,PF,Norte,14.3,0,11,40,1739.55,4.0,0,0,1,WhatsApp,1,checkup_gratuito
C05935,Ranger,2022,23250,PF,Sudeste,13.7,0,1,1,804.68,9.0,0,0,0,App FordPass,0,revisao_preco_fixo
C03646,EcoSport,2014,312957,PF,Nordeste ,54.7,0,10,4,1227.9,5.0,0,0,0,WhatsApp,1,desconto_pecas
C04777,Ka,2017,237888,PF,SUDESTE,6.2,0,6,10,765.74,9.0,0,0,0,Ligacao,0,desconto_pecas
C07538,Ka,2019,116415,PF,Sul,12.1,0,6,3,868.51,2.0,1,0,3,Ligacao,1,checkup_gratuito
C07913,Maverick,2018,154215,PF,Norte,56.0,0,3,21,1291.48,8.0,0,0,0,App FordPass,1,checkup_gratuito
C07751,EcoSport,2021,48784,PF,SUDESTE,13.5,0,1,2,606.65,8.0,1,0,0,App FordPass,0,desconto_pecas
C03953,Bronco Sport,2022,83003,PF,Centro-Oeste,27.1,0,6,18,805.17,6.0,0,0,0,E-mail,1,checkup_gratuito
C08467,Ranger,2020,133855,PF,SUDESTE,11.6,0,9,12,1325.48,7.0,1,0,0,WhatsApp,0,revisao_preco_fixo
C07162,Territory,2026,3854,PF,Sudeste,20.1,1,0,2,1299.16,10.0,1,0,0,App FordPass,0,pacote_revisoes
C05733,Mustang,2020,59576,PF,Nordeste,5.8,0,1,8,1614.28,8.0,1,0,0,App FordPass,0,revisao_preco_fixo
C04555,Bronco Sport,2023,29246,PF,Nordeste,18.2,1,1,3,1175.57,5.0,1,0,0,WhatsApp,0,pacote_revisoes
C02918,Ka,2015,188916,PF,Sudeste,36.0,0,4,20,1015.93,6.0,0,0,0,E-mail,1,desconto_pecas
C06019,Transit,2020,195128,PJ_Frota,norte,16.2,0,6,60,1034.14,6.0,1,0,0,WhatsApp,1,plano_frota
C02025,Ranger,2014,219794,PJ_Frota,Nordeste,30.0,0,3,44,1271.85,8.0,0,0,0,WhatsApp,1,desconto_pecas
C05543,Territory,2015,103611,PF,Sul,14.2,0,6,44,1413.39,9.0,0,0,0,WhatsApp,0,desconto_pecas
C07002,Territory,2024,15158,PF,Sudeste,5.9,1,2,2,750.71,5.0,0,0,0,WhatsApp,0,pacote_revisoes
C04355,Territory,2014,302372,PF,Nordeste,14.1,0,23,10,789.47,7.0,0,0,0,Ligacao,0,desconto_pecas
C06561,EcoSport,2019,61182,PF,SUDESTE,7.9,0,4,53,879.02,8.0,0,0,0,WhatsApp,1,revisao_preco_fixo
C04090,Ka,2018,150813,PF,Sul,15.1,0,4,60,602.06,8.0,1,0,1,App FordPass,1,checkup_gratuito
C08693,Ka,2018,174042,PF,Sul,4.9,0,11,20,806.62,8.0,0,0,0,WhatsApp,0,desconto_pecas
C01281,Ranger,2026,7723,PF,Nordeste,,1,0,1,729.72,7.0,0,0,0,App FordPass,0,pacote_revisoes
C04941,Ka,2017,53521,PF,Norte,44.7,0,0,48,947.59,6.0,0,0,0,App FordPass,1,checkup_gratuito
C08853,Territory,2017,88309,PF,Nordeste,42.7,0,2,24,1006.7,5.0,0,0,1,WhatsApp,1,revisao_preco_fixo
C05710,Bronco Sport,2015,145365,PF,Norte,18.7,0,2,13,1084.88,8.0,1,0,0,Ligacao,1,desconto_pecas
C02030,Ka,2014,127908,PF,Sudeste,5.2,0,5,60,692.87,7.0,0,0,0,Ligacao,1,checkup_gratuito
C09586,EcoSport,2018,101778,PF,Sudeste,12.5,0,8,15,747.24,3.0,0,0,1,WhatsApp,0,desconto_pecas
C01638,EcoSport,2019,248650,PF,Norte,16.0,0,20,8,817.48,6.0,0,0,1,App FordPass,0,desconto_pecas
C01742,Ka,2019,223489,PJ_Frota,norte,28.0,0,11,60,707.16,10.0,1,0,0,WhatsApp,1,plano_frota
C00003,Territory,2019,113007,PF,Sudeste,4.5,0,3,7,1829.75,6.0,0,0,0,WhatsApp,1,desconto_pecas
C09105,Bronco Sport,2021,94249,PF,Sudeste,13.7,0,2,60,1356.89,9.0,0,1,0,WhatsApp,1,revisao_preco_fixo
C07454,Transit,2015,180497,PF,Sudeste,8.9,0,12,37,1278.42,5.0,0,0,3,E-mail,1,revisao_preco_fixo
C07667,Ranger,2016,189547,PF,Sul,11.3,0,11,8,1142.6,8.0,0,1,0,,1,desconto_pecas
C00866,Maverick,2023,11965,PF,Sudeste,6.5,1,3,1,611.04,9.0,0,0,0,Ligacao,0,pacote_revisoes
C05804,Ranger,2015,147572,PF,Nordeste,21.0,0,7,39,1421.56,9.0,0,0,0,E-mail,1,revisao_preco_fixo
C04012,Transit,2014,175972,PF,Nordeste ,24.0,0,7,60,1325.53,7.0,0,0,0,App FordPass,1,checkup_gratuito
C04309,Territory,2023,47478,PF,Sudeste,8.7,1,4,9,645.01,7.0,1,0,1,Ligacao,0,pacote_revisoes
C06082,Territory,2021,111911,PF,Nordeste,21.5,0,5,17,534.15,7.0,0,0,0,WhatsApp,0,revisao_preco_fixo
C02427,Territory,2021,57546,PF,Centro-Oeste,102.3,0,2,6,1424.99,8.0,0,0,1,,0,revisao_preco_fixo
C01215,Ranger,2022,70436,PF,Sudeste,8.4,0,1,1,1359.25,8.0,0,0,0,App FordPass,0,revisao_preco_fixo
C03279,Ka,2020,136028,PF,Sul,30.0,0,4,6,513.83,7.0,1,0,0,WhatsApp,0,desconto_pecas
C01934,Bronco Sport,2023,37113,PF,Centro-Oeste,16.0,1,3,8,885.51,7.0,1,0,2,App FordPass,0,pacote_revisoes
C01545,Ranger,2015,207823,PJ_Frota,Nordeste,30.5,0,9,60,956.74,8.0,0,0,1,E-mail,1,checkup_gratuito
C00181,Mustang,2021,79881,PF,Nordeste ,15.9,0,4,21,1185.35,7.0,1,1,0,App FordPass,0,checkup_gratuito
C08282,Ranger,2016,274998,PJ_Frota,Norte,14.8,0,19,30,1224.23,8.0,0,0,0,Ligacao,0,plano_frota
C09358,Territory,2014,117725,PF,Nordeste,13.6,0,2,60,915.87,4.0,0,0,0,E-mail,1,checkup_gratuito
C05769,Bronco Sport,2020,51737,PF,Nordeste,21.5,0,3,15,1508.06,6.0,0,0,0,WhatsApp,1,revisao_preco_fixo
C02596,Ka,2019,198978,PJ_Frota,Norte,32.0,0,13,9,895.69,8.0,0,0,2,E-mail,0,plano_frota
C07677,Transit,2014,155667,PF,Sul,23.7,0,4,6,968.57,9.0,0,0,0,App FordPass,1,desconto_pecas
C00625,Ranger,2020,192702,PJ_Frota,Nordeste,9.0,0,10,1,605.4,7.0,0,1,0,Ligacao,0,plano_frota
C08688,Ka,2017,268380,PJ_Frota,Sul,23.5,0,10,40,281.18,6.0,0,1,0,E-mail,0,plano_frota
C05252,EcoSport,2019,91788,PF,Centro-Oeste,46.5,0,1,18,702.44,5.0,0,0,0,Ligacao,1,checkup_gratuito
C03535,Maverick,2018,159544,PF,Sul,24.3,0,10,15,1248.35,8.0,1,1,0,WhatsApp,0,checkup_gratuito
C05169,EcoSport,2018,78863,PF,Nordeste ,7.7,0,7,9,593.35,6.0,0,0,0,E-mail,0,checkup_gratuito
C06257,Ka,2021,115914,PJ_Frota,Sudeste,6.7,0,4,10,556.49,4.0,0,0,1,E-mail,1,plano_frota
C03919,Ranger,2021,54662,PF,Norte,29.5,0,4,9,937.38,7.0,1,0,0,WhatsApp,1,revisao_preco_fixo
C01850,EcoSport,2016,74991,PF,Sudeste,13.4,0,5,8,841.91,7.0,0,0,0,WhatsApp,0,pacote_revisoes
C00684,Territory,2016,119928,PF,Nordeste,10.8,0,8,3,1306.59,3.0,0,0,0,WhatsApp,0,desconto_pecas
C08951,Ranger,2020,62566,PF,Sudeste,9.3,0,6,8,,5.0,0,1,0,E-mail,0,checkup_gratuito
C08585,Ranger,2022,49910,PF,Sudeste,6.3,0,2,5,550.52,6.0,1,0,1,App FordPass,0,pacote_revisoes
C07705,Ranger,2015,108808,PF,Sudeste,4.1,0,0,30,1758.99,,0,0,1,Ligacao,1,revisao_preco_fixo
C08595,Bronco Sport,2026,3967,PF,Sudeste,12.5,1,0,4,523.21,7.0,1,0,1,App FordPass,0,pacote_revisoes
C04543,Ranger,2022,43527,PF,Centro-Oeste,7.4,0,0,15,1224.24,6.0,1,1,0,E-mail,1,checkup_gratuito
C05241,EcoSport,2020,54053,PF,Centro-Oeste,46.7,0,3,2,,6.0,0,0,1,WhatsApp,1,revisao_preco_fixo
C01209,Ranger,2025,40423,PJ_Frota,Sudeste,18.0,1,4,7,812.44,6.0,1,0,0,App FordPass,1,plano_frota
C07433,Ka,2018,214554,PF,Sudeste,4.7,0,5,18,919.24,6.0,1,0,1,Ligacao,1,desconto_pecas
C02769,Transit,2016,252586,PJ_Frota,Sudeste,12.6,0,20,33,1429.35,9.0,1,0,0,WhatsApp,0,desconto_pecas
C08109,Territory,2014,129198,PF,Centro-Oeste,28.5,0,5,47,827.04,8.0,0,0,0,WhatsApp,1,checkup_gratuito
C06354,EcoSport,2014,155089,PF,Nordeste,24.4,0,1,60,2215.48,7.0,0,0,0,WhatsApp,1,revisao_preco_fixo
C00713,Mustang,2017,66869,PF,Sudeste,19.5,0,1,38,,8.0,0,0,1,App FordPass,1,revisao_preco_fixo
C03041,Transit,2021,76527,PJ_Frota,Sul,8.1,0,2,23,856.84,9.0,1,0,0,Ligacao,1,plano_frota
C07965,Maverick,2025,12192,PF,Nordeste,22.1,1,1,0,611.83,8.0,0,0,0,WhatsApp,0,pacote_revisoes
C03098,EcoSport,2016,92768,PF,Nordeste,11.1,0,8,50,618.73,5.0,0,0,0,Ligacao,1,desconto_pecas
C03427,Maverick,2016,165648,PJ_Frota,Sul,21.7,0,13,26,1051.59,7.0,1,1,0,App FordPass,1,checkup_gratuito
C03650,EcoSport,2015,354865,PJ_Frota,Nordeste,61.8,0,15,60,664.45,4.0,1,0,1,App FordPass,1,desconto_pecas
C02822,Ka,2018,73334,PF,Sudeste,13.8,0,5,17,1021.86,5.0,0,0,0,E-mail,0,pacote_revisoes
C03196,Ranger,2020,66944,PF,Centro-Oeste,24.7,0,1,27,1093.98,4.0,1,0,1,WhatsApp,1,revisao_preco_fixo
C06777,Ranger,2022,174013,PJ_Frota,Sudeste,4.2,0,5,2,1418.4,6.0,0,0,1,WhatsApp,1,plano_frota
C09700,Ka,2021,73134,PF,Sudeste,10.1,0,5,24,664.01,8.0,1,0,0,App FordPass,1,revisao_preco_fixo
C02941,EcoSport,2018,260802,PJ_Frota,Sul,10.3,0,20,2,573.9,9.0,0,0,1,Ligacao,0,desconto_pecas
C05756,Ka,2015,743538,PJ_Frota,Sudeste,19.4,0,48,36,523.37,7.0,0,0,1,WhatsApp,1,desconto_pecas
C02299,Bronco Sport,2019,74581,PF,Sudeste,6.9,0,3,5,1229.22,7.0,0,0,0,Ligacao,1,revisao_preco_fixo
C07334,Ranger,2016,236728,PF,Sudeste,6.4,0,7,22,1772.59,9.0,0,0,1,E-mail,0,desconto_pecas
C08587,Ranger,2014,543983,PJ_Frota,Sudeste,6.5,0,42,22,1062.92,9.0,0,0,0,App FordPass,0,desconto_pecas
C08661,EcoSport,2014,132412,PF,Sudeste,4.9,0,5,60,1466.58,9.0,0,0,1,WhatsApp,1,checkup_gratuito
C05557,EcoSport,2014,159873,PF,Sudeste,28.2,0,5,60,719.62,8.0,1,0,0,App FordPass,1,desconto_pecas
C04939,Ka,2019,188078,PF,Sudeste,12.1,0,10,14,425.41,8.0,1,0,1,E-mail,0,plano_frota
C01104,Ka,2019,48626,PF,Centro-Oeste,20.7,0,5,6,589.33,9.0,1,0,0,WhatsApp,0,revisao_preco_fixo
C09571,Territory,2023,44335,PF,Nordeste,,1,2,13,630.16,7.0,0,0,0,WhatsApp,0,pacote_revisoes
C06391,Territory,2021,50181,PF,Norte,35.7,0,4,11,744.92,,1,0,0,App FordPass,0,revisao_preco_fixo
C08573,Ranger,2023,56101,PF,Nordeste,6.9,1,1,13,1366.94,6.0,1,0,0,WhatsApp,0,pacote_revisoes
C06209,Maverick,2016,207035,PF,Sudeste,11.6,0,9,57,1860.4,5.0,0,0,0,E-mail,1,desconto_pecas
C04680,Transit,2026,13030,PJ_Frota,Centro-Oeste,44.2,1,1,5,1362.15,7.0,1,0,1,App FordPass,0,plano_frota
C00242,EcoSport,2014,111702,PF,Sudeste,5.2,0,2,3,1439.87,5.0,0,1,0,E-mail,1,checkup_gratuito
C03363,Territory,2016,109833,PF,Norte,37.6,0,1,60,1062.09,10.0,0,0,0,,1,checkup_gratuito
C08791,Maverick,2026,3395,PF,Norte,143.6,1,0,8,883.11,10.0,1,0,0,App FordPass,0,pacote_revisoes
C06373,Bronco Sport,2015,125992,PF,Nordeste,6.4,0,0,56,907.22,8.0,0,0,1,E-mail,1,checkup_gratuito
C05719,Ka,2014,126176,PF,Nordeste,22.0,0,9,56,,7.0,0,0,0,App FordPass,1,checkup_gratuito
C00088,Ka,2019,65020,PF,Sudeste,9.6,0,7,15,,10.0,0,0,0,Ligacao,0,revisao_preco_fixo
C09330,Territory,2025,6381,PF,Nordeste,16.4,1,1,8,901.21,8.0,0,0,0,WhatsApp,0,revisao_preco_fixo
C06310,Ka,2015,114525,PF,Nordeste,7.6,0,4,24,516.6,,0,0,1,WhatsApp,1,checkup_gratuito
C01629,Ranger,2026,10717,PJ_Frota,Nordeste,27.6,1,1,1,1233.0,,0,0,1,WhatsApp,0,plano_frota
C02916,EcoSport,2021,43018,PF,Sul,3.5,0,4,9,572.98,10.0,0,0,0,E-mail,0,pacote_revisoes
C08025,Ranger,2021,55023,PF,Norte,27.5,0,4,8,1373.99,6.0,1,0,0,App FordPass,0,revisao_preco_fixo
C09624,Maverick,2025,13123,PF,Sudeste,7.2,1,1,7,427.18,6.0,1,0,0,WhatsApp,0,pacote_revisoes
C08630,Ranger,2022,55239,PJ_Frota,Sudeste,20.6,0,5,3,1194.48,9.0,0,0,2,App FordPass,0,plano_frota
C09423,EcoSport,2015,94429,PF,Norte,48.3,0,3,60,812.21,9.0,0,0,1,App FordPass,1,desconto_pecas
C04403,EcoSport,2015,133470,PF,Nordeste,26.4,0,7,3,,10.0,0,0,0,App FordPass,0,desconto_pecas
C03146,Bronco Sport,2016,103309,PF,Norte,44.0,0,5,37,1279.9,6.0,0,0,2,WhatsApp,1,revisao_preco_fixo
C03438,Ka,2021,72776,PF,Sudeste,8.0,0,2,48,526.04,10.0,1,0,0,App FordPass,1,revisao_preco_fixo
C02344,Bronco Sport,2026,5681,PF,Centro-Oeste,42.5,1,0,1,893.38,,1,0,1,WhatsApp,0,revisao_preco_fixo
C05361,Ka,2016,183701,PF,Sul,4.4,0,9,17,858.45,9.0,0,0,0,WhatsApp,1,desconto_pecas
C06022,Ka,2017,303611,PJ_Frota,Norte,52.8,0,11,12,707.13,8.0,1,0,0,WhatsApp,1,desconto_pecas
C08339,Bronco Sport,2021,37143,PF,Sul,14.2,0,4,2,890.24,3.0,0,0,0,WhatsApp,0,checkup_gratuito
C08920,Ranger,2014,569348,PJ_Frota,Norte,13.4,0,49,40,1627.88,8.0,0,0,0,WhatsApp,0,desconto_pecas
C09726,EcoSport,2017,68832,PF,Nordeste,20.7,0,3,7,1131.35,7.0,0,0,0,App FordPass,1,revisao_preco_fixo
C08071,Ranger,2026,2260,PF,Norte,96.6,1,0,3,606.71,6.0,1,0,0,,0,pacote_revisoes
C02380,Maverick,2025,31797,PF,Nordeste,61.0,1,0,3,786.13,4.0,1,0,0,E-mail,1,pacote_revisoes
C05048,Ka,2021,47487,PF,Nordeste,7.2,0,4,17,,7.0,0,0,0,E-mail,1,checkup_gratuito
C09132,Ranger,2025,7252,PF,Nordeste,7.5,1,1,1,925.21,6.0,0,0,0,WhatsApp,0,pacote_revisoes
C03599,Ranger,2021,158467,PF,Nordeste,28.2,0,4,2,1501.23,8.0,1,0,0,WhatsApp,1,revisao_preco_fixo
C01734,Maverick,2026,3767,PF,Centro-Oeste,14.3,1,0,3,756.31,4.0,1,0,0,WhatsApp,0,pacote_revisoes
C05829,Maverick,2024,51064,PF,Sudeste,5.7,1,4,7,17112.25,6.0,0,0,0,Ligacao,0,pacote_revisoes
C07411,Bronco Sport,2014,138807,PF,Norte,8.2,0,11,25,1763.19,7.0,0,0,0,E-mail,1,desconto_pecas
C09499,EcoSport,2014,168693,PF,Centro-Oeste,30.5,0,7,14,511.7,5.0,0,0,0,WhatsApp,1,checkup_gratuito
C06943,Territory,2021,58614,PF,Norte,14.5,0,5,3,918.91,8.0,0,0,1,App FordPass,0,revisao_preco_fixo
C00993,EcoSport,2014,175046,PF,Sudeste,9.5,0,16,14,838.42,9.0,0,0,0,WhatsApp,1,desconto_pecas
C08917,EcoSport,2014,172948,PF,Nordeste,10.3,0,4,29,576.54,6.0,0,0,0,WhatsApp,1,desconto_pecas
C03973,Ka,2016,70901,PF,Sudeste,2.4,0,4,15,712.68,7.0,0,0,1,WhatsApp,0,desconto_pecas
C00392,Territory,2015,209984,PF,Sul,32.9,0,0,6,1022.99,6.0,0,0,0,Ligacao,1,desconto_pecas
C02917,Maverick,2015,133533,PF,Centro-Oeste,21.7,0,3,8,828.54,,0,0,1,WhatsApp,1,desconto_pecas
C01950,Transit,2022,158999,PJ_Frota,Centro-Oeste,18.4,0,8,20,1124.2,7.0,0,0,1,App FordPass,0,plano_frota
C02195,Maverick,2025,11320,PF,Sudeste,17.9,1,1,19,614.63,6.0,1,0,0,App FordPass,0,pacote_revisoes
C07612,Territory,2020,42059,PF,Sudeste,5.1,0,3,1,1027.15,6.0,1,0,0,WhatsApp,0,pacote_revisoes
C06995,Maverick,2023,63542,PF,Sudeste,9.9,1,5,23,1051.38,6.0,1,0,0,App FordPass,0,pacote_revisoes
C03509,EcoSport,2019,65177,PF,Centro Oeste,34.1,0,6,4,1416.18,7.0,1,0,1,App FordPass,0,revisao_preco_fixo
C09670,EcoSport,2020,69491,PF,Sudeste,5.2,0,1,28,665.26,9.0,0,0,0,WhatsApp,0,revisao_preco_fixo
C00862,Maverick,2016,171966,PF,Sudeste,5.6,0,12,60,1116.44,9.0,0,0,1,App FordPass,1,desconto_pecas
C08808,Mustang,2019,68649,PF,Centro-Oeste,11.5,0,1,12,1423.74,7.0,0,0,0,,1,revisao_preco_fixo
C09307,Transit,2017,256603,PJ_Frota,Sudeste,6.7,0,21,47,928.03,5.0,1,0,0,WhatsApp,1,checkup_gratuito
C02546,Transit,2017,156348,PJ_Frota,Centro-Oeste,23.1,0,12,5,819.51,6.0,0,0,0,E-mail,0,desconto_pecas
C00261,Maverick,2021,81902,PF,Norte,13.3,0,1,8,1162.69,3.0,0,1,0,E-mail,1,checkup_gratuito
C00606,Maverick,2021,63473,PF,Sudeste,10.5,0,4,13,1158.68,,0,0,0,E-mail,0,revisao_preco_fixo
C08606,EcoSport,2014,200473,PF,Nordeste,9.8,0,14,33,911.55,10.0,0,0,1,WhatsApp,1,desconto_pecas
C07755,Mustang,2014,182924,PF,Nordeste ,27.6,0,2,10,,4.0,0,0,0,Ligacao,1,revisao_preco_fixo
C09143,Territory,2017,122773,PF,Nordeste,4.5,0,6,7,1030.65,,0,0,0,App FordPass,1,revisao_preco_fixo
C05877,Ka,2014,85609,PF,Norte,29.8,0,4,7,637.45,8.0,0,0,2,E-mail,1,checkup_gratuito
C06617,Maverick,2026,3268,PF,Centro-Oeste,37.9,1,0,2,1393.31,7.0,1,0,0,App FordPass,0,checkup_gratuito
C08207,EcoSport,2018,139605,PF,Norte,60.7,0,4,9,758.18,7.0,1,0,0,WhatsApp,1,desconto_pecas
C02008,Ka,2015,126944,PF,Nordeste,18.2,0,11,2,1229.47,8.0,0,0,0,WhatsApp,0,desconto_pecas
C02434,Territory,2023,20683,PF,Nordeste,13.2,1,3,10,589.0,9.0,0,0,1,Ligacao,0,pacote_revisoes
C09634,Territory,2016,100334,PF,Nordeste,8.4,0,6,35,1025.67,7.0,0,0,1,WhatsApp,0,checkup_gratuito
C00240,Maverick,2016,146086,PF,Sudeste,12.0,0,9,60,1006.45,6.0,0,0,0,Ligacao,1,checkup_gratuito
C09638,Territory,2025,20540,PF,SUDESTE,17.7,1,2,1,912.09,6.0,0,0,0,WhatsApp,0,pacote_revisoes
C06279,Ka,2015,228463,PF,SUDESTE,5.5,0,8,47,595.21,,0,0,0,Ligacao,1,desconto_pecas
C03414,EcoSport,2017,189631,PF,Sudeste,4.3,0,4,53,766.11,6.0,0,0,0,Ligacao,1,desconto_pecas
C00885,Ranger,2015,89558,PF,Sudeste,5.7,0,6,60,1561.11,5.0,0,0,0,WhatsApp,1,checkup_gratuito
C07211,Maverick,2020,64759,PF,Nordeste,9.9,0,4,28,917.49,7.0,1,0,0,WhatsApp,0,revisao_preco_fixo
C08382,Ka,2020,53210,PF,Sudeste,10.9,0,6,0,472.43,9.0,0,0,0,E-mail,0,revisao_preco_fixo
C09795,Territory,2019,40320,PF,Sudeste,9.3,0,6,54,1147.83,8.0,0,0,0,E-mail,0,checkup_gratuito
C04528,EcoSport,2015,138534,PF,Sudeste,28.2,0,5,8,1068.22,8.0,0,0,0,App FordPass,0,desconto_pecas
C02641,Bronco Sport,2022,70955,PF,Sul,6.7,0,5,3,1124.11,7.0,1,1,0,Ligacao,0,revisao_preco_fixo
C06693,Maverick,2020,87372,PF,Sudeste,11.0,0,0,0,866.15,8.0,1,0,1,E-mail,0,pacote_revisoes
C05706,Mustang,2014,497437,PJ_Frota,Nordeste,13.9,0,19,29,1464.78,5.0,0,0,0,WhatsApp,0,desconto_pecas
C08288,EcoSport,2018,88189,PF,Sudeste,10.1,0,3,17,792.79,5.0,0,0,0,WhatsApp,1,checkup_gratuito
C04811,Territory,2026,3687,PF,SUDESTE,7.4,1,0,2,836.55,6.0,0,0,0,App FordPass,0,pacote_revisoes
C06584,Ranger,2025,45470,PJ_Frota,Norte,42.1,1,2,14,840.61,7.0,0,0,0,App FordPass,0,plano_frota
C03588,Bronco Sport,2018,75127,PF,Nordeste,25.0,0,3,0,1109.13,6.0,0,0,0,Ligacao,1,desconto_pecas
C00774,Ka,2019,134393,PF,SUDESTE,5.9,0,8,2,575.86,6.0,0,1,0,App FordPass,1,revisao_preco_fixo
C09632,EcoSport,2017,229307,PF,Sul,7.8,0,12,25,627.95,8.0,1,0,0,App FordPass,1,desconto_pecas
C01145,EcoSport,2019,55349,PF,Nordeste,6.4,0,5,0,387.26,6.0,1,0,0,App FordPass,0,revisao_preco_fixo
C05715,Ka,2019,133004,PF,Sudeste,28.0,0,4,20,465.39,7.0,1,0,1,App FordPass,0,revisao_preco_fixo
C06291,Transit,2020,113679,PJ_Frota,Sudeste,2.6,0,4,25,894.85,6.0,0,1,1,WhatsApp,0,plano_frota
C08347,Ka,2016,105250,PF,Nordeste,29.1,0,7,60,726.96,8.0,0,0,0,E-mail,1,checkup_gratuito
C02130,EcoSport,2014,302265,PF,Sul,9.9,0,26,30,559.37,6.0,0,0,2,WhatsApp,1,desconto_pecas
C05291,Ranger,2026,4059,PF,Sudeste,25.2,1,0,2,925.16,7.0,1,0,1,App FordPass,1,revisao_preco_fixo
C07415,Maverick,2019,105371,PF,Sudeste,,0,9,21,1424.28,5.0,0,0,1,Ligacao,0,revisao_preco_fixo
C05628,Ka,2015,153498,PJ_Frota,Nordeste,18.6,0,2,47,603.96,,0,1,0,App FordPass,1,checkup_gratuito
C08088,Ranger,2025,13156,PF,Sudeste,1.5,1,1,7,869.68,,1,0,0,App FordPass,0,pacote_revisoes
C03784,Ranger,2021,60320,PF,Centro-Oeste,35.5,0,2,9,574.19,4.0,0,0,2,WhatsApp,1,revisao_preco_fixo
C03243,EcoSport,2019,71377,PF,Sudeste,6.4,0,7,12,636.98,7.0,0,0,0,WhatsApp,0,revisao_preco_fixo
C07991,Transit,2017,116034,PF,Sudeste,8.9,0,4,60,906.62,,0,0,0,WhatsApp,1,checkup_gratuito
C05571,Ka,2015,116453,PF,Norte,57.0,0,5,9,838.69,,0,0,0,WhatsApp,0,desconto_pecas
C01380,Ranger,2016,86861,PF,Nordeste,10.6,0,6,17,844.47,8.0,0,0,0,App FordPass,0,desconto_pecas
C05550,EcoSport,2020,274056,PJ_Frota,Nordeste,17.5,0,15,8,553.51,5.0,0,0,0,WhatsApp,0,plano_frota
C05188,Mustang,2023,41878,PF,Sudeste,23.4,1,1,1,2315.62,,0,0,0,E-mail,0,pacote_revisoes
C07820,Territory,2024,26890,PF,Nordeste,17.4,1,0,2,1097.1,7.0,1,0,1,Ligacao,0,pacote_revisoes
C09350,Bronco Sport,2020,82117,PF,Sudeste,5.0,0,4,53,973.14,7.0,0,0,0,Ligacao,1,checkup_gratuito
C08026,Ranger,2021,72726,PF,Sul,10.4,0,3,9,925.47,,0,1,1,E-mail,0,revisao_preco_fixo
C06569,Mustang,2024,23855,PF,Sudeste,8.2,1,2,2,1410.46,7.0,0,0,1,E-mail,0,pacote_revisoes
C07502,Ka,2020,51183,PF,Sudeste,7.8,0,4,4,480.9,6.0,0,1,0,E-mail,0,desconto_pecas
C04141,Ranger,2019,93810,PF,Sudeste,8.8,0,6,12,1492.02,,0,0,0,E-mail,1,revisao_preco_fixo
C03592,Maverick,2023,76723,PJ_Frota,Nordeste,7.9,1,5,2,891.82,6.0,0,0,0,E-mail,0,plano_frota
C09725,Maverick,2014,186301,PF,Sul,13.5,0,6,12,951.18,,0,0,1,App FordPass,1,desconto_pecas
C09397,Maverick,2025,13791,PF,Sudeste,12.5,1,1,4,916.48,10.0,1,1,0,App FordPass,0,pacote_revisoes
C06339,Bronco Sport,2025,8475,PF,Sudeste,6.5,1,1,2,455.28,5.0,1,0,0,App FordPass,0,pacote_revisoes
C01778,EcoSport,2015,145778,PF,Sudeste,9.7,0,6,16,845.17,9.0,0,0,0,E-mail,0,desconto_pecas
C03729,Bronco Sport,2014,142691,PF,Norte,12.3,0,1,57,1463.17,5.0,0,0,0,WhatsApp,1,checkup_gratuito
C05317,Mustang,2022,56998,PF,Sudeste,,0,2,19,2549.37,6.0,1,0,0,WhatsApp,0,revisao_preco_fixo
C03954,Ka,2021,59858,PF,Norte,26.3,0,2,23,563.12,8.0,0,0,0,WhatsApp,1,desconto_pecas
C04993,EcoSport,2014,622986,PJ_Frota,Sudeste,15.9,0,17,7,761.35,5.0,0,0,1,Ligacao,0,desconto_pecas
C00857,Maverick,2024,22577,PF,Nordeste,20.8,1,0,16,905.9,7.0,1,0,1,App FordPass,0,pacote_revisoes
C09792,Ka,2020,99649,PF,Norte,51.2,0,7,8,352.09,8.0,0,0,0,E-mail,0,revisao_preco_fixo
C02370,Ranger,2017,261987,PJ_Frota,Centro-Oeste,58.9,0,11,16,1938.31,10.0,0,1,0,WhatsApp,0,plano_frota
C02238,Ranger,2026,4490,PF,Norte,42.5,1,0,8,877.33,5.0,1,0,2,E-mail,1,revisao_preco_fixo
C00825,Ka,2015,236623,PF,Nordeste,60.9,0,10,28,817.29,9.0,0,0,0,E-mail,1,desconto_pecas
C07752,Mustang,2018,99454,PF,Norte,60.1,0,2,44,1218.88,4.0,0,0,1,E-mail,1,checkup_gratuito
C09760,Mustang,2014,137133,PF,Nordeste,26.3,0,9,6,2669.0,,0,0,0,WhatsApp,0,desconto_pecas
C02568,Territory,2025,22861,PF,Norte,46.6,1,0,10,867.67,,1,0,0,WhatsApp,0,checkup_gratuito
C04227,Ka,2017,128861,PF,SUDESTE,14.7,0,6,60,839.88,6.0,0,0,0,Ligacao,1,checkup_gratuito
C04606,Maverick,2016,106357,PF,Sudeste,6.0,0,9,57,781.48,9.0,1,0,0,Ligacao,0,checkup_gratuito
C01402,Transit,2014,426499,PJ_Frota,Sudeste,3.4,0,19,4,1266.24,9.0,0,0,0,App FordPass,1,desconto_pecas
C00671,Territory,2026,8905,PJ_Frota,Nordeste,11.4,1,0,0,1764.59,8.0,1,0,0,E-mail,0,plano_frota
C06819,Transit,2025,46548,PJ_Frota,Nordeste,26.8,1,4,1,1106.47,6.0,1,0,1,Ligacao,0,plano_frota
C00182,Ranger,2014,249734,PF,Sudeste,5.9,0,21,60,1035.35,8.0,0,0,1,,1,desconto_pecas
C09575,Ranger,2021,36131,PF,Sudeste,6.4,0,3,30,850.02,10.0,1,1,0,App FordPass,0,checkup_gratuito
C08324,Maverick,2019,133383,PF,Sudeste,15.5,0,7,1,711.22,7.0,1,0,0,WhatsApp,0,revisao_preco_fixo
C04582,Maverick,2024,21670,PF,Sul,17.2,1,2,4,742.05,10.0,0,0,0,WhatsApp,0,pacote_revisoes
C01920,Ranger,2024,18324,PF,Nordeste,12.1,1,2,4,1270.71,,0,0,1,E-mail,0,pacote_revisoes
C05422,Maverick,2015,157810,PF,Sul,5.2,0,13,60,948.54,7.0,0,1,1,WhatsApp,1,checkup_gratuito
C07556,EcoSport,2015,131393,PF,Centro-Oeste,10.9,0,3,12,632.04,4.0,0,0,1,WhatsApp,1,desconto_pecas
C08097,Ranger,2016,70478,PF,Sul,24.6,0,1,7,1031.77,8.0,1,0,0,App FordPass,1,revisao_preco_fixo
C05098,Maverick,2026,4507,PF,Centro-Oeste,46.8,1,0,2,751.81,9.0,1,0,0,,0,pacote_revisoes
C03828,Transit,2019,84703,PJ_Frota,Sudeste,3.8,0,3,7,1090.36,9.0,0,1,0,Ligacao,0,plano_frota
C05159,EcoSport,2019,86155,PF,Sudeste,5.2,0,6,18,741.67,5.0,1,0,1,App FordPass,0,revisao_preco_fixo
C06565,Territory,2020,103352,PF,Nordeste,16.6,0,7,21,994.51,6.0,0,1,1,WhatsApp,1,checkup_gratuito
C06221,EcoSport,2015,149551,PF,Sul,6.9,0,0,2,866.95,6.0,0,0,0,WhatsApp,1,desconto_pecas
C07514,Bronco Sport,2022,32028,PF,Nordeste,,0,0,3,1335.38,3.0,0,0,0,WhatsApp,1,checkup_gratuito
C05976,Bronco Sport,2018,112666,PF,Sul,11.0,0,6,13,1748.16,6.0,0,0,0,Ligacao,0,desconto_pecas
C04428,EcoSport,2015,104048,PF,Sudeste,15.7,0,2,40,1105.18,8.0,0,0,0,WhatsApp,1,desconto_pecas
C08741,Territory,2021,160624,PJ_Frota,Sudeste,4.5,0,11,33,932.02,6.0,0,0,0,WhatsApp,1,revisao_preco_fixo
C00461,Ka,2019,119732,PF,Nordeste,10.4,0,2,55,748.31,8.0,0,0,0,WhatsApp,1,checkup_gratuito
C02764,Ka,2015,144037,PF,Sul,6.1,0,5,14,933.32,9.0,0,0,0,Ligacao,1,desconto_pecas
C05277,Bronco Sport,2017,161154,PF,Nordeste ,24.7,0,10,1,1589.12,7.0,0,1,0,E-mail,0,revisao_preco_fixo
C04579,Ka,2020,182577,PF,Sudeste,4.2,0,15,7,486.46,6.0,0,0,2,WhatsApp,1,revisao_preco_fixo
C06134,EcoSport,2014,188498,PF,Sudeste,6.3,0,11,52,1087.8,6.0,0,1,1,WhatsApp,1,desconto_pecas
C03961,Ka,2019,94597,PF,Sudeste,1.7,0,5,17,904.57,8.0,0,0,1,WhatsApp,0,revisao_preco_fixo
C08488,Maverick,2020,79786,PF,Sul,16.4,0,1,9,658.69,7.0,1,0,0,App FordPass,1,revisao_preco_fixo
C05649,Ka,2019,84238,PF,Sudeste,4.7,0,7,5,660.97,9.0,0,0,0,WhatsApp,0,desconto_pecas
C02079,Ka,2020,62232,PF,Sudeste,16.9,0,4,27,934.3,9.0,0,0,0,E-mail,0,revisao_preco_fixo
C09047,Ranger,2025,26858,PF,Sudeste,4.0,1,1,0,890.35,9.0,1,0,0,App FordPass,0,pacote_revisoes
C00057,Territory,2018,150804,PF,Sudeste,7.3,0,7,9,762.13,6.0,0,0,0,App FordPass,0,desconto_pecas
C06070,Mustang,2017,108521,PF,Sudeste,8.6,0,8,32,,7.0,0,0,0,Ligacao,1,desconto_pecas
C08517,Ka,2017,75657,PF,Norte,50.1,0,4,60,799.04,8.0,0,1,1,WhatsApp,1,checkup_gratuito
C03947,Ka,2021,86257,PF,Sudeste,6.0,0,1,4,552.08,9.0,0,0,0,E-mail,1,revisao_preco_fixo
C05373,Territory,2015,162377,PF,Sudeste,10.1,0,10,60,1190.8,,0,0,0,App FordPass,1,revisao_preco_fixo
C01064,EcoSport,2018,110407,PF,Sudeste,22.4,0,8,18,1045.59,6.0,0,0,0,App FordPass,1,desconto_pecas
C07952,Mustang,2020,56318,PF,Sudeste,3.8,0,5,60,1405.92,8.0,1,0,1,E-mail,1,checkup_gratuito
C09947,EcoSport,2017,303535,PJ_Frota,Sudeste,4.3,0,25,60,1324.12,9.0,0,0,1,Ligacao,1,checkup_gratuito
C07675,Ranger,2016,295590,PF,Sudeste,11.1,0,23,47,1243.9,8.0,0,0,0,WhatsApp,0,desconto_pecas
C00821,Territory,2022,41967,PF,Sudeste,4.2,0,2,6,1212.11,5.0,0,1,1,WhatsApp,1,pacote_revisoes
C05623,Territory,2019,77420,PF,Nordeste,16.8,0,5,15,597.99,4.0,0,0,1,App FordPass,0,revisao_preco_fixo
C01346,Ranger,2018,81806,PF,Nordeste,10.3,0,3,0,1059.34,6.0,1,0,1,Ligacao,0,plano_frota
C01336,Ka,2019,83306,PF,Sudeste,5.9,0,4,1,954.72,5.0,0,0,0,WhatsApp,1,revisao_preco_fixo
C03651,EcoSport,2018,175257,PF,Sudeste,5.1,0,8,23,857.23,6.0,0,0,0,WhatsApp,1,desconto_pecas
C01713,Mustang,2020,89931,PF,SUDESTE,4.1,0,4,60,1981.66,7.0,0,0,0,E-mail,0,revisao_preco_fixo
C05415,Ranger,2019,54136,PF,Sudeste,4.3,0,4,15,1104.72,5.0,0,0,0,WhatsApp,0,revisao_preco_fixo
C07194,Maverick,2019,77666,PF,Sudeste,8.6,0,5,9,914.64,,1,0,0,App FordPass,0,desconto_pecas
C03889,EcoSport,2020,147556,PF,Sudeste,5.5,0,10,18,800.29,6.0,0,0,0,E-mail,0,revisao_preco_fixo
C06326,Maverick,2014,144355,PF,Sul,24.4,0,6,60,851.05,7.0,1,0,0,WhatsApp,1,checkup_gratuito
C01707,Ranger,2019,109090,PF,Sudeste,11.3,0,4,6,1594.54,6.0,1,0,0,Ligacao,0,revisao_preco_fixo
C04600,Territory,2019,69327,PF,Nordeste,9.1,0,5,0,,7.0,1,0,1,App FordPass,0,revisao_preco_fixo
C00668,EcoSport,2014,181504,PF,Sudeste,10.4,0,17,60,704.77,,0,0,0,WhatsApp,1,desconto_pecas
C08418,EcoSport,2017,53197,PF,Nordeste,22.6,0,3,18,566.19,8.0,0,0,0,WhatsApp,1,pacote_revisoes
C00966,Transit,2022,67024,PJ_Frota,Sul,,0,3,2,912.32,7.0,0,0,0,App FordPass,1,revisao_preco_fixo
C04870,Ranger,2016,246616,PJ_Frota,Sul,15.2,0,18,60,1242.72,7.0,1,0,0,,0,desconto_pecas
C01218,Territory,2021,56619,PF,Sul,10.4,0,4,3,671.19,10.0,0,0,1,E-mail,0,pacote_revisoes
C04140,Ranger,2019,93662,PF,sul,,0,6,1,1141.89,9.0,1,0,0,E-mail,0,revisao_preco_fixo
C04036,EcoSport,2014,470933,PJ_Frota,Norte,27.3,0,39,60,1102.46,9.0,0,0,0,E-mail,1,desconto_pecas
C09597,EcoSport,2017,68907,PF,Sudeste,8.1,0,2,2,937.96,9.0,0,0,0,WhatsApp,0,desconto_pecas
C01989,Ka,2018,76654,PF,Nordeste,12.9,0,4,3,691.27,,1,0,0,WhatsApp,0,desconto_pecas
C01536,Maverick,2021,86640,PF,Sul,22.2,0,6,5,785.86,8.0,0,0,1,WhatsApp,0,revisao_preco_fixo
C00721,Ranger,2017,75627,PF,Sudeste,5.2,0,8,60,1631.49,,0,0,0,E-mail,0,checkup_gratuito
C02072,EcoSport,2017,113341,PF,SUDESTE,8.2,0,2,24,654.02,8.0,0,0,0,E-mail,1,desconto_pecas
C02728,Ranger,2024,99605,PJ_Frota,Sudeste,1.9,1,8,3,1321.38,4.0,0,0,1,Ligacao,0,plano_frota
C07305,Ranger,2014,74917,PF,norte,33.0,0,5,9,1086.21,9.0,0,0,1,App FordPass,1,revisao_preco_fixo
C04883,EcoSport,2014,179402,PF,Sudeste,6.0,0,12,60,1000.05,8.0,0,0,0,App FordPass,1,desconto_pecas
C02204,EcoSport,2020,48128,PF,Sul,18.7,0,1,2,846.83,6.0,0,0,0,App FordPass,1,revisao_preco_fixo
C01843,Transit,2014,304600,PJ_Frota,Sul,14.8,0,24,38,1129.4,7.0,0,0,1,WhatsApp,1,desconto_pecas
C03470,Ranger,2020,141818,PJ_Frota,Nordeste,8.1,0,4,8,866.85,,1,0,0,WhatsApp,1,desconto_pecas
C07214,Maverick,2014,105964,PF,Sudeste,26.9,0,10,60,717.54,6.0,0,0,1,App FordPass,1,checkup_gratuito
C04554,EcoSport,2016,155909,PF,Nordeste,12.5,0,3,60,894.34,8.0,1,0,1,,1,checkup_gratuito
C05293,Territory,2014,184537,PF,Sul,24.5,0,12,30,1336.45,6.0,0,0,1,Ligacao,1,checkup_gratuito
C02878,Ranger,2019,43256,PF,Nordeste,28.2,0,4,27,,7.0,1,0,1,E-mail,0,revisao_preco_fixo
C03897,Ranger,2022,62336,PF,Sudeste,15.5,0,2,0,1002.4,6.0,0,0,2,WhatsApp,0,revisao_preco_fixo
C09275,Ka,2017,118876,PF,Sudeste,3.6,0,2,29,858.49,5.0,0,0,0,App FordPass,1,checkup_gratuito
C05017,Ranger,2017,244461,PJ_Frota,Centro-Oeste,21.8,0,7,19,1737.56,7.0,0,0,0,App FordPass,1,desconto_pecas
C07447,Ranger,2015,784858,PJ_Frota,Sudeste,4.1,0,58,60,1752.6,10.0,0,0,0,WhatsApp,1,desconto_pecas
C00081,Ranger,2023,58804,PF,Sudeste,7.1,1,1,4,1367.29,4.0,1,0,0,WhatsApp,1,pacote_revisoes
C09748,Maverick,2023,83467,PF,Sudeste,3.1,1,7,14,1407.14,6.0,1,0,0,WhatsApp,1,pacote_revisoes
C02688,EcoSport,2016,182231,PF,Sudeste,8.5,0,12,60,685.83,5.0,0,0,0,App FordPass,1,checkup_gratuito
C00909,EcoSport,2014,320689,PF,Norte,16.1,0,17,60,459.72,8.0,0,0,0,WhatsApp,1,desconto_pecas
C07450,EcoSport,2017,198505,PF,Sudeste,2.4,0,13,21,,8.0,0,0,0,Ligacao,1,desconto_pecas
C06223,Ka,2014,82909,PF,Centro-Oeste,20.7,0,9,34,427.19,5.0,0,0,0,WhatsApp,1,desconto_pecas
C04433,Ranger,2024,49006,PJ_Frota,Centro-Oeste,29.6,1,4,3,593.91,9.0,0,0,0,WhatsApp,0,plano_frota
C07579,Ranger,2023,56731,PF,Sudeste,6.0,1,3,2,798.17,7.0,0,0,0,WhatsApp,0,pacote_revisoes
C03570,Bronco Sport,2023,48897,PF,Sudeste,6.5,1,3,9,1639.53,10.0,1,0,0,Ligacao,0,pacote_revisoes
C03134,Bronco Sport,2020,142110,PF,Sudeste,4.7,0,11,7,439.0,4.0,1,0,1,WhatsApp,0,revisao_preco_fixo
C00904,Transit,2018,337080,PJ_Frota,Sudeste,4.0,0,24,26,,9.0,1,0,1,App FordPass,0,desconto_pecas
C02129,Ka,2021,74493,PF,Centro-Oeste,22.2,0,3,1,605.57,7.0,1,0,0,WhatsApp,0,desconto_pecas
C07504,Ranger,2017,86516,PF,Sudeste,5.0,0,6,40,1262.29,7.0,0,0,0,App FordPass,0,checkup_gratuito
C05833,Territory,2025,12293,PF,Nordeste,23.4,1,1,15,,9.0,1,0,0,Ligacao,0,pacote_revisoes
C05352,Territory,2019,67349,PF,Centro-Oeste,22.7,0,4,19,666.15,7.0,1,0,0,App FordPass,0,revisao_preco_fixo
C06942,Ranger,2024,100055,PJ_Frota,Sudeste,,1,9,3,1028.62,10.0,1,0,0,App FordPass,0,plano_frota
C08549,Territory,2018,106996,PF,Nordeste,37.0,0,1,3,695.14,8.0,0,0,0,WhatsApp,0,pacote_revisoes
C03521,Maverick,2022,54250,PF,Centro-Oeste,53.1,0,1,15,976.43,6.0,0,0,1,E-mail,1,desconto_pecas
C05886,EcoSport,2017,101883,PF,Norte,58.6,0,4,39,679.22,8.0,0,0,0,Ligacao,1,revisao_preco_fixo
C05072,Ranger,2022,116020,PJ_Frota,Sudeste,7.5,0,3,10,1337.44,8.0,0,0,1,WhatsApp,1,plano_frota
C02959,Mustang,2022,60696,PF,Centro-Oeste,45.7,0,1,15,2394.77,8.0,0,0,0,WhatsApp,1,revisao_preco_fixo
C04838,Ka,2014,171104,PF,Sul,8.8,0,4,37,24074.75,7.0,0,0,0,App FordPass,1,checkup_gratuito
C03558,Territory,2014,156662,PF,Centro-Oeste,19.5,0,3,11,732.05,7.0,0,0,0,Ligacao,1,desconto_pecas
C06368,Ranger,2022,138158,PJ_Frota,Sudeste,4.2,0,8,0,1324.76,7.0,0,0,0,WhatsApp,0,plano_frota
C00875,Mustang,2017,103490,PF,Sul,2.9,0,2,9,1335.53,5.0,1,0,2,WhatsApp,1,revisao_preco_fixo
C09227,Bronco Sport,2016,108526,PF,Sudeste,7.7,0,5,36,1972.1,6.0,0,0,2,WhatsApp,1,checkup_gratuito
C09347,Maverick,2022,54821,PF,Sudeste,6.4,0,1,3,1019.65,7.0,1,0,1,WhatsApp,0,revisao_preco_fixo
C05171,Territory,2016,88982,PF,Nordeste,37.5,0,2,52,949.81,8.0,0,0,0,App FordPass,1,checkup_gratuito
C06232,Maverick,2018,105070,PF,Sudeste,6.3,0,9,0,771.07,6.0,0,0,1,WhatsApp,0,desconto_pecas
C04200,EcoSport,2018,59575,PF,Sul,6.8,0,5,23,994.04,9.0,0,1,0,WhatsApp,0,checkup_gratuito
C05490,EcoSport,2018,85767,PF,Nordeste,41.5,0,2,16,829.59,7.0,0,1,0,WhatsApp,1,checkup_gratuito
C04037,Maverick,2026,2852,PF,Sudeste,9.1,1,0,13,655.67,7.0,0,0,0,Ligacao,0,pacote_revisoes
C02491,Ranger,2026,6431,PJ_Frota,Sudeste,8.2,1,0,11,599.21,7.0,0,0,0,WhatsApp,0,plano_frota
C06816,Territory,2026,2069,PF,Centro-Oeste,31.2,1,0,1,,10.0,0,1,0,,1,pacote_revisoes
C06698,Bronco Sport,2023,35993,PF,Nordeste,17.9,1,2,2,1527.26,7.0,1,0,0,App FordPass,0,pacote_revisoes
C01873,Transit,2018,68480,PF,Sudeste,10.7,0,4,27,615.75,7.0,0,1,0,App FordPass,1,desconto_pecas
C00472,Ka,2019,94598,PF,Nordeste,13.5,0,5,12,476.98,10.0,1,1,1,WhatsApp,0,desconto_pecas
C09337,Ranger,2015,222132,PF,Norte,60.0,0,11,60,1566.02,6.0,1,0,0,WhatsApp,0,desconto_pecas
C04473,Ka,2020,64482,PF,Sudeste,15.7,0,3,3,476.21,6.0,1,0,0,WhatsApp,1,desconto_pecas
C04779,Territory,2015,222022,PF,Sudeste,16.7,0,17,47,1270.42,10.0,0,0,0,E-mail,1,desconto_pecas
C06966,Ranger,2017,79997,PF,Sudeste,13.8,0,6,4,1392.4,9.0,0,0,0,WhatsApp,1,desconto_pecas
C06875,Ranger,2015,250755,PF,Sudeste,8.6,0,8,2,1475.48,9.0,0,0,0,Ligacao,0,desconto_pecas
C05503,Territory,2025,9028,PF,Norte,28.5,1,1,2,748.27,9.0,1,0,0,App FordPass,0,pacote_revisoes
C01112,Territory,2016,95572,PF,Sudeste,13.4,0,6,2,889.2,7.0,1,0,1,E-mail,1,desconto_pecas
C05810,Ranger,2023,131253,PJ_Frota,Nordeste,21.0,1,11,2,1386.13,6.0,0,0,0,Ligacao,0,plano_frota
C04514,Ka,2016,88150,PF,Sul,14.3,0,5,60,402.01,8.0,0,0,0,WhatsApp,1,checkup_gratuito
C06435,Ranger,2021,42868,PF,Nordeste,12.8,0,4,4,986.26,5.0,0,0,1,WhatsApp,0,revisao_preco_fixo
C08173,Ranger,2023,48397,PF,Norte,18.3,1,4,1,923.36,7.0,0,0,0,App FordPass,0,pacote_revisoes
C04593,EcoSport,2016,146568,PF,Norte,,0,7,60,1052.62,10.0,0,0,1,,1,revisao_preco_fixo
C02824,Transit,2020,225969,PJ_Frota,Nordeste,7.0,0,3,2,1571.61,5.0,0,0,0,WhatsApp,0,plano_frota
C00061,Ranger,2025,31576,PJ_Frota,Sul,10.6,1,3,2,712.87,4.0,1,0,1,WhatsApp,0,plano_frota
C08988,Ka,2021,109936,PJ_Frota,Sul,18.4,0,4,4,302.84,6.0,0,0,0,App FordPass,1,plano_frota
C01171,Bronco Sport,2016,129884,PF,Nordeste,47.7,0,5,29,1319.84,7.0,0,0,0,App FordPass,1,desconto_pecas
C02712,EcoSport,2020,54632,PF,Nordeste,36.1,0,0,6,769.18,9.0,0,0,0,Ligacao,1,revisao_preco_fixo
C07574,Ka,2018,95124,PF,Sul,16.7,0,0,14,648.89,5.0,0,0,1,WhatsApp,1,desconto_pecas
C02780,Ka,2014,82702,PF,SUDESTE,3.9,0,4,33,905.08,5.0,1,0,0,Ligacao,1,revisao_preco_fixo
C05657,Maverick,2019,74384,PF,Nordeste,17.1,0,4,60,1055.38,8.0,0,0,0,Ligacao,1,checkup_gratuito
C03002,EcoSport,2017,127584,PF,Nordeste,5.0,0,4,60,714.83,,0,0,0,App FordPass,1,checkup_gratuito
C01583,EcoSport,2015,101206,PF,Sudeste,3.2,0,3,9,891.77,5.0,1,0,0,App FordPass,0,desconto_pecas
C00567,Ka,2015,191323,PF,Centro-Oeste,21.4,0,13,41,886.78,9.0,1,1,0,WhatsApp,0,desconto_pecas
C02739,Territory,2016,270998,PF,Nordeste,9.3,0,13,40,1052.12,,0,0,0,Ligacao,1,desconto_pecas
C07290,Ranger,2014,190145,PF,Nordeste,8.3,0,10,60,1686.03,5.0,0,0,0,WhatsApp,1,checkup_gratuito
C05238,Ranger,2019,68482,PF,Nordeste,14.0,0,2,27,1534.37,8.0,1,0,2,App FordPass,1,revisao_preco_fixo
C09920,EcoSport,2019,216473,PJ_Frota,Sudeste,6.4,0,12,21,844.32,,0,0,0,App FordPass,1,plano_frota
C05001,Territory,2024,26481,PF,Sudeste,5.6,1,2,5,1270.54,8.0,0,0,0,Ligacao,0,pacote_revisoes
C09885,Maverick,2021,76035,PF,Sudeste,12.2,0,1,0,694.01,4.0,1,0,0,WhatsApp,0,checkup_gratuito
C08198,Ranger,2025,-22719,PF,Centro-Oeste,12.8,1,2,3,1155.84,5.0,0,0,0,WhatsApp,0,pacote_revisoes
C01221,EcoSport,2014,116521,PF,Nordeste,27.1,0,1,60,824.26,7.0,1,0,0,App FordPass,1,checkup_gratuito
C00900,Ranger,2018,54527,PF,Sudeste,5.4,0,7,10,998.13,8.0,0,0,0,WhatsApp,0,revisao_preco_fixo
C04910,Ka,2019,63491,PF,Sudeste,11.3,0,6,10,1024.83,8.0,1,1,0,App FordPass,0,revisao_preco_fixo
C09729,Transit,2019,160665,PJ_Frota,Nordeste,32.9,0,6,7,1212.09,7.0,0,0,0,WhatsApp,0,plano_frota
C09091,Ranger,2024,62150,PJ_Frota,Sul,2.9,1,5,9,991.1,7.0,0,0,0,App FordPass,0,pacote_revisoes
C05025,Territory,2016,177899,PF,Nordeste,9.0,0,8,13,1094.21,5.0,0,0,0,WhatsApp,1,desconto_pecas
C03887,Maverick,2015,152413,PF,Centro-Oeste,46.0,0,2,16,838.2,7.0,0,0,1,,1,desconto_pecas
C05298,EcoSport,2015,162997,PF,Sudeste,8.3,0,7,60,1398.47,9.0,0,0,0,WhatsApp,1,desconto_pecas
C09739,Territory,2016,191990,PF,Sudeste,20.0,0,17,32,1222.72,9.0,0,0,0,WhatsApp,1,desconto_pecas
C05703,Bronco Sport,2022,40381,PF,Centro-Oeste,42.6,0,0,4,,4.0,1,0,0,App FordPass,1,revisao_preco_fixo
C06682,Territory,2014,153454,PF,Sudeste,5.8,0,8,19,1232.64,7.0,0,0,0,App FordPass,1,desconto_pecas
C09679,Ranger,2026,4060,PF,Sudeste,4.6,1,0,9,806.6,9.0,0,1,0,E-mail,0,pacote_revisoes
C00625,Ranger,2020,192702,PJ_Frota,Nordeste,9.0,0,10,1,605.4,7.0,0,1,0,Ligacao,0,plano_frota
C05278,Ka,2020,48423,PF,Centro-Oeste,26.7,0,1,0,587.49,,1,1,0,App FordPass,0,revisao_preco_fixo
C04721,Ranger,2026,8782,PJ_Frota,Sudeste,5.2,1,0,8,784.52,5.0,0,0,0,E-mail,0,plano_frota
C04471,EcoSport,2016,117631,PF,Sudeste,3.5,0,3,60,884.27,8.0,0,0,0,WhatsApp,1,checkup_gratuito
C02914,Ranger,2019,85529,PF,Sudeste,10.7,0,4,60,1119.85,5.0,1,0,0,E-mail,1,checkup_gratuito
C08926,Bronco Sport,2019,87039,PF,Norte,62.1,0,1,8,959.84,8.0,1,0,0,App FordPass,0,revisao_preco_fixo
C02853,EcoSport,2017,107652,PF,Sudeste,10.4,0,6,50,1313.82,7.0,0,0,1,Ligacao,1,checkup_gratuito
C02353,Ranger,2021,74870,PF,Nordeste,33.8,0,5,0,1006.53,9.0,1,0,0,E-mail,0,revisao_preco_fixo
C05000,EcoSport,2021,69533,PF,Sudeste,8.1,0,4,14,605.48,7.0,1,0,3,App FordPass,1,revisao_preco_fixo
C00728,Ranger,2019,51495,PF,Nordeste,,0,0,17,1964.34,8.0,0,0,0,WhatsApp,1,revisao_preco_fixo
C08820,Ranger,2019,87740,PF,Sudeste,6.2,0,2,19,937.91,6.0,1,0,1,Ligacao,0,revisao_preco_fixo
C02404,Maverick,2017,97557,PF,Norte,39.8,0,2,15,1004.4,3.0,1,0,1,App FordPass,1,revisao_preco_fixo
C05818,EcoSport,2020,89791,PF,Sudeste,10.0,0,4,54,,7.0,1,0,0,App FordPass,1,checkup_gratuito
C02649,Maverick,2017,154202,PF,Sudeste,2.5,0,9,55,1784.35,9.0,1,1,0,WhatsApp,1,checkup_gratuito
C04066,EcoSport,2018,73626,PF,Norte,18.0,0,2,60,962.88,8.0,0,0,0,WhatsApp,1,desconto_pecas
C05084,Transit,2023,115514,PJ_Frota,Sudeste,9.1,1,9,2,745.96,7.0,1,0,0,App FordPass,0,plano_frota
C09464,Transit,2024,26346,PJ_Frota,Sudeste,12.4,1,2,1,911.57,7.0,1,0,0,App FordPass,0,plano_frota
C02140,Mustang,2020,118011,PF,Sudeste,10.5,0,7,1,1605.07,,0,0,1,WhatsApp,0,revisao_preco_fixo
C01699,Bronco Sport,2022,90986,PF,Centro-Oeste,40.9,0,2,5,1256.24,7.0,0,0,0,E-mail,1,revisao_preco_fixo
C08953,Transit,2024,51835,PJ_Frota,Sudeste,9.6,1,4,4,1243.84,7.0,1,0,0,WhatsApp,0,plano_frota
C00079,Maverick,2024,26893,PF,Nordeste,12.3,1,1,25,595.91,6.0,0,0,0,E-mail,1,checkup_gratuito
C08076,Ka,2014,152821,PF,Sudeste,21.0,0,11,2,720.55,10.0,0,0,0,WhatsApp,0,desconto_pecas
C01526,EcoSport,2014,66332,PF,Sudeste,15.7,0,3,7,808.29,9.0,0,0,0,Ligacao,1,desconto_pecas
C03424,Ka,2018,131157,PF,Sul,6.6,0,4,60,1519.98,10.0,0,0,0,WhatsApp,1,checkup_gratuito
C08433,Territory,2025,7559,PF,Sul,4.1,1,0,1,742.44,5.0,1,0,0,Ligacao,0,pacote_revisoes
C09391,Maverick,2021,66350,PF,Sudeste,11.2,0,3,5,830.24,8.0,0,0,0,App FordPass,0,revisao_preco_fixo
C03609,EcoSport,2017,123215,PF,Sudeste,12.3,0,3,28,1150.13,6.0,1,0,0,WhatsApp,1,desconto_pecas
C07166,Bronco Sport,2016,279565,PF,Sudeste,7.2,0,10,50,,9.0,0,0,1,Ligacao,1,desconto_pecas
C04229,EcoSport,2014,211143,PF,Sudeste,6.1,0,3,27,708.57,6.0,0,0,0,WhatsApp,1,desconto_pecas
C05444,Transit,2015,479008,PJ_Frota,norte,199.4,0,0,50,967.74,7.0,0,0,0,Ligacao,1,desconto_pecas
C03937,Territory,2023,20972,PF,Sudeste,8.4,1,1,1,995.77,4.0,0,0,0,WhatsApp,0,pacote_revisoes
C01685,EcoSport,2017,75801,PF,Centro-Oeste,8.9,0,3,3,778.37,6.0,0,1,0,E-mail,0,checkup_gratuito
C03145,Territory,2021,71135,PF,Sudeste,9.4,0,2,23,850.03,8.0,0,0,0,App FordPass,1,revisao_preco_fixo
C06747,Ranger,2019,60024,PF,Norte,26.1,0,1,22,1456.39,10.0,1,0,0,WhatsApp,0,revisao_preco_fixo
C07499,Ka,2018,90288,PF,Sudeste,7.8,0,8,24,633.48,,0,0,0,,0,revisao_preco_fixo
C04206,Ka,2015,75422,PF,Nordeste,19.0,0,6,35,704.05,,0,0,0,WhatsApp,0,checkup_gratuito
C00762,Ka,2016,109078,PF,Sudeste,4.8,0,3,37,562.15,9.0,0,0,1,App FordPass,1,checkup_gratuito
C09165,Ranger,2017,281932,PJ_Frota,Sul,25.1,0,13,10,1311.73,10.0,0,0,0,App FordPass,0,desconto_pecas
C03479,Territory,2022,71953,PF,Norte,34.5,0,2,1,1012.35,7.0,0,0,0,WhatsApp,0,pacote_revisoes
C06148,Mustang,2015,130791,PF,Sudeste,13.8,0,1,19,1518.57,6.0,0,0,0,WhatsApp,1,desconto_pecas
C07183,EcoSport,2016,139586,PF,Sudeste,7.5,0,7,60,707.85,,0,0,0,App FordPass,1,checkup_gratuito
C06854,Ka,2016,114877,PF,Nordeste,10.5,0,5,60,635.53,,0,1,0,Ligacao,1,checkup_gratuito
C09862,Ka,2016,169532,PF,Centro-Oeste,45.0,0,11,6,1226.56,8.0,0,0,0,E-mail,0,desconto_pecas
C06971,Ranger,2018,160703,PF,Norte,50.0,0,5,12,1138.21,9.0,0,0,0,WhatsApp,0,desconto_pecas
C02687,Territory,2017,139959,PF,Sudeste,7.6,0,12,20,1168.87,7.0,1,0,0,E-mail,0,desconto_pecas
C04358,Ranger,2026,5612,PF,Sudeste,10.4,1,0,0,804.25,,1,0,0,E-mail,0,pacote_revisoes
C07239,Maverick,2019,109439,PF,Sudeste,7.8,0,1,3,1252.27,6.0,0,1,1,WhatsApp,1,revisao_preco_fixo
C02651,Ranger,2025,10649,PF,Nordeste,47.5,1,0,13,1324.45,9.0,1,0,0,App FordPass,0,pacote_revisoes
C02488,Ka,2016,298318,PF,Centro-Oeste,23.6,0,8,12,1145.09,6.0,0,0,1,Ligacao,1,desconto_pecas
C00348,Territory,2022,32384,PF,Sudeste,12.5,0,3,20,814.52,,1,1,0,App FordPass,0,checkup_gratuito
C09581,Ka,2018,133565,PF,Sudeste,13.8,0,5,40,486.56,6.0,0,0,2,WhatsApp,1,checkup_gratuito
C01939,Ka,2017,54199,PF,Nordeste,33.3,0,5,36,448.0,10.0,0,0,0,Ligacao,0,desconto_pecas
C02592,Territory,2014,430445,PJ_Frota,Nordeste,6.8,0,17,15,,7.0,0,0,1,WhatsApp,1,desconto_pecas
C06403,Ranger,2020,107707,PF,Sul,15.3,0,10,6,1202.76,9.0,0,0,1,WhatsApp,0,revisao_preco_fixo
C07054,Ka,2017,78814,PF,Sul,8.0,0,3,19,598.97,6.0,0,0,0,WhatsApp,1,checkup_gratuito
C08225,Ka,2016,89547,PF,Nordeste,21.2,0,4,38,486.58,8.0,0,0,0,Ligacao,1,desconto_pecas
C06618,EcoSport,2020,65578,PF,Nordeste,32.5,0,4,12,806.34,8.0,1,0,0,App FordPass,0,revisao_preco_fixo
C09972,Transit,2022,30150,PJ_Frota,Norte,18.7,0,2,4,1747.37,,1,0,1,App FordPass,0,plano_frota
C09289,Ka,2016,140645,PF,Sudeste,13.2,0,5,24,834.48,5.0,0,0,0,E-mail,1,revisao_preco_fixo
C06215,Ka,2018,92821,PF,Nordeste,12.2,0,2,31,609.22,,0,0,0,WhatsApp,1,checkup_gratuito
C09327,Ka,2021,47710,PF,Sudeste,9.3,0,1,3,686.24,9.0,0,0,0,Ligacao,0,revisao_preco_fixo
C02757,Territory,2021,44315,PF,Sudeste,15.4,0,4,6,788.16,7.0,1,0,0,App FordPass,0,revisao_preco_fixo
C06470,Ranger,2026,5841,PJ_Frota,Sudeste,3.2,1,0,2,918.38,5.0,1,0,0,App FordPass,0,plano_frota
C06645,Ka,2018,116917,PF,Sudeste,18.6,0,4,60,527.42,8.0,0,0,0,WhatsApp,1,checkup_gratuito
C08499,Ka,2017,91046,PF,Sul,32.3,0,4,25,821.83,10.0,0,0,0,E-mail,1,desconto_pecas
C04031,EcoSport,2019,87838,PF,Nordeste,7.4,0,3,7,454.66,4.0,0,0,1,Ligacao,1,revisao_preco_fixo
C02726,Maverick,2017,115026,PF,Centro-Oeste,35.5,0,5,17,891.3,7.0,0,0,0,WhatsApp,1,revisao_preco_fixo
C09585,Maverick,2026,2277,PF,Sul,15.1,1,0,10,411.32,8.0,1,0,0,Ligacao,1,pacote_revisoes
C06173,Ranger,2015,211673,PF,Sudeste,13.0,0,18,37,2195.09,,0,0,0,Ligacao,1,revisao_preco_fixo
C05219,Ka,2021,57849,PF,Sul,,0,3,7,639.95,4.0,0,0,0,Ligacao,0,revisao_preco_fixo
C07265,Ka,2016,119510,PF,Sul,8.8,0,6,28,876.03,8.0,0,0,0,App FordPass,1,desconto_pecas
C06770,EcoSport,2021,52153,PF,Norte,23.6,0,0,2,509.6,6.0,0,0,0,E-mail,1,revisao_preco_fixo
C03500,Ranger,2023,28372,PF,Centro-Oeste,21.5,1,2,8,1146.34,,0,0,1,Ligacao,1,pacote_revisoes
C09406,Ranger,2021,75914,PF,Centro-Oeste,33.0,0,2,8,1517.05,8.0,1,0,0,WhatsApp,1,revisao_preco_fixo
C05835,Ka,2020,59962,PF,Nordeste,16.6,0,1,41,802.92,7.0,0,0,1,,1,revisao_preco_fixo
C04136,Ranger,2018,275022,PJ_Frota,Sul,21.5,0,16,37,1281.48,7.0,0,0,1,WhatsApp,0,desconto_pecas
C01272,Ranger,2024,58038,PF,norte,19.7,1,5,2,1231.02,6.0,1,0,1,E-mail,0,pacote_revisoes
C08734,Bronco Sport,2023,33804,PF,Norte,39.6,1,3,7,1256.1,8.0,1,0,0,Ligacao,0,pacote_revisoes
C04364,Bronco Sport,2023,42048,PF,Sudeste,15.0,1,3,40,1212.25,6.0,0,0,1,WhatsApp,1,pacote_revisoes
C07006,Maverick,2017,151705,PF,Nordeste,9.6,0,11,14,,8.0,0,0,0,WhatsApp,0,desconto_pecas
C02407,EcoSport,2031,148332,PF,Sudeste,8.7,0,7,59,620.31,4.0,0,0,2,App FordPass,1,checkup_gratuito
C01919,Transit,2022,41297,PF,Sul,10.4,0,3,4,959.64,7.0,0,0,0,E-mail,0,revisao_preco_fixo
C02874,Ka,2017,149666,PF,Sudeste,5.0,0,9,3,533.87,9.0,1,1,0,App FordPass,1,desconto_pecas
C01002,Ka,2021,45711,PF,Centro-Oeste,25.0,0,4,17,671.33,6.0,0,1,0,WhatsApp,0,checkup_gratuito
C06834,Ranger,2023,81127,PF,Centro-Oeste,27.5,1,4,9,878.59,,1,0,1,WhatsApp,0,pacote_revisoes
C00636,Territory,2025,12356,PF,Norte,19.0,1,1,2,991.99,,1,0,0,App FordPass,0,pacote_revisoes
C02273,Maverick,2014,256158,PF,Sudeste,11.7,0,13,48,1177.63,7.0,0,0,1,App FordPass,1,desconto_pecas
C07299,Territory,2023,34743,PF,Sudeste,10.9,1,3,5,1019.88,7.0,1,0,0,App FordPass,0,pacote_revisoes
C03144,Maverick,2024,14006,PF,Sudeste,7.5,1,2,5,1763.09,4.0,1,1,0,App FordPass,0,pacote_revisoes
C07730,Territory,2016,56983,PF,Sudeste,16.5,0,6,17,1120.44,7.0,0,0,0,E-mail,1,desconto_pecas
C08100,Ka,2031,233033,PF,Sudeste,15.4,0,10,60,629.41,7.0,0,0,0,App FordPass,1,checkup_gratuito
C07900,EcoSport,2017,79198,PF,Sul,8.7,0,8,4,799.7,6.0,0,0,0,WhatsApp,0,desconto_pecas
C06139,Ranger,2016,139029,PF,Norte,13.8,0,8,37,766.89,9.0,0,0,0,WhatsApp,1,desconto_pecas
C04564,Ka,2020,46225,PF,Nordeste,17.6,0,1,12,421.37,3.0,1,0,0,App FordPass,1,revisao_preco_fixo
C00238,Ka,2021,64725,PF,Sudeste,7.9,0,1,50,1028.45,,0,0,0,,1,revisao_preco_fixo
C03179,Ranger,2017,140183,PF,Norte,23.4,0,2,17,1567.62,6.0,1,0,0,App FordPass,1,revisao_preco_fixo
C05463,Bronco Sport,2020,97166,PF,Sudeste,6.1,0,6,6,1294.68,,0,1,0,WhatsApp,0,pacote_revisoes
C07694,EcoSport,2015,90916,PF,Sul,14.0,0,5,60,1266.41,9.0,0,0,0,WhatsApp,1,checkup_gratuito
C00683,Ranger,2021,39726,PF,Centro-Oeste,34.5,0,2,24,1201.22,6.0,0,0,0,WhatsApp,1,checkup_gratuito
C03820,Bronco Sport,2022,33384,PF,Norte,68.4,0,0,14,828.77,6.0,1,0,0,App FordPass,1,revisao_preco_fixo
C08730,EcoSport,2015,167419,PF,Centro-Oeste,29.6,0,7,38,622.06,7.0,0,0,1,WhatsApp,1,desconto_pecas
C04369,Ranger,2020,55229,PF,Norte,27.0,0,4,36,1047.46,8.0,0,0,0,Ligacao,0,checkup_gratuito
C08850,Ranger,2023,79548,PJ_Frota,Sudeste,13.7,1,7,1,1127.22,,0,0,0,App FordPass,0,plano_frota
C01088,Ranger,2022,55951,PF,Centro-Oeste,38.1,0,0,1,1785.77,,1,0,0,E-mail,0,revisao_preco_fixo
C03748,EcoSport,2016,163825,PF,Sudeste,9.0,0,4,60,786.2,9.0,1,0,0,WhatsApp,1,desconto_pecas
C04494,EcoSport,2018,147937,PF,Sudeste,3.1,0,3,11,775.29,8.0,0,0,0,WhatsApp,0,revisao_preco_fixo
C01022,Transit,2020,199405,PJ_Frota,Norte,60.0,0,3,15,925.83,6.0,0,0,1,WhatsApp,0,plano_frota
C04678,Ka,2016,129815,PF,Sudeste,31.4,0,8,47,707.2,8.0,0,0,0,E-mail,1,plano_frota
C09462,EcoSport,2018,84535,PF,Sul,19.1,0,3,33,521.69,,0,0,0,WhatsApp,1,checkup_gratuito
C03199,Transit,2026,9781,PJ_Frota,Sudeste,11.5,1,0,6,526.02,6.0,1,0,0,E-mail,0,plano_frota
C09209,Bronco Sport,2015,192484,PF,Norte,55.8,0,5,16,825.66,8.0,0,0,1,WhatsApp,1,desconto_pecas
C09561,Ka,2015,94943,PF,Nordeste,38.8,0,6,31,582.52,10.0,0,0,0,E-mail,1,desconto_pecas
C02996,Territory,2014,277569,PJ_Frota,Centro-Oeste,,0,23,24,1626.17,10.0,0,0,0,WhatsApp,1,desconto_pecas
C08249,Ka,2017,116346,PF,Sudeste,4.9,0,7,52,669.67,6.0,0,0,2,E-mail,1,checkup_gratuito
C00068,Ka,2015,297509,PF,Sudeste,8.8,0,8,60,855.63,5.0,0,0,0,Ligacao,1,desconto_pecas
C09329,Territory,2019,120678,PF,Norte,22.7,0,7,12,1438.61,10.0,0,0,0,Ligacao,1,desconto_pecas
C08172,Territory,2020,125822,PF,Norte,43.7,0,5,8,818.41,9.0,0,0,0,App FordPass,0,desconto_pecas
C08534,Bronco Sport,2018,66012,PF,Sudeste,16.8,0,8,5,,6.0,0,0,1,,0,revisao_preco_fixo
C06392,EcoSport,2021,51044,PF,sul,6.8,0,1,31,722.74,7.0,0,0,0,E-mail,1,revisao_preco_fixo
C07142,Bronco Sport,2017,90417,PF,Sul,13.4,0,5,7,,8.0,0,0,0,WhatsApp,1,desconto_pecas
C03831,Territory,2017,57317,PF,Sudeste,9.5,0,3,50,869.82,7.0,0,0,0,WhatsApp,1,checkup_gratuito
C03550,Maverick,2024,27045,PF,Sudeste,10.2,1,2,5,599.85,9.0,1,0,0,WhatsApp,0,pacote_revisoes
C00520,Maverick,2026,4559,PF,Norte,23.7,1,0,2,715.39,7.0,1,0,0,WhatsApp,0,pacote_revisoes
C08385,Ranger,2019,84565,PF,Sudeste,5.6,0,5,40,1186.09,9.0,0,0,0,WhatsApp,1,revisao_preco_fixo
C00503,Ranger,2019,81636,PF,Nordeste,21.0,0,5,40,748.81,6.0,1,0,0,App FordPass,1,revisao_preco_fixo
C04511,Ranger,2016,205875,PF,Norte,19.4,0,7,7,2105.08,,0,1,0,E-mail,0,desconto_pecas
C01935,Ka,2021,110388,PF,Nordeste,26.4,0,4,23,549.87,9.0,0,1,1,E-mail,1,revisao_preco_fixo
C03313,Territory,2014,120924,PF,Nordeste,10.1,0,6,38,1307.05,10.0,0,0,1,App FordPass,0,desconto_pecas
C07775,Ranger,2018,76090,PF,Sudeste,26.8,0,5,41,1753.15,10.0,1,0,0,Ligacao,0,desconto_pecas
C07928,Ka,2021,84624,PF,Nordeste,18.0,0,5,13,772.8,8.0,1,0,0,E-mail,0,checkup_gratuito
C04495,EcoSport,2021,89662,PF,Nordeste,9.5,0,1,2,963.42,5.0,0,0,0,E-mail,0,pacote_revisoes
C00837,Transit,2015,197685,PJ_Frota,Nordeste,16.8,0,6,7,1302.34,7.0,0,0,0,WhatsApp,0,desconto_pecas
C03578,Bronco Sport,2024,37625,PF,Centro Oeste,44.4,1,2,2,1165.86,,1,0,1,App FordPass,0,pacote_revisoes
C00840,Ka,2014,100014,PF,Nordeste,3.5,0,7,26,654.78,,0,0,0,E-mail,0,revisao_preco_fixo
C01475,Ranger,2022,79108,PJ_Frota,Sudeste,4.0,0,3,0,2162.01,9.0,1,0,0,E-mail,0,revisao_preco_fixo
C07136,Ka,2019,226830,PJ_Frota,Nordeste,14.3,0,14,18,741.23,6.0,1,0,1,App FordPass,0,plano_frota
C00143,Territory,2014,177820,PF,Sudeste,23.7,0,7,34,1385.96,6.0,1,0,0,App FordPass,1,revisao_preco_fixo
C04759,Transit,2015,297788,PJ_Frota,Sudeste,4.9,0,13,4,1152.75,6.0,0,0,0,E-mail,1,desconto_pecas
C03798,Ranger,2019,262845,PJ_Frota,Sudeste,5.3,0,16,40,1211.49,8.0,1,0,0,App FordPass,0,plano_frota
C06334,Bronco Sport,2025,17036,PF,Nordeste,24.3,1,0,4,780.79,6.0,0,0,0,App FordPass,0,pacote_revisoes
C08454,Ka,2019,62812,PF,Norte,106.2,0,0,52,1223.36,6.0,0,0,0,WhatsApp,1,plano_frota
C03017,Ka,2020,67509,PF,Sul,7.5,0,0,60,616.34,9.0,0,0,0,WhatsApp,1,checkup_gratuito
C08226,Territory,2016,82966,PF,Sudeste,4.2,0,3,26,1442.13,3.0,0,0,2,App FordPass,1,checkup_gratuito
C08235,Ka,2015,117698,PF,Nordeste,15.1,0,6,17,579.41,7.0,0,0,0,WhatsApp,1,desconto_pecas
C02753,Ka,2017,137160,PF,Sudeste,10.1,0,4,24,972.28,7.0,0,0,0,E-mail,0,checkup_gratuito
C01800,Territory,2024,23056,PF,Nordeste,16.7,1,2,7,699.5,,0,0,1,App FordPass,0,pacote_revisoes
C05286,Maverick,2023,-62753,PF,Norte,30.9,1,6,2,1162.02,6.0,1,0,0,App FordPass,0,pacote_revisoes
C05356,Territory,2025,11973,PF,Sudeste,3.1,1,1,6,863.79,6.0,1,0,0,App FordPass,0,pacote_revisoes
C06149,Bronco Sport,2026,4613,PF,Sudeste,13.3,1,0,20,1289.09,6.0,1,0,1,Ligacao,0,pacote_revisoes
C02037,Ka,2017,159498,PF,Sul,8.9,0,9,2,750.93,6.0,0,0,0,App FordPass,0,desconto_pecas
C02614,EcoSport,2019,70982,PF,Sudeste,17.2,0,2,6,894.82,8.0,0,0,0,WhatsApp,0,revisao_preco_fixo
C09907,Maverick,2016,96734,PF,SUDESTE,8.3,0,8,4,,,1,0,0,App FordPass,0,desconto_pecas
C07049,EcoSport,2017,109962,PF,Sudeste,9.5,0,4,60,856.16,10.0,0,0,0,WhatsApp,1,checkup_gratuito
C09149,Ka,2021,48654,PF,Sudeste,6.3,0,4,3,1415.65,,1,0,1,E-mail,0,revisao_preco_fixo
C04089,Ka,2014,103549,PF,Sudeste,13.5,0,3,43,661.55,8.0,1,0,0,Ligacao,1,revisao_preco_fixo
C04158,Ranger,2020,99564,PF,Nordeste,15.7,0,2,13,1525.27,4.0,0,0,1,Ligacao,0,revisao_preco_fixo
C07819,Ranger,2021,54735,PF,Sudeste,10.1,0,1,3,1229.52,6.0,0,1,0,E-mail,0,revisao_preco_fixo
C04426,Ka,2021,64281,PF,Sudeste,4.6,0,1,6,447.44,8.0,1,0,0,WhatsApp,0,desconto_pecas
C08672,Transit,2025,27833,PJ_Frota,Sudeste,2.9,1,2,1,,9.0,1,0,0,WhatsApp,0,plano_frota
C08892,Bronco Sport,2018,274205,PJ_Frota,Nordeste,10.7,0,11,3,1036.88,4.0,0,0,0,WhatsApp,0,plano_frota
C06168,EcoSport,2020,74773,PF,Sudeste,12.3,0,3,2,690.71,,0,0,0,Ligacao,0,revisao_preco_fixo
C04722,EcoSport,2018,125897,PF,Nordeste,26.0,0,8,4,1276.73,4.0,0,0,0,App FordPass,0,revisao_preco_fixo
C07436,Ka,2016,124639,PF,Sul,15.1,0,11,31,853.87,10.0,0,0,0,E-mail,0,desconto_pecas
C04048,Ranger,2021,36899,PF,Sudeste,6.1,0,3,31,1368.73,9.0,0,0,0,E-mail,1,revisao_preco_fixo
C07220,EcoSport,2014,262558,PJ_Frota,Nordeste ,,0,1,60,533.41,8.0,0,0,0,WhatsApp,1,desconto_pecas
C02069,Ranger,2023,65883,PJ_Frota,Nordeste,11.7,1,1,2,632.14,8.0,1,0,1,WhatsApp,0,plano_frota
C09150,EcoSport,2020,79800,PF,Sudeste,12.2,0,5,1,723.04,7.0,0,0,0,E-mail,0,revisao_preco_fixo
C01144,Ranger,2019,108951,PF,Sudeste,14.3,0,4,5,1063.55,7.0,1,0,1,E-mail,1,desconto_pecas
C06252,Ranger,2019,184592,PJ_Frota,Sul,4.6,0,7,35,1212.78,9.0,0,0,1,App FordPass,1,revisao_preco_fixo
C00042,Bronco Sport,2022,51486,PF,Nordeste,14.3,0,1,8,733.29,9.0,1,0,0,E-mail,0,revisao_preco_fixo
C08748,Bronco Sport,2023,46663,PF,Sudeste,9.3,1,4,2,867.91,,0,0,0,WhatsApp,0,pacote_revisoes
C07082,Maverick,2019,101997,PF,Sudeste,7.1,0,2,6,,5.0,0,0,1,App FordPass,1,revisao_preco_fixo
C00842,Ranger,2019,203187,PJ_Frota,Sudeste,9.0,0,15,51,1210.81,9.0,1,0,0,App FordPass,0,checkup_gratuito
C02126,EcoSport,2021,67888,PF,Sudeste,3.3,0,2,3,741.92,8.0,1,0,0,App FordPass,1,pacote_revisoes
C09807,Ka,2021,64386,PF,Nordeste,6.3,0,2,1,344.27,6.0,0,0,0,App FordPass,0,desconto_pecas
C04852,Maverick,2015,147834,PF,Nordeste,23.6,0,8,60,1092.83,8.0,1,0,0,WhatsApp,1,checkup_gratuito
C07811,Territory,2022,28930,PF,Centro-Oeste,14.7,0,2,20,966.25,,0,0,0,App FordPass,1,revisao_preco_fixo
C04173,EcoSport,2014,178052,PF,Sul,10.8,0,4,36,1101.87,5.0,0,0,0,WhatsApp,1,desconto_pecas
C00363,Ka,2016,93830,PF,Nordeste,12.8,0,4,41,774.89,8.0,0,0,0,App FordPass,1,checkup_gratuito
C08004,Bronco Sport,2026,2885,PF,Centro-Oeste,53.6,1,0,1,1120.7,6.0,1,0,0,WhatsApp,0,pacote_revisoes
C05154,Ka,2021,144035,PF,Sul,11.9,0,11,5,359.12,,1,0,0,WhatsApp,0,pacote_revisoes
C02902,Ka,2021,95741,PF,Nordeste,10.6,0,4,32,639.54,8.0,0,0,0,E-mail,0,checkup_gratuito
C02262,Ranger,2018,91854,PF,Sul,6.7,0,3,7,773.41,7.0,0,0,0,Ligacao,0,checkup_gratuito
C04250,EcoSport,2018,147539,PF,Nordeste,28.0,0,4,12,455.68,8.0,0,0,0,App FordPass,1,desconto_pecas
C00672,Transit,2015,79368,PF,Sudeste,11.7,0,8,60,1324.03,7.0,0,0,0,App FordPass,1,desconto_pecas
C07809,Ka,2015,124556,PF,Nordeste ,18.4,0,4,16,643.84,8.0,0,1,0,WhatsApp,1,checkup_gratuito
C09832,Bronco Sport,2014,250413,PF,Nordeste,5.0,0,23,43,840.03,8.0,0,0,0,WhatsApp,1,desconto_pecas
C06049,Ranger,2025,10736,PF,Nordeste,15.4,1,1,18,1578.87,5.0,1,0,1,App FordPass,0,pacote_revisoes
C04536,Territory,2017,119289,PF,Sudeste,5.4,0,11,8,928.94,9.0,1,0,0,App FordPass,0,desconto_pecas
C05132,EcoSport,2014,133702,PF,Nordeste,12.0,0,8,54,589.25,8.0,0,0,0,WhatsApp,1,checkup_gratuito
C06116,Ranger,2015,117674,PF,Sudeste,8.4,0,4,11,1366.33,6.0,0,0,0,WhatsApp,0,desconto_pecas
C05030,Ka,2016,203535,PF,Centro-Oeste,20.7,0,3,60,597.61,8.0,0,0,0,WhatsApp,1,checkup_gratuito
C00129,Territory,2022,44413,PF,Sudeste,,0,4,16,993.19,8.0,0,0,1,E-mail,0,revisao_preco_fixo
C06088,EcoSport,2031,120619,PF,Nordeste,26.8,0,1,56,478.76,5.0,1,0,1,App FordPass,1,checkup_gratuito
C08277,Bronco Sport,2020,106458,PF,Nordeste,4.3,0,0,21,1034.47,3.0,0,0,0,WhatsApp,1,revisao_preco_fixo
C07135,Territory,2014,145347,PF,Norte,34.8,0,5,13,1241.44,8.0,0,0,0,WhatsApp,0,desconto_pecas
C04049,Bronco Sport,2019,158403,PF,Sudeste,5.4,0,6,18,1104.19,8.0,1,0,0,Ligacao,0,checkup_gratuito
C03701,EcoSport,2014,129388,PF,Sudeste,33.1,0,2,31,27988.0,6.0,0,0,0,Ligacao,1,desconto_pecas
C00374,Ka,2021,59536,PF,Nordeste,16.8,0,5,12,418.34,7.0,1,0,0,App FordPass,0,revisao_preco_fixo
C05763,Transit,2018,250486,PJ_Frota,Sul,6.9,0,20,9,1622.07,9.0,0,0,3,E-mail,0,desconto_pecas
C02461,Territory,2025,11786,PF,Sudeste,9.1,1,1,3,1089.95,7.0,1,0,0,Ligacao,0,pacote_revisoes
C05684,Ranger,2018,198758,PJ_Frota,Sudeste,12.9,0,5,60,1424.72,6.0,1,0,1,WhatsApp,0,checkup_gratuito
C03574,EcoSport,2017,263020,PJ_Frota,sul,8.4,0,24,31,848.32,10.0,0,1,0,Ligacao,0,plano_frota
C06750,Ka,2015,133612,PF,Sudeste,9.5,0,0,60,639.37,6.0,0,1,0,WhatsApp,1,checkup_gratuito
C05262,Ka,2016,145591,PF,Sul,16.0,0,8,37,901.03,9.0,0,0,0,App FordPass,0,revisao_preco_fixo
C06397,Ka,2016,160155,PF,Sul,8.1,0,5,27,662.03,6.0,0,0,0,WhatsApp,1,desconto_pecas
C02972,Ka,2021,53735,PF,Centro-Oeste,14.2,0,4,11,549.7,9.0,0,0,0,App FordPass,0,pacote_revisoes
C03302,EcoSport,2020,31833,PF,Norte,59.7,0,2,48,699.43,7.0,0,1,1,App FordPass,1,checkup_gratuito
C02604,Ka,2014,142072,PF,Sudeste,4.9,0,9,14,,10.0,1,0,0,App FordPass,0,desconto_pecas
C08692,Ka,2015,201725,PF,Nordeste,83.7,0,9,42,641.6,7.0,1,0,0,App FordPass,1,desconto_pecas
C03759,Ka,2020,75268,PF,Sudeste,4.6,0,4,21,586.3,7.0,0,0,0,WhatsApp,1,revisao_preco_fixo
C01521,Ranger,2016,109629,PF,Sudeste,21.4,0,5,10,1613.47,4.0,0,0,1,WhatsApp,0,checkup_gratuito
C08616,Territory,2020,64970,PF,Sudeste,4.0,0,3,2,1143.24,4.0,1,0,0,App FordPass,1,revisao_preco_fixo
C02091,Maverick,2015,105879,PF,Sudeste,16.8,0,4,21,1118.91,7.0,0,0,0,E-mail,1,desconto_pecas
C07841,EcoSport,2016,83168,PF,Sudeste,4.2,0,5,2,1105.81,6.0,1,0,0,Ligacao,1,desconto_pecas
C02233,Transit,2020,198280,PJ_Frota,Sudeste,5.1,0,14,10,1058.71,10.0,0,0,0,WhatsApp,0,plano_frota
C08107,Maverick,2025,12733,PF,Sul,10.7,1,1,17,1021.5,4.0,1,0,1,Ligacao,1,pacote_revisoes
C06632,Mustang,2024,22531,PF,Sudeste,13.6,1,2,6,,8.0,0,0,1,WhatsApp,0,revisao_preco_fixo
C02312,Ranger,2018,116306,PF,Sudeste,8.2,0,7,33,879.42,3.0,0,0,0,WhatsApp,1,checkup_gratuito
C06870,Territory,2025,13612,PF,Norte,17.6,1,0,1,739.3,,1,0,0,App FordPass,0,plano_frota
C03941,Ka,2019,63479,PF,Sudeste,4.9,0,4,7,630.7,6.0,0,0,0,WhatsApp,0,revisao_preco_fixo
C09438,Ranger,2014,199215,PF,Sudeste,17.5,0,7,6,1277.34,7.0,0,0,0,Ligacao,1,revisao_preco_fixo
C02279,Territory,2021,91075,PF,Nordeste,9.0,0,5,5,1095.37,7.0,1,0,1,E-mail,0,revisao_preco_fixo
C07325,EcoSport,2015,68488,PF,Sul,9.5,0,10,36,881.71,7.0,0,0,0,WhatsApp,0,desconto_pecas
C09619,Bronco Sport,2014,124687,PF,Nordeste,46.0,0,7,49,1140.18,9.0,0,0,0,Ligacao,1,desconto_pecas
C03455,Maverick,2024,14287,PF,Sul,11.0,1,2,0,600.17,9.0,1,1,0,App FordPass,0,pacote_revisoes
C03230,Ranger,2025,41009,PJ_Frota,Sul,5.5,1,4,2,894.76,6.0,0,0,0,E-mail,0,plano_frota
C08080,EcoSport,2014,182470,PF,Centro-Oeste,10.7,0,1,7,1080.89,6.0,0,0,0,App FordPass,1,revisao_preco_fixo
C09950,Ka,2020,75996,PF,Centro-Oeste,20.2,0,5,4,,6.0,1,0,0,E-mail,1,desconto_pecas
C04905,Territory,2014,292176,PF,Nordeste,2.8,0,11,18,1368.75,6.0,0,0,2,WhatsApp,1,desconto_pecas
C04112,Bronco Sport,2017,120009,PF,Sul,8.9,0,5,53,715.13,7.0,1,0,0,App FordPass,1,checkup_gratuito
C00048,Territory,2016,120988,PF,Norte,16.2,0,8,47,634.69,,1,0,0,WhatsApp,1,checkup_gratuito
C03804,Ka,2014,114979,PF,Sul,23.8,0,5,28,979.31,7.0,0,0,0,E-mail,0,revisao_preco_fixo
C08027,Bronco Sport,2014,323422,PF,Sudeste,2.6,0,20,60,1345.59,8.0,0,0,0,E-mail,1,desconto_pecas
C02139,Maverick,2020,58320,PF,Nordeste,10.1,0,4,6,983.0,3.0,1,0,0,Ligacao,0,checkup_gratuito
C05083,Ka,2016,178426,PF,Nordeste,7.0,0,13,60,430.5,10.0,0,0,0,WhatsApp,1,desconto_pecas
C05734,Ka,2021,84323,PF,Centro-Oeste,26.9,0,6,15,596.85,8.0,0,0,0,WhatsApp,0,pacote_revisoes
C04352,Territory,2019,102590,PF,Sul,10.6,0,6,34,1097.66,4.0,0,0,1,WhatsApp,0,checkup_gratuito
C09784,Ranger,2017,129667,PF,SUDESTE,3.2,0,5,27,627.11,,1,0,0,WhatsApp,1,revisao_preco_fixo
C06986,Territory,2021,60041,PF,Sudeste,4.2,0,3,0,1623.71,6.0,1,0,0,Ligacao,1,revisao_preco_fixo
C07208,Ka,2016,140734,PF,Centro-Oeste,,0,8,35,776.9,7.0,0,0,0,WhatsApp,1,checkup_gratuito
C04538,Ka,2017,104141,PF,Norte,18.6,0,3,12,603.59,7.0,0,0,0,Ligacao,1,desconto_pecas
C06351,Mustang,2020,95836,PF,Sul,,0,8,20,1956.52,10.0,0,0,1,E-mail,0,revisao_preco_fixo
C05037,Ka,2014,203416,PF,Sudeste,20.9,0,13,60,1049.33,7.0,0,0,0,WhatsApp,1,revisao_preco_fixo
C04362,Territory,2024,22848,PF,Norte,59.3,1,0,4,1409.33,7.0,0,1,0,Ligacao,0,checkup_gratuito
C04840,Maverick,2014,110830,PF,SUDESTE,4.3,0,9,50,1143.65,10.0,0,0,0,WhatsApp,1,checkup_gratuito
C00706,Maverick,2021,69775,PF,Norte,20.1,0,3,51,986.09,7.0,1,1,0,WhatsApp,1,checkup_gratuito
C06147,EcoSport,2020,33340,PF,Sudeste,13.5,0,6,26,922.51,8.0,1,0,0,Ligacao,0,revisao_preco_fixo
C06547,Ranger,2014,204074,PF,Sul,11.7,0,14,36,2325.14,10.0,0,0,0,WhatsApp,0,desconto_pecas
C08431,Ka,2019,124811,PF,Sul,13.6,0,7,8,495.68,,0,0,0,E-mail,0,pacote_revisoes
C05589,Territory,2024,14278,PF,Nordeste,8.8,1,2,6,,4.0,0,0,0,App FordPass,0,pacote_revisoes
C01566,Ka,2016,270322,PF,Sul,8.3,0,16,14,1173.99,10.0,0,0,0,E-mail,0,desconto_pecas
C00661,Mustang,2018,84817,PF,Nordeste,6.7,0,2,38,2457.54,9.0,0,0,0,App FordPass,1,revisao_preco_fixo
C09493,Territory,2019,74525,PF,Sudeste,4.7,0,4,4,966.02,8.0,1,0,0,App FordPass,0,desconto_pecas
C08611,Bronco Sport,2023,60797,PF,Nordeste,23.1,1,5,3,1351.2,6.0,1,0,0,App FordPass,0,pacote_revisoes
C01915,EcoSport,2019,135659,PJ_Frota,Centro-Oeste,40.4,0,5,32,,6.0,1,0,2,Ligacao,1,checkup_gratuito
C01797,EcoSport,2020,71211,PF,Sudeste,7.8,0,5,60,526.33,6.0,0,0,0,E-mail,1,checkup_gratuito
C09926,Territory,2020,239689,PJ_Frota,Nordeste,42.2,0,17,5,733.99,10.0,1,0,0,App FordPass,0,desconto_pecas
C04226,Territory,2019,127883,PF,Sudeste,29.6,0,0,43,660.28,5.0,1,0,0,WhatsApp,0,revisao_preco_fixo
C00823,Territory,2018,65287,PF,Sudeste,5.2,0,1,4,844.11,5.0,0,0,1,WhatsApp,0,desconto_pecas
C07683,Maverick,2021,47994,PF,Centro-Oeste,21.1,0,1,5,873.39,9.0,0,0,0,WhatsApp,0,revisao_preco_fixo
C01528,Ka,2018,121725,PF,Nordeste,9.7,0,10,15,550.31,7.0,1,0,0,WhatsApp,0,desconto_pecas
C07977,Transit,2016,322226,PJ_Frota,Norte,40.1,0,10,32,957.43,9.0,0,0,0,WhatsApp,0,desconto_pecas
C07589,Ranger,2017,298188,PJ_Frota,Sudeste,5.4,0,17,22,1096.83,5.0,1,0,1,App FordPass,1,desconto_pecas
C09648,EcoSport,2014,82830,PF,SUDESTE,9.1,0,10,9,698.68,9.0,0,1,0,WhatsApp,0,checkup_gratuito
C08566,Mustang,2018,114826,PF,Nordeste,14.6,0,8,55,1905.33,9.0,0,0,0,App FordPass,1,checkup_gratuito
C00423,Ka,2019,39059,PF,Sudeste,11.0,0,3,3,433.86,8.0,0,0,0,WhatsApp,0,revisao_preco_fixo
C04850,EcoSport,2021,100684,PF,Sul,16.9,0,3,11,495.48,9.0,0,0,0,App FordPass,0,revisao_preco_fixo
C05301,Territory,2022,42236,PF,Sudeste,4.5,0,1,34,770.1,7.0,0,0,0,WhatsApp,1,revisao_preco_fixo
C02052,Ranger,2018,222121,PF,SUDESTE,16.9,0,7,39,30194.5,6.0,1,0,0,WhatsApp,1,checkup_gratuito
C00070,EcoSport,2014,142421,PF,Sul,24.1,0,3,49,772.82,5.0,0,0,0,E-mail,1,checkup_gratuito
C04405,Territory,2016,75097,PF,Centro-Oeste,12.0,0,4,22,1260.64,8.0,0,0,0,WhatsApp,1,checkup_gratuito
C07805,Territory,2021,88011,PF,Norte,52.2,0,2,17,1657.05,10.0,1,0,0,App FordPass,0,pacote_revisoes
C03118,EcoSport,2016,113354,PF,Sul,14.9,0,7,9,,10.0,1,0,0,App FordPass,0,revisao_preco_fixo
C08193,Transit,2017,380736,PJ_Frota,Sudeste,8.2,0,17,14,1296.82,7.0,0,0,0,Ligacao,1,desconto_pecas
C04434,Territory,2016,134096,PF,Sudeste,5.5,0,9,10,1258.44,7.0,0,0,0,WhatsApp,1,desconto_pecas
C05394,Ranger,2016,152322,PF,Sudeste,4.0,0,6,60,856.31,7.0,0,0,1,Ligacao,1,desconto_pecas
C06595,EcoSport,2018,148160,PF,Sudeste,19.0,0,6,25,992.31,,1,0,0,Ligacao,0,desconto_pecas
C09953,Ranger,2020,90733,PF,Norte,29.8,0,7,60,1750.67,10.0,1,0,0,E-mail,0,revisao_preco_fixo
C01286,Ranger,2019,164509,PF,Norte,27.3,0,13,4,669.25,7.0,0,0,0,E-mail,0,desconto_pecas
C05679,Ranger,2023,59462,PF,Nordeste,16.6,1,5,2,913.0,7.0,0,1,0,WhatsApp,0,pacote_revisoes
C09572,Ranger,2014,264593,PJ_Frota,Centro-Oeste,12.4,0,15,16,1749.3,10.0,0,1,0,WhatsApp,0,desconto_pecas
C05693,Maverick,2018,110773,PF,Nordeste,14.6,0,10,0,1913.79,5.0,0,1,1,App FordPass,0,revisao_preco_fixo
C00285,Ranger,2020,107160,PF,Sudeste,6.5,0,8,11,1515.3,8.0,0,0,0,Ligacao,0,revisao_preco_fixo
C05483,Ranger,2025,29842,PJ_Frota,Sudeste,3.6,1,2,1,,6.0,1,0,0,WhatsApp,0,plano_frota
C03553,Ranger,2016,113099,PF,Norte,34.5,0,6,13,1355.67,8.0,1,0,1,App FordPass,1,revisao_preco_fixo
C04297,Territory,2020,76591,PF,Sudeste,12.2,0,5,17,1051.14,6.0,0,0,0,WhatsApp,0,revisao_preco_fixo
C00403,Ka,2020,70894,PF,Sul,3.7,0,4,0,710.88,7.0,0,0,0,WhatsApp,0,revisao_preco_fixo
C06267,Maverick,2025,20815,PF,Sudeste,31.5,1,1,8,,9.0,0,0,0,WhatsApp,0,pacote_revisoes
C04517,EcoSport,2020,36263,PF,Sudeste,4.9,0,0,32,1020.47,7.0,1,0,0,App FordPass,1,checkup_gratuito
C07947,Ranger,2023,23513,PF,Sul,28.8,1,2,13,1309.94,6.0,0,1,0,App FordPass,0,revisao_preco_fixo
C07999,Transit,2015,399877,PJ_Frota,Sudeste,8.4,0,33,3,1264.48,6.0,0,1,1,E-mail,0,desconto_pecas
C08584,Maverick,2018,159611,PF,Sudeste,14.5,0,8,14,2125.45,6.0,0,0,0,App FordPass,0,desconto_pecas
C04023,Mustang,2019,113322,PF,Sudeste,8.7,0,5,60,1148.84,7.0,0,0,0,E-mail,1,revisao_preco_fixo
C03695,Ranger,2023,31550,PF,Sudeste,5.4,1,2,7,787.4,6.0,0,0,0,App FordPass,0,pacote_revisoes
C04232,Bronco Sport,2025,9180,PF,Nordeste,16.1,1,0,1,918.26,6.0,1,0,0,App FordPass,1,revisao_preco_fixo
C09546,Territory,2018,83981,PF,Sul,15.5,0,5,20,,4.0,0,0,1,WhatsApp,0,revisao_preco_fixo
C02493,Transit,2021,111811,PJ_Frota,Centro-Oeste,7.8,0,5,5,803.48,5.0,0,1,1,E-mail,1,plano_frota
C00761,Ka,2016,150419,PF,Nordeste,28.8,0,8,59,769.71,7.0,0,0,1,WhatsApp,1,checkup_gratuito
C06844,Territory,2019,75090,PF,Centro-Oeste,24.2,0,4,28,941.35,9.0,0,0,1,WhatsApp,1,revisao_preco_fixo
C05155,Ka,2016,-136744,PF,Nordeste,11.6,0,4,5,603.35,10.0,1,1,0,App FordPass,0,desconto_pecas
C08558,EcoSport,2017,71489,PF,Sudeste,6.3,0,8,11,757.66,9.0,0,0,0,E-mail,0,desconto_pecas
C02063,Ka,2019,135604,PF,Nordeste,46.7,0,4,11,1259.86,8.0,0,0,0,WhatsApp,1,revisao_preco_fixo
C03914,Ranger,2021,118913,PJ_Frota,Norte,27.4,0,2,13,1145.46,7.0,0,0,0,WhatsApp,0,plano_frota
C01365,Ranger,2026,5230,PF,Norte,23.4,1,0,1,1055.73,8.0,1,0,0,App FordPass,0,pacote_revisoes
C01684,Ka,2020,75961,PF,Centro-Oeste,,0,1,14,704.07,5.0,0,0,0,E-mail,1,revisao_preco_fixo
C01758,Mustang,2017,159629,PF,Sudeste,9.3,0,3,51,1377.53,6.0,0,0,0,E-mail,1,checkup_gratuito
C05967,EcoSport,2017,42232,PF,Sudeste,8.6,0,8,40,727.09,4.0,1,0,1,E-mail,0,pacote_revisoes
C06210,Ka,2020,135722,PF,Nordeste,18.2,0,2,30,749.55,8.0,0,0,0,WhatsApp,1,revisao_preco_fixo
C03926,Ranger,2014,197251,PF,Sudeste,1.6,0,11,33,1026.51,10.0,0,0,0,E-mail,0,desconto_pecas
C09301,Ranger,2026,12814,PJ_Frota,Norte,,1,1,2,588.56,7.0,1,0,0,WhatsApp,0,plano_frota
C01575,EcoSport,2014,120447,PF,Sudeste,10.9,0,8,22,786.36,8.0,0,0,0,App FordPass,1,desconto_pecas
C08165,Territory,2015,118189,PF,Sudeste,9.2,0,3,57,1554.85,6.0,0,0,0,WhatsApp,1,checkup_gratuito
C00521,Ranger,2020,370935,PJ_Frota,Nordeste,13.0,0,13,20,1246.66,6.0,0,0,0,Ligacao,0,desconto_pecas
C00859,Ranger,2018,159153,PJ_Frota,Sul,15.5,0,5,8,699.68,6.0,0,0,0,WhatsApp,0,plano_frota
C00124,Ka,2019,56516,PF,Sudeste,7.3,0,4,8,405.97,8.0,0,0,0,WhatsApp,0,desconto_pecas
C07916,Mustang,2015,226105,PF,Sul,12.7,0,4,50,1804.96,10.0,0,0,0,App FordPass,1,desconto_pecas
C05891,Territory,2015,244419,PF,Nordeste ,31.7,0,18,17,1490.49,9.0,0,0,0,WhatsApp,1,desconto_pecas
C08024,EcoSport,2015,179981,PF,Centro-Oeste,70.8,0,8,4,1232.78,7.0,0,0,0,WhatsApp,1,desconto_pecas
C02027,Ranger,2016,97645,PF,Sul,19.6,0,1,41,997.94,7.0,0,0,0,WhatsApp,1,desconto_pecas
C03575,Ranger,2016,105679,PF,Centro-Oeste,24.9,0,2,60,2279.31,6.0,0,0,1,E-mail,1,checkup_gratuito
C04225,Maverick,2015,146029,PF,norte,22.0,0,4,10,1218.39,5.0,0,0,0,WhatsApp,1,revisao_preco_fixo
C00117,Bronco Sport,2016,87780,PF,Sul,6.6,0,2,33,1117.28,5.0,1,0,1,E-mail,1,checkup_gratuito
C03689,Ranger,2017,72360,PF,Sudeste,2.4,0,1,60,964.74,6.0,1,0,0,E-mail,1,checkup_gratuito
C02920,Transit,2020,118128,PF,Sul,5.0,0,8,4,1599.18,6.0,0,0,0,E-mail,1,revisao_preco_fixo
C08742,Ka,2018,140607,PF,Sul,19.5,0,10,14,618.85,9.0,0,0,1,App FordPass,0,desconto_pecas
C01804,Territory,2020,104412,PF,Nordeste,25.3,0,4,1,1013.59,3.0,1,0,2,App FordPass,0,revisao_preco_fixo
C02389,Ka,2016,105021,PF,Nordeste,12.5,0,7,60,811.47,9.0,0,0,0,App FordPass,0,revisao_preco_fixo
C07953,Ka,2021,65767,PF,Sudeste,6.9,0,5,8,849.32,5.0,1,0,0,App FordPass,1,revisao_preco_fixo
C04055,Maverick,2019,70753,PF,Sudeste,14.2,0,6,26,1471.93,6.0,0,0,0,Ligacao,1,checkup_gratuito
C06700,EcoSport,2017,62226,PF,Sudeste,14.4,0,3,8,1246.12,8.0,0,0,0,WhatsApp,0,revisao_preco_fixo
C04952,EcoSport,2020,101968,PF,Sul,21.3,0,4,51,1034.45,7.0,0,0,0,E-mail,0,checkup_gratuito
C01741,EcoSport,2015,149703,PF,Sudeste,17.9,0,9,4,728.68,10.0,0,0,0,Ligacao,0,desconto_pecas
C05199,Ranger,2026,13255,PJ_Frota,Sul,7.7,1,1,3,,6.0,1,0,0,App FordPass,0,plano_frota
C08264,Territory,2024,89069,PJ_Frota,Sul,12.7,1,6,0,529.21,7.0,0,0,0,E-mail,0,plano_frota
C06040,Ranger,2019,266044,PJ_Frota,Norte,31.9,0,11,34,1241.6,7.0,1,0,0,App FordPass,1,revisao_preco_fixo
C00340,Ka,2019,109916,PF,Nordeste,5.9,0,5,53,753.72,9.0,1,0,0,WhatsApp,1,checkup_gratuito
C03547,Transit,2020,152381,PJ_Frota,Sudeste,15.1,0,8,60,671.36,7.0,1,0,0,E-mail,1,checkup_gratuito
C06717,Maverick,2021,174111,PJ_Frota,Sudeste,7.6,0,9,1,963.49,5.0,0,0,0,App FordPass,1,plano_frota
C06803,Ranger,2022,83652,PF,Nordeste,10.4,0,5,18,1579.4,8.0,0,0,1,App FordPass,1,revisao_preco_fixo
C04230,Transit,2014,277631,PJ_Frota,Norte,57.3,0,25,26,1491.78,10.0,0,0,0,WhatsApp,0,checkup_gratuito
C04854,Ka,2019,96621,PF,Centro-Oeste,25.4,0,6,9,547.07,6.0,1,0,1,Ligacao,1,checkup_gratuito
C07268,Mustang,2015,182448,PF,Nordeste,8.6,0,4,32,1864.87,10.0,0,0,0,Ligacao,1,revisao_preco_fixo
C08787,Territory,2021,47523,PF,Sudeste,16.3,0,2,12,1156.95,,0,0,0,Ligacao,1,checkup_gratuito
C03094,Ranger,2022,133302,PJ_Frota,Sudeste,11.8,0,7,15,974.6,6.0,0,0,0,WhatsApp,1,desconto_pecas
C08620,Transit,2021,81168,PF,Sudeste,9.2,0,7,5,800.08,,0,1,0,E-mail,0,revisao_preco_fixo
C00004,Ka,2020,44835,PF,Sudeste,3.7,0,1,9,1289.21,8.0,0,0,0,E-mail,1,revisao_preco_fixo
C04633,EcoSport,2016,66961,PF,Centro-Oeste,42.0,0,4,47,692.32,9.0,1,0,0,E-mail,1,checkup_gratuito
C00295,Mustang,2021,76647,PF,Nordeste ,12.0,0,6,37,1508.89,10.0,0,0,0,App FordPass,0,revisao_preco_fixo
C01565,Ranger,2020,48017,PF,Sudeste,7.5,0,1,30,1301.87,6.0,0,0,0,App FordPass,1,revisao_preco_fixo
C07696,EcoSport,2016,172222,PF,Sudeste,8.4,0,11,1,610.53,10.0,0,0,1,WhatsApp,0,desconto_pecas
C04181,Ka,2021,28800,PF,Centro-Oeste,60.2,0,3,2,669.08,5.0,0,0,3,WhatsApp,0,revisao_preco_fixo
C07233,Ranger,2016,93193,PF,Nordeste,16.1,0,5,5,898.17,6.0,1,0,1,App FordPass,1,desconto_pecas
C07441,Maverick,2020,82280,PF,Sudeste,6.2,0,1,30,1077.93,10.0,0,0,0,Ligacao,1,revisao_preco_fixo
C05178,Ranger,2026,4177,PF,Sul,11.9,1,0,20,925.72,7.0,1,0,0,App FordPass,0,pacote_revisoes
C09220,Transit,2017,294268,PJ_Frota,Sudeste,35.9,0,5,54,1289.29,4.0,0,0,1,WhatsApp,1,checkup_gratuito
C08364,Ranger,2026,2987,PF,Sudeste,5.4,1,0,9,1137.53,8.0,1,0,0,App FordPass,0,pacote_revisoes
C01942,Ranger,2024,24978,PF,Sudeste,6.2,1,2,2,19706.0,9.0,0,0,0,WhatsApp,0,pacote_revisoes
C02058,Ka,2017,70643,PF,Sudeste,12.9,0,5,36,995.02,,1,0,0,App FordPass,1,pacote_revisoes
C02254,Transit,2016,323772,PJ_Frota,Sudeste,11.2,0,5,13,1280.71,5.0,0,0,1,WhatsApp,1,desconto_pecas
C02101,Ka,2018,110481,PF,SUDESTE,9.2,0,10,40,1341.55,10.0,1,0,0,App FordPass,0,revisao_preco_fixo
C05050,EcoSport,2021,43526,PF,Centro-Oeste,14.7,0,2,60,649.08,,1,0,0,App FordPass,1,revisao_preco_fixo
C09686,Maverick,2021,42634,PF,Sul,14.5,0,5,14,1215.46,7.0,1,0,1,WhatsApp,0,revisao_preco_fixo
C09341,Ka,2017,149671,PF,Sul,5.2,0,9,10,764.03,6.0,0,0,0,App FordPass,1,desconto_pecas
C08229,Territory,2025,9833,PF,Nordeste,12.4,1,1,0,987.46,7.0,0,0,1,WhatsApp,0,pacote_revisoes
C08516,Transit,2017,162620,PF,Nordeste,12.4,0,16,15,925.79,9.0,0,0,0,Ligacao,0,desconto_pecas
C05202,Ka,2019,126404,PF,Nordeste,11.1,0,11,0,394.18,9.0,0,0,0,App FordPass,0,revisao_preco_fixo
C06846,EcoSport,2020,99571,PF,Sudeste,10.5,0,3,8,720.05,4.0,0,0,0,App FordPass,0,revisao_preco_fixo
C09183,Transit,2025,44681,PJ_Frota,Sul,5.5,1,3,6,742.48,6.0,1,0,0,WhatsApp,0,plano_frota
C04888,Ranger,2015,487218,PJ_Frota,Centro-Oeste,23.3,0,25,60,1116.23,8.0,0,0,2,WhatsApp,1,desconto_pecas
C00524,Ka,2019,98834,PF,Centro-Oeste,43.3,0,2,43,1846.4,,0,0,1,Ligacao,1,revisao_preco_fixo
C03697,Ka,2018,98905,PF,Sudeste,4.8,0,6,40,640.95,9.0,1,0,0,WhatsApp,0,desconto_pecas
C08598,Ranger,2026,4181,PF,Sudeste,10.0,1,0,2,1257.56,9.0,1,0,0,WhatsApp,0,pacote_revisoes
C02466,Maverick,2019,70878,PF,Sudeste,23.0,0,6,13,961.15,,1,0,0,WhatsApp,0,desconto_pecas
C08645,Ranger,2018,180124,PF,Sudeste,5.9,0,16,28,,7.0,0,0,0,Ligacao,0,desconto_pecas
C01696,Ka,2015,113426,PF,Nordeste,33.9,0,8,60,963.03,4.0,0,0,0,App FordPass,1,checkup_gratuito
C00537,Ka,2014,246471,PF,Nordeste,17.7,0,20,1,,,0,0,1,WhatsApp,0,desconto_pecas
C00741,Ka,2021,59663,PF,Nordeste,13.9,0,2,0,544.12,9.0,0,0,0,WhatsApp,0,checkup_gratuito
C03735,Transit,2023,55363,PJ_Frota,Centro-Oeste,4.7,1,4,4,776.54,5.0,1,0,0,App FordPass,0,plano_frota
C00169,Transit,2017,200860,PJ_Frota,Sudeste,6.0,0,18,9,1380.99,6.0,1,0,0,WhatsApp,0,desconto_pecas
C03404,Maverick,2015,156181,PF,Sudeste,4.8,0,10,22,909.65,8.0,0,0,0,Ligacao,0,desconto_pecas
C09850,EcoSport,2016,94041,PF,Nordeste,19.7,0,2,4,1138.83,7.0,0,0,2,WhatsApp,1,desconto_pecas
C02661,Ranger,2019,114563,PF,Sudeste,8.2,0,8,12,792.81,10.0,0,0,0,WhatsApp,0,revisao_preco_fixo
C01445,Territory,2018,106662,PF,SUDESTE,4.1,0,0,4,1208.81,3.0,1,0,0,E-mail,1,revisao_preco_fixo
C05873,Ka,2019,98996,PF,Nordeste,12.8,0,3,36,720.84,7.0,0,0,0,WhatsApp,1,checkup_gratuito
C05494,Maverick,2014,277574,PJ_Frota,Sudeste,14.3,0,16,28,1717.46,,1,0,0,Ligacao,0,desconto_pecas
C02411,Transit,2014,168222,PF,Nordeste,12.4,0,5,35,1048.61,6.0,0,0,1,E-mail,1,checkup_gratuito
C09465,EcoSport,2018,115994,PF,Norte,58.4,0,5,3,738.4,8.0,1,0,0,WhatsApp,0,revisao_preco_fixo
C00844,Ka,2018,101117,PF,Sudeste,11.0,0,7,2,498.86,6.0,0,0,1,WhatsApp,0,desconto_pecas
C06281,EcoSport,2016,437013,PJ_Frota,Centro-Oeste,61.5,0,19,39,469.39,8.0,1,0,1,WhatsApp,1,desconto_pecas
C08010,Transit,2026,9506,PJ_Frota,Nordeste,12.1,1,0,5,761.03,7.0,1,0,0,App FordPass,0,plano_frota
C06504,Bronco Sport,2023,30010,PF,Sul,19.8,1,2,12,470.6,6.0,1,0,1,App FordPass,1,pacote_revisoes
C09516,Mustang,2017,100397,PF,Sudeste,8.0,0,6,47,,6.0,0,0,2,App FordPass,1,checkup_gratuito
C03318,Ka,2016,106530,PF,Nordeste,12.2,0,6,24,928.85,6.0,0,0,0,WhatsApp,1,desconto_pecas
C06540,Mustang,2014,153132,PF,Norte,58.0,0,5,13,2649.21,8.0,0,0,0,Ligacao,0,desconto_pecas
C05864,Territory,2026,3573,PF,Nordeste,23.8,1,0,4,723.39,8.0,1,0,0,WhatsApp,0,pacote_revisoes
C05460,Territory,2014,101403,PF,Nordeste,7.3,0,2,60,910.79,5.0,0,0,0,WhatsApp,1,checkup_gratuito
C04371,Ka,2016,208019,PF,Sudeste,31.8,0,4,16,860.92,6.0,0,0,0,E-mail,0,desconto_pecas
C08532,Ka,2019,75167,PF,Sudeste,25.3,0,1,42,606.73,7.0,1,0,0,WhatsApp,1,checkup_gratuito
C01933,Maverick,2016,147811,PF,Nordeste,50.8,0,7,6,943.24,7.0,0,0,0,WhatsApp,1,desconto_pecas
C04755,Ranger,2019,228380,PJ_Frota,Centro-Oeste,23.3,0,7,7,2543.34,10.0,0,0,0,WhatsApp,0,revisao_preco_fixo
C05537,Territory,2026,4069,PF,Sudeste,9.8,1,0,14,326.17,5.0,1,0,0,App FordPass,0,pacote_revisoes
C09823,Ranger,2017,147888,PF,Centro-Oeste,9.6,0,3,19,972.53,,0,0,0,App FordPass,1,desconto_pecas
C07941,Ranger,2020,77675,PF,Sudeste,8.4,0,2,3,1004.8,6.0,0,0,2,WhatsApp,1,revisao_preco_fixo
C04773,Ranger,2019,272779,PJ_Frota,Sudeste,7.5,0,17,5,1152.14,7.0,0,0,1,WhatsApp,1,plano_frota
C04548,Bronco Sport,2019,93606,PF,Sudeste,14.1,0,7,20,1290.83,8.0,0,0,0,App FordPass,0,revisao_preco_fixo
C00373,EcoSport,2019,75084,PF,Sudeste,5.8,0,6,0,713.94,5.0,0,0,0,Ligacao,0,checkup_gratuito
C02803,Territory,2015,203328,PF,Sudeste,10.3,0,12,60,1289.5,8.0,0,0,0,Ligacao,1,desconto_pecas
C04863,Bronco Sport,2014,130981,PF,Sudeste,7.6,0,13,60,1302.81,8.0,1,0,1,WhatsApp,1,desconto_pecas
C01279,Territory,2026,4490,PF,Sudeste,7.4,1,0,2,647.32,3.0,0,0,0,E-mail,0,checkup_gratuito
C08295,Ranger,2025,9746,PF,Norte,35.1,1,1,2,756.15,4.0,1,0,1,App FordPass,0,pacote_revisoes
C05609,Bronco Sport,2019,105045,PF,Sul,1.9,0,9,1,1242.28,9.0,0,0,0,E-mail,0,revisao_preco_fixo
C00663,Ka,2021,83150,PF,Nordeste,17.6,0,6,9,621.45,8.0,0,1,0,WhatsApp,0,pacote_revisoes
C03515,Bronco Sport,2019,145390,PJ_Frota,Centro-Oeste,53.9,0,12,9,979.23,5.0,0,0,0,E-mail,0,plano_frota
C07540,Transit,2017,54928,PF,Norte,,0,0,13,1237.92,10.0,1,0,0,App FordPass,1,desconto_pecas
C03687,Transit,2023,42076,PJ_Frota,Sudeste,,1,4,0,1151.26,,0,0,1,Ligacao,0,plano_frota
C06420,EcoSport,2020,85985,PF,Norte,57.0,0,3,6,733.23,8.0,1,0,1,Ligacao,0,revisao_preco_fixo
C00288,Ranger,2021,63231,PF,Sul,19.2,0,2,29,1373.5,6.0,0,0,0,App FordPass,1,checkup_gratuito
C05179,Ranger,2014,265073,PF,Sudeste,13.1,0,16,32,1572.01,,0,0,0,App FordPass,1,revisao_preco_fixo
C04686,EcoSport,2016,95609,PF,Sudeste,4.0,0,3,35,714.43,6.0,1,0,1,App FordPass,1,desconto_pecas
C07799,EcoSport,2015,96350,PF,Nordeste,29.0,0,5,10,947.73,9.0,0,1,0,Ligacao,0,desconto_pecas
C09002,Ranger,2024,22212,PF,Norte,18.1,1,2,5,1162.51,4.0,0,0,1,E-mail,0,pacote_revisoes
C00694,Mustang,2022,63232,PF,Nordeste,10.9,0,1,9,1143.46,9.0,0,0,0,Ligacao,0,revisao_preco_fixo
C08908,Ranger,2018,184859,PJ_Frota,Sudeste,12.5,0,14,9,791.22,6.0,1,0,1,App FordPass,0,plano_frota
C08859,EcoSport,2021,86272,PF,Centro Oeste,21.5,0,3,2,,5.0,1,0,0,WhatsApp,0,revisao_preco_fixo
C08166,Territory,2019,66734,PF,Norte,71.6,0,0,32,890.58,5.0,0,1,0,WhatsApp,1,checkup_gratuito
C05990,Ka,2017,76387,PF,Sudeste,5.8,0,5,8,529.03,,0,0,0,WhatsApp,1,desconto_pecas
C06401,EcoSport,2016,186580,PF,Sudeste,2.8,0,10,10,764.65,9.0,0,0,0,Ligacao,0,desconto_pecas
C05600,Ranger,2019,120088,PF,Sudeste,7.4,0,7,40,2932.62,9.0,0,0,1,WhatsApp,1,revisao_preco_fixo
C09840,Territory,2015,117783,PF,Sudeste,6.8,0,4,6,1537.17,8.0,0,0,0,E-mail,0,desconto_pecas
C06775,Ranger,2026,8210,PJ_Frota,Centro-Oeste,17.2,1,0,21,1190.78,6.0,0,0,1,App FordPass,0,revisao_preco_fixo
C09342,Maverick,2017,106909,PF,Sudeste,3.9,0,1,51,832.76,3.0,0,0,0,E-mail,1,checkup_gratuito
C09721,Transit,2015,213300,PF,Centro-Oeste,24.7,0,10,6,1541.83,5.0,0,0,0,E-mail,0,desconto_pecas
C07402,EcoSport,2021,107781,PF,Sul,7.3,0,8,20,,8.0,1,0,0,App FordPass,0,revisao_preco_fixo
C07973,Ka,2014,241797,PJ_Frota,Centro-Oeste,54.4,0,9,3,,9.0,0,0,0,App FordPass,0,desconto_pecas
C00615,Bronco Sport,2024,23121,PF,Sudeste,10.7,1,2,2,649.9,8.0,1,0,0,App FordPass,0,pacote_revisoes
C09711,Ranger,2026,4005,PF,Sudeste,9.9,1,0,8,680.64,8.0,1,0,0,WhatsApp,0,pacote_revisoes
C08543,Transit,2024,19366,PF,Sul,12.5,1,2,3,538.85,8.0,1,0,0,App FordPass,0,pacote_revisoes
C00977,Ranger,2019,144194,PF,Sudeste,6.7,0,6,1,894.2,5.0,1,0,0,WhatsApp,0,desconto_pecas
C00604,Transit,2024,100910,PJ_Frota,Sudeste,10.1,1,7,4,668.23,7.0,0,0,0,WhatsApp,0,plano_frota
C05092,EcoSport,2020,66918,PF,Sudeste,,0,5,23,1018.84,9.0,1,1,0,Ligacao,0,checkup_gratuito
C08956,Territory,2024,31512,PF,Sudeste,13.8,1,3,10,1033.31,7.0,1,0,0,E-mail,0,pacote_revisoes
C00291,Ka,2021,55485,PF,Nordeste,8.6,0,3,32,621.01,7.0,0,0,0,App FordPass,0,pacote_revisoes
C08086,Transit,2019,220940,PJ_Frota,Sudeste,7.9,0,6,30,807.88,7.0,0,0,0,WhatsApp,1,plano_frota
C09508,Bronco Sport,2021,69371,PF,Sudeste,3.5,0,4,11,1264.49,,1,0,0,App FordPass,0,revisao_preco_fixo
C04562,EcoSport,2019,86033,PF,Norte,86.9,0,3,23,604.25,,0,0,0,App FordPass,1,pacote_revisoes
C07075,Ranger,2019,319315,PJ_Frota,Sul,9.2,0,20,16,,9.0,0,0,0,E-mail,0,desconto_pecas
C09992,Ranger,2016,117210,PF,Nordeste,10.0,0,4,55,1872.38,6.0,0,0,0,E-mail,1,checkup_gratuito
C03180,Transit,2015,265527,PJ_Frota,Sul,16.8,0,25,28,1279.5,7.0,0,0,0,E-mail,0,desconto_pecas
C05256,Territory,2025,21854,PJ_Frota,Nordeste,16.0,1,2,2,858.51,7.0,1,0,1,App FordPass,0,plano_frota
C01453,Transit,2017,142335,PJ_Frota,Sudeste,2.7,0,5,14,968.65,6.0,0,0,0,E-mail,0,plano_frota
C00707,Maverick,2018,-127603,PF,Sul,14.5,0,8,7,1362.18,10.0,1,0,0,E-mail,0,desconto_pecas
C05036,Mustang,2014,143553,PF,Centro-Oeste,35.5,0,13,12,1420.74,9.0,0,0,0,WhatsApp,0,desconto_pecas
C04557,Bronco Sport,2025,17327,PF,Centro-Oeste,26.8,1,1,1,671.33,9.0,1,0,0,E-mail,0,pacote_revisoes
C04935,Ka,2018,131914,PF,Sudeste,5.4,0,4,4,615.82,7.0,0,0,0,Ligacao,0,desconto_pecas
C01214,EcoSport,2021,42367,PF,Sudeste,19.2,0,1,1,1024.61,7.0,0,0,0,Ligacao,0,checkup_gratuito
C06813,Ka,2016,537858,PJ_Frota,Sul,16.7,0,29,34,443.07,7.0,0,0,1,WhatsApp,1,desconto_pecas
C01556,Transit,2017,372118,PJ_Frota,Sudeste,12.1,0,27,50,1439.74,8.0,0,1,0,WhatsApp,0,desconto_pecas
C05042,EcoSport,2015,91021,PF,Sudeste,1.6,0,7,60,541.66,8.0,1,0,1,App FordPass,1,checkup_gratuito
C04182,Territory,2026,2090,PF,Sul,6.5,1,0,15,,6.0,0,0,2,WhatsApp,0,pacote_revisoes
C09752,EcoSport,2018,70758,PF,Sudeste,4.6,0,6,7,,8.0,0,0,0,App FordPass,1,desconto_pecas
C07449,Ranger,2021,76137,PF,Sudeste,10.3,0,4,11,1069.87,7.0,0,0,0,WhatsApp,0,revisao_preco_fixo
C03487,Bronco Sport,2022,39374,PF,Sudeste,15.1,0,2,15,665.98,9.0,1,0,0,WhatsApp,1,revisao_preco_fixo
C02703,Maverick,2021,55955,PF,Nordeste,13.5,0,1,3,630.84,6.0,1,0,0,App FordPass,1,checkup_gratuito
C08371,Ranger,2022,51700,PF,Sudeste,16.0,0,4,20,,7.0,0,0,1,WhatsApp,0,revisao_preco_fixo
C08816,Maverick,2024,21472,PF,Nordeste,22.7,1,1,10,777.84,5.0,0,0,1,App FordPass,1,pacote_revisoes
C04131,Territory,2014,426755,PJ_Frota,Norte,34.4,0,12,21,1178.01,7.0,1,0,1,App FordPass,0,desconto_pecas
C08498,Ranger,2023,102885,PJ_Frota,Norte,20.2,1,10,7,1202.0,10.0,0,0,0,Ligacao,0,pacote_revisoes
C01975,EcoSport,2018,86660,PF,Sudeste,10.6,0,5,11,705.0,6.0,0,0,1,WhatsApp,0,desconto_pecas
C05993,Mustang,2019,104211,PF,Sul,7.7,0,8,60,1843.58,9.0,0,0,0,Ligacao,1,revisao_preco_fixo
C03148,Maverick,2021,76288,PF,Sul,37.4,0,4,26,1432.75,,0,0,0,App FordPass,1,revisao_preco_fixo
C07251,Ranger,2018,121815,PF,Centro-Oeste,41.2,0,7,47,793.17,,0,0,0,App FordPass,1,checkup_gratuito
C00916,Ka,2015,115952,PF,Sudeste,4.0,0,7,35,1104.55,6.0,0,0,1,E-mail,1,desconto_pecas
C03516,Territory,2025,11617,PF,Sudeste,8.1,1,0,21,992.18,,1,0,0,WhatsApp,0,pacote_revisoes
C00861,Bronco Sport,2021,44207,PF,Nordeste,16.4,0,1,14,1265.1,6.0,0,0,0,WhatsApp,1,revisao_preco_fixo
C08183,Ka,2020,58387,PF,Centro-Oeste,25.0,0,2,0,601.8,,1,0,0,App FordPass,0,plano_frota
C04020,EcoSport,2015,140454,PF,Nordeste,18.3,0,9,11,938.41,6.0,0,0,0,App FordPass,0,desconto_pecas
C09313,Territory,2018,92974,PF,Nordeste,16.9,0,1,60,1531.63,7.0,1,0,0,E-mail,0,checkup_gratuito
C05153,EcoSport,2018,187828,PF,Sudeste,1.3,0,13,10,1479.83,8.0,0,0,0,WhatsApp,0,pacote_revisoes
C06433,Mustang,2017,108184,PF,Norte,43.5,0,7,60,1754.33,9.0,0,0,0,E-mail,1,checkup_gratuito
C04817,Ranger,2019,74816,PF,Norte,25.6,0,4,22,1174.46,7.0,1,0,0,WhatsApp,0,pacote_revisoes
C01691,Mustang,2014,190758,PF,Nordeste,43.4,0,12,47,1664.1,6.0,0,0,0,App FordPass,1,desconto_pecas
C02929,Territory,2021,49126,PF,Sul,10.2,0,0,13,1137.25,7.0,0,0,0,E-mail,1,revisao_preco_fixo
C02019,Ranger,2020,57042,PF,SUDESTE,6.4,0,3,50,1579.16,6.0,1,0,3,App FordPass,1,checkup_gratuito
C01969,Ranger,2023,133156,PJ_Frota,Sudeste,7.5,1,10,6,1251.64,7.0,0,0,0,Ligacao,0,plano_frota
C03733,Territory,2017,178933,PF,Nordeste,14.1,0,2,8,955.43,3.0,1,0,2,App FordPass,1,desconto_pecas
C02589,Ranger,2022,48922,PF,Nordeste,9.7,0,4,28,921.47,,0,0,0,WhatsApp,1,revisao_preco_fixo
C05925,Ka,2021,217468,PJ_Frota,Centro-Oeste,24.3,0,6,3,491.46,8.0,0,0,1,App FordPass,0,plano_frota
C00310,Ranger,2019,221075,PJ_Frota,Sudeste,12.8,0,18,3,1036.05,7.0,0,0,2,WhatsApp,0,plano_frota
C09017,Ranger,2015,94561,PF,Sudeste,6.6,0,9,19,1241.33,9.0,1,0,0,WhatsApp,1,revisao_preco_fixo
C02802,Ka,2020,91393,PF,Sudeste,6.2,0,7,26,416.55,6.0,0,0,0,WhatsApp,1,pacote_revisoes
C05687,Ka,2015,192334,PF,Sudeste,8.3,0,7,57,898.39,8.0,0,0,0,,1,desconto_pecas
C05451,Territory,2018,145675,PJ_Frota,Nordeste,10.6,0,2,25,1372.8,,1,1,0,WhatsApp,1,revisao_preco_fixo
C00773,Maverick,2026,3405,PF,Sul,10.9,1,0,2,1073.49,8.0,1,0,0,WhatsApp,0,pacote_revisoes
C02330,Territory,2025,6550,PF,Sudeste,11.5,1,1,9,631.32,6.0,0,0,0,WhatsApp,0,pacote_revisoes
C00893,Ka,2021,90247,PF,Sul,11.3,0,3,3,709.79,,1,1,0,WhatsApp,0,revisao_preco_fixo
C05280,Transit,2016,309065,PJ_Frota,Centro-Oeste,16.0,0,17,50,979.95,9.0,1,0,0,WhatsApp,0,desconto_pecas
C02647,Maverick,2026,5836,PF,Sudeste,3.7,1,0,1,836.81,10.0,1,0,0,App FordPass,0,pacote_revisoes
C03749,EcoSport,2017,112983,PF,Sul,3.2,0,7,40,696.82,6.0,1,1,1,Ligacao,1,checkup_gratuito
C01115,Ka,2019,77336,PF,Sul,11.5,0,6,45,614.27,9.0,1,0,0,App FordPass,1,revisao_preco_fixo
C07773,Transit,2025,26884,PJ_Frota,Sudeste,7.9,1,1,24,1242.86,5.0,1,0,1,App FordPass,0,plano_frota
C08568,Territory,2025,35836,PJ_Frota,Centro-Oeste,48.5,1,2,1,1081.62,6.0,0,0,0,WhatsApp,0,plano_frota
C07619,Maverick,2015,147599,PF,SUDESTE,7.2,0,3,54,,10.0,0,0,0,WhatsApp,1,desconto_pecas
C07880,EcoSport,2018,85917,PF,Sudeste,10.0,0,6,16,583.01,10.0,0,0,0,E-mail,1,checkup_gratuito
C02051,Ka,2017,89891,PF,Sudeste,9.3,0,4,4,779.89,8.0,0,0,0,App FordPass,0,desconto_pecas
C00265,Ka,2019,69984,PF,Sudeste,21.5,0,2,50,,7.0,1,1,0,Ligacao,1,checkup_gratuito
C09968,Ka,2018,117740,PF,Nordeste,15.6,0,5,3,814.54,8.0,0,0,0,WhatsApp,0,desconto_pecas
C09059,Maverick,2019,177358,PF,Sudeste,8.2,0,9,16,935.16,6.0,0,0,0,WhatsApp,0,desconto_pecas
C01469,Ka,2018,122363,PF,Nordeste,17.2,0,4,0,781.24,7.0,0,0,0,WhatsApp,0,desconto_pecas
C04691,EcoSport,2019,78104,PF,Sudeste,4.2,0,3,20,594.02,10.0,0,0,0,E-mail,0,desconto_pecas
C03390,Ka,2015,87198,PF,Nordeste,14.9,0,8,20,737.26,6.0,0,0,0,WhatsApp,0,desconto_pecas
C04376,Bronco Sport,2014,129436,PF,Sudeste,5.3,0,2,60,1031.9,6.0,0,0,0,App FordPass,1,checkup_gratuito
C01253,Territory,2015,131210,PF,Sudeste,13.7,0,7,34,756.09,7.0,0,0,0,WhatsApp,1,desconto_pecas
C04926,EcoSport,2021,303636,PJ_Frota,Sul,17.0,0,7,15,811.59,7.0,0,0,0,WhatsApp,1,desconto_pecas
C01929,Ranger,2024,22035,PF,Centro Oeste,25.6,1,1,5,1157.85,4.0,1,0,0,WhatsApp,1,checkup_gratuito
C02402,Bronco Sport,2024,25996,PF,Nordeste,9.6,1,2,2,562.36,7.0,0,1,1,WhatsApp,0,pacote_revisoes
C00185,Territory,2015,129073,PF,Sudeste,4.9,0,2,5,1626.02,7.0,1,0,0,WhatsApp,1,revisao_preco_fixo
C09740,Ranger,2026,5293,PF,Sudeste,4.5,1,0,14,1173.17,,1,0,2,WhatsApp,0,pacote_revisoes
C00312,EcoSport,2016,100828,PF,Sul,12.3,0,5,41,1533.28,7.0,0,0,0,WhatsApp,0,checkup_gratuito
C04170,Transit,2015,415663,PJ_Frota,Centro-Oeste,10.7,0,31,19,683.64,5.0,0,0,2,Ligacao,0,desconto_pecas
C06245,Ka,2018,85983,PF,Sudeste,6.8,0,7,40,,6.0,0,0,0,App FordPass,1,checkup_gratuito
C09205,Maverick,2016,214488,PF,Nordeste,10.3,0,12,8,1056.79,8.0,1,0,0,WhatsApp,1,desconto_pecas
C01116,Ka,2016,175191,PF,Sudeste,13.3,0,11,5,581.91,,0,0,1,WhatsApp,1,desconto_pecas
C06785,Ranger,2019,76915,PF,Sul,12.2,0,2,1,867.54,6.0,0,0,1,Ligacao,1,desconto_pecas
C04632,EcoSport,2014,114616,PF,Centro-Oeste,12.2,0,4,8,927.8,8.0,0,0,0,Ligacao,1,desconto_pecas
C01199,Bronco Sport,2026,6555,PF,Sudeste,4.4,1,0,9,1052.82,,0,0,1,WhatsApp,1,pacote_revisoes
C00179,Bronco Sport,2020,59059,PF,Nordeste,12.5,0,0,13,1064.03,6.0,0,0,1,App FordPass,1,revisao_preco_fixo
C05461,Ka,2019,101564,PF,Sul,,0,2,7,438.99,,0,0,0,App FordPass,0,revisao_preco_fixo
C09694,Ranger,2023,73081,PJ_Frota,Nordeste,21.9,1,4,1,653.25,,1,0,0,WhatsApp,0,plano_frota
C00018,Maverick,2025,19443,PF,Sudeste,3.4,1,0,0,879.81,9.0,1,0,1,App FordPass,0,pacote_revisoes
C05743,Mustang,2020,104478,PF,Nordeste,34.7,0,6,30,1599.72,9.0,1,0,1,E-mail,1,revisao_preco_fixo
C09892,Ka,2019,131473,PF,Centro-Oeste,13.1,0,3,37,573.03,8.0,1,0,0,Ligacao,0,revisao_preco_fixo
C00579,EcoSport,2020,53307,PF,Sudeste,8.6,0,5,24,477.38,8.0,0,0,0,E-mail,0,desconto_pecas
C08583,Ka,2016,118449,PF,Norte,25.4,0,6,23,859.33,5.0,0,1,0,E-mail,1,revisao_preco_fixo
C07706,Ka,2019,93275,PF,Sul,6.8,0,4,7,871.14,,0,0,0,App FordPass,0,desconto_pecas
C03636,Maverick,2025,11032,PF,Sudeste,2.3,1,1,1,1016.08,7.0,0,1,0,Ligacao,0,pacote_revisoes
C03379,Transit,2023,30764,PF,Centro Oeste,13.5,1,3,5,874.15,8.0,1,0,1,,0,pacote_revisoes
C04783,Territory,2021,92129,PF,Centro-Oeste,25.8,0,4,12,913.01,8.0,0,0,1,WhatsApp,0,revisao_preco_fixo
C08114,Ka,2031,86064,PF,Sudeste,8.8,0,7,46,761.7,,0,0,0,WhatsApp,1,checkup_gratuito
C02730,Ka,2019,73207,PF,Norte,27.7,0,5,2,617.35,5.0,0,0,1,Ligacao,0,checkup_gratuito
C06577,Bronco Sport,2021,84939,PF,Sudeste,14.9,0,1,7,1081.78,7.0,0,0,0,App FordPass,1,revisao_preco_fixo
C05832,EcoSport,2018,94447,PF,Norte,33.9,0,5,18,721.78,6.0,0,0,2,WhatsApp,1,plano_frota
C00367,Territory,2026,10241,PJ_Frota,SUDESTE,4.2,1,1,1,1097.94,8.0,1,0,1,E-mail,0,plano_frota
C03202,Mustang,2014,232326,PF,Sul,12.4,0,13,11,1584.53,,0,0,0,WhatsApp,0,desconto_pecas
C01877,EcoSport,2020,152997,PF,Sudeste,20.2,0,7,44,737.55,6.0,0,0,0,App FordPass,1,checkup_gratuito
C00482,Territory,2022,28588,PF,Nordeste,22.2,0,1,12,750.22,7.0,0,0,0,App FordPass,0,revisao_preco_fixo
C00158,Bronco Sport,2019,196068,PF,Sudeste,19.8,0,12,10,805.14,8.0,1,0,0,E-mail,0,revisao_preco_fixo
C08563,EcoSport,2020,70286,PF,Sudeste,,0,1,39,1140.06,,0,1,0,E-mail,1,revisao_preco_fixo
C09927,Ka,2021,65355,PF,Sul,6.6,0,3,4,1451.86,8.0,0,0,1,WhatsApp,0,revisao_preco_fixo
C06606,Maverick,2017,137611,PF,Norte,25.6,0,9,13,1031.73,7.0,0,0,1,App FordPass,0,checkup_gratuito
C06453,EcoSport,2016,290489,PJ_Frota,Sul,29.9,0,18,11,472.51,9.0,0,0,0,App FordPass,0,desconto_pecas
C05932,EcoSport,2018,88070,PF,Sudeste,2.1,0,5,59,583.06,9.0,0,0,0,E-mail,1,checkup_gratuito
C08974,EcoSport,2014,137861,PF,Nordeste,16.1,0,2,60,1110.36,5.0,0,0,0,Ligacao,1,checkup_gratuito
C04237,Maverick,2024,21970,PF,Sul,10.2,1,1,12,830.24,6.0,1,0,1,E-mail,0,pacote_revisoes
C03349,Ranger,2018,427979,PJ_Frota,Nordeste,24.7,0,9,28,1679.9,,1,0,0,App FordPass,1,desconto_pecas
C02068,EcoSport,2018,78740,PF,Sudeste,22.2,0,8,11,722.05,3.0,0,0,2,WhatsApp,0,desconto_pecas
C06948,Bronco Sport,2018,68995,PF,SUDESTE,12.5,0,5,4,1316.4,10.0,0,1,0,WhatsApp,0,revisao_preco_fixo
C04407,Ranger,2015,339519,PJ_Frota,Nordeste,7.7,0,4,52,1760.93,4.0,0,0,0,Ligacao,1,checkup_gratuito
C05177,Ka,2021,146650,PJ_Frota,Sudeste,6.3,0,2,13,566.78,6.0,0,0,0,E-mail,0,revisao_preco_fixo
C00621,Ranger,2018,75225,PF,Sul,6.6,0,8,28,1384.92,7.0,0,0,0,WhatsApp,0,checkup_gratuito
C01034,Ranger,2022,81361,PF,Centro-Oeste,30.6,0,4,17,,7.0,0,0,1,E-mail,1,revisao_preco_fixo
C02710,Transit,2016,131669,PJ_Frota,Nordeste,10.3,0,8,14,1001.78,7.0,0,0,0,WhatsApp,1,plano_frota
C02583,Ka,2019,82001,PF,Nordeste,13.6,0,5,20,979.8,,1,0,1,WhatsApp,0,revisao_preco_fixo
C01693,Bronco Sport,2015,116856,PF,Sudeste,3.2,0,8,38,1262.62,9.0,0,0,0,WhatsApp,1,desconto_pecas
C05735,Transit,2014,84620,PF,Nordeste,20.6,0,2,60,2331.08,7.0,0,0,0,E-mail,1,checkup_gratuito
C04786,EcoSport,2017,122148,PF,Centro-Oeste,24.8,0,2,12,511.93,5.0,0,0,0,WhatsApp,1,desconto_pecas
C01650,EcoSport,2018,84581,PF,Sudeste,9.6,0,5,10,712.54,,1,0,2,Ligacao,0,desconto_pecas
C09688,Ka,2020,106538,PF,Sudeste,8.1,0,7,15,477.83,6.0,1,0,0,,0,checkup_gratuito
C01559,Maverick,2014,227904,PF,Sul,9.1,0,14,10,950.01,,0,0,0,WhatsApp,0,desconto_pecas
C00276,EcoSport,2014,142034,PF,Nordeste,5.6,0,8,27,751.85,6.0,0,0,0,Ligacao,1,checkup_gratuito
C09979,Ka,2020,221371,PJ_Frota,Sudeste,6.6,0,5,18,,3.0,0,0,1,,0,checkup_gratuito
C08728,Ka,2017,118889,PF,Sul,21.1,0,9,7,458.47,7.0,0,1,0,Ligacao,0,desconto_pecas
C00102,EcoSport,2021,56246,PF,Norte,38.3,0,0,4,1390.41,5.0,0,0,1,WhatsApp,1,revisao_preco_fixo
C04201,Maverick,2016,149442,PF,Norte,55.1,0,11,5,2205.16,5.0,0,0,3,E-mail,0,desconto_pecas
C00562,Maverick,2020,73287,PF,Centro-Oeste,32.4,0,7,43,821.09,9.0,0,0,0,E-mail,1,pacote_revisoes
C07474,Ranger,2016,97151,PF,Sul,7.5,0,6,2,1309.99,9.0,0,0,1,E-mail,1,desconto_pecas
C08916,Ranger,2018,253608,PJ_Frota,Sudeste,3.2,0,12,9,1103.47,7.0,0,1,0,E-mail,0,plano_frota
C08213,Territory,2014,105027,PF,Sudeste,4.4,0,12,41,966.73,9.0,0,0,0,E-mail,0,revisao_preco_fixo
C07284,Transit,2020,207935,PJ_Frota,Norte,67.0,0,4,60,1008.9,9.0,0,0,1,Ligacao,1,checkup_gratuito
C01290,Ranger,2023,32444,PF,Centro-Oeste,8.6,1,3,8,1964.77,8.0,0,1,0,WhatsApp,0,pacote_revisoes
C08615,Territory,2017,146304,PF,SUDESTE,5.1,0,4,23,849.27,8.0,0,0,1,Ligacao,1,revisao_preco_fixo
C06314,Territory,2020,96565,PF,Sudeste,8.4,0,7,20,1150.91,9.0,0,0,1,WhatsApp,0,desconto_pecas
C01709,EcoSport,2015,171533,PF,Nordeste,13.0,0,7,60,1080.91,9.0,0,0,0,App FordPass,1,checkup_gratuito
C00519,Maverick,2024,13947,PF,Norte,105.1,1,2,1,727.46,7.0,0,0,0,WhatsApp,0,pacote_revisoes
C03443,Ranger,2019,88302,PF,Centro-Oeste,43.7,0,2,2,1125.93,7.0,0,0,0,WhatsApp,1,revisao_preco_fixo
C08455,Ka,2021,54750,PF,Norte,41.2,0,4,16,636.3,9.0,0,0,0,Ligacao,0,revisao_preco_fixo
C01674,Maverick,2022,44492,PF,Sudeste,12.5,0,2,3,719.35,6.0,0,0,1,WhatsApp,0,desconto_pecas
C07350,Ka,2019,104102,PF,Sudeste,5.1,0,3,2,336.82,7.0,0,0,0,WhatsApp,0,desconto_pecas
C05625,Territory,2016,472870,PJ_Frota,Sul,13.2,0,33,51,2568.0,8.0,1,0,1,WhatsApp,1,desconto_pecas
C00383,Ranger,2015,141782,PF,Centro-Oeste,23.4,0,11,60,1217.29,5.0,0,0,0,App FordPass,1,checkup_gratuito
C02862,EcoSport,2019,56333,PF,Sudeste,15.0,0,4,5,756.66,7.0,0,0,0,WhatsApp,0,revisao_preco_fixo
C06021,Mustang,2025,9619,PF,Nordeste,15.8,1,1,1,2374.98,6.0,0,1,1,WhatsApp,0,pacote_revisoes
C01226,Ranger,2016,79567,PF,Sudeste,36.5,0,6,36,764.44,8.0,1,0,0,WhatsApp,0,checkup_gratuito
C00735,Territory,2023,27687,PF,Sul,11.5,1,2,9,1045.87,9.0,1,0,0,E-mail,0,pacote_revisoes
C03723,Ranger,2020,64281,PF,Nordeste,7.4,0,0,5,1603.88,3.0,1,1,1,E-mail,1,revisao_preco_fixo
C04897,Ranger,2021,38653,PF,Sudeste,6.9,0,3,12,508.17,,1,0,0,WhatsApp,0,revisao_preco_fixo
C03812,Territory,2026,4699,PJ_Frota,Nordeste,6.5,1,0,1,733.88,9.0,1,0,0,E-mail,0,plano_frota
C00128,Ka,2021,155340,PJ_Frota,SUDESTE,10.3,0,3,3,491.21,9.0,0,0,0,WhatsApp,0,plano_frota
C08640,EcoSport,2015,166660,PF,Sudeste,12.7,0,9,60,,6.0,1,0,0,App FordPass,1,checkup_gratuito
C05324,Ka,2016,115631,PF,Norte,14.2,0,9,4,964.79,9.0,0,0,0,WhatsApp,0,desconto_pecas
C00304,Maverick,2015,125333,PF,Centro-Oeste,21.0,0,6,34,930.68,5.0,0,0,0,WhatsApp,1,checkup_gratuito
C02741,Maverick,2018,202089,PF,Sudeste,4.2,0,4,20,728.05,6.0,0,0,1,Ligacao,1,checkup_gratuito
C01231,Territory,2015,209515,PF,Norte,63.3,0,5,18,1497.6,5.0,0,0,1,WhatsApp,1,desconto_pecas
C06058,Maverick,2020,113524,PF,Nordeste,18.9,0,6,14,775.36,3.0,0,0,0,App FordPass,0,revisao_preco_fixo
C03298,Ranger,2018,154956,PF,Sul,16.4,0,6,31,991.74,6.0,0,0,1,App FordPass,0,checkup_gratuito
C04828,Maverick,2020,79548,PF,Sul,2.3,0,5,4,804.31,7.0,1,0,0,WhatsApp,1,revisao_preco_fixo
C00733,Ranger,2021,92500,PF,Norte,16.9,0,2,35,921.82,6.0,0,0,1,App FordPass,1,revisao_preco_fixo
C06988,Ka,2017,57696,PF,Sul,,0,8,9,698.21,7.0,0,0,1,WhatsApp,1,desconto_pecas
C02588,Ranger,2020,37520,PF,Sul,18.9,0,2,15,,7.0,0,0,0,WhatsApp,0,revisao_preco_fixo
C09352,EcoSport,2018,74377,PF,Nordeste,24.6,0,5,30,790.09,5.0,0,0,0,App FordPass,1,revisao_preco_fixo
C00891,Transit,2026,6238,PJ_Frota,Sudeste,7.3,1,0,3,647.61,7.0,1,0,0,App FordPass,0,plano_frota
C05018,Territory,2023,18194,PF,Sudeste,2.5,1,3,0,625.24,7.0,1,0,0,App FordPass,0,pacote_revisoes
C09321,EcoSport,2014,142048,PF,Sul,21.6,0,8,44,512.76,,0,0,0,Ligacao,0,checkup_gratuito
C05442,Maverick,2024,27282,PF,Nordeste,34.4,1,1,3,827.12,7.0,0,0,2,WhatsApp,0,pacote_revisoes
C01618,Transit,2014,130368,PJ_Frota,Sudeste,16.6,0,1,27,998.71,6.0,0,0,0,WhatsApp,1,plano_frota
C05227,Ka,2019,223181,PF,Nordeste,19.0,0,9,2,478.69,7.0,0,0,1,WhatsApp,0,revisao_preco_fixo
C08475,EcoSport,2019,215033,PF,Sudeste,6.4,0,10,2,656.32,,0,0,0,App FordPass,0,revisao_preco_fixo
C02787,Ranger,2020,36169,PF,Nordeste,6.3,0,3,21,,3.0,0,0,0,WhatsApp,1,revisao_preco_fixo
C05323,Ka,2020,121565,PF,Sudeste,14.1,0,8,11,456.55,8.0,0,0,0,WhatsApp,0,pacote_revisoes
C09469,EcoSport,2018,165364,PF,Sudeste,7.4,0,3,60,527.46,8.0,0,0,1,Ligacao,1,checkup_gratuito
C08581,Ranger,2018,47761,PF,Nordeste ,11.6,0,6,6,1867.01,10.0,1,0,0,App FordPass,0,revisao_preco_fixo
C06787,Bronco Sport,2019,83270,PF,Sudeste,12.9,0,3,2,1832.95,7.0,0,0,0,E-mail,0,revisao_preco_fixo
C09570,Ka,2019,77335,PF,Norte,23.4,0,5,5,843.8,,1,0,1,App FordPass,0,revisao_preco_fixo
C04151,Ranger,2017,156601,PJ_Frota,Sul,33.2,0,1,2,949.29,5.0,1,0,0,App FordPass,0,plano_frota
C09912,Mustang,2021,67781,PF,Sudeste,16.3,0,1,2,1937.51,9.0,1,0,0,WhatsApp,0,revisao_preco_fixo
C01301,Territory,2021,49749,PF,Norte,13.9,0,3,1,1309.08,10.0,0,0,1,E-mail,0,revisao_preco_fixo
C01700,Mustang,2021,39930,PF,Sudeste,10.9,0,3,10,2295.18,,0,0,0,App FordPass,0,revisao_preco_fixo
C03875,Ranger,2023,52579,PF,Sudeste,4.7,1,2,9,806.37,6.0,0,0,0,Ligacao,0,checkup_gratuito
C02859,Ranger,2023,54205,PF,Sul,31.6,1,5,1,1016.96,,0,0,1,E-mail,0,pacote_revisoes
C00258,Ka,2021,55270,PF,Sudeste,6.0,0,2,5,1153.23,10.0,0,0,0,E-mail,0,plano_frota
C06515,Ranger,2014,502229,PJ_Frota,Nordeste,27.5,0,28,22,1274.24,8.0,0,0,0,Ligacao,0,desconto_pecas
C00563,Territory,2021,60653,PF,Sudeste,7.7,0,1,18,1072.92,4.0,0,1,0,Ligacao,1,checkup_gratuito
C01314,Ka,2017,76592,PF,Sudeste,3.7,0,7,28,752.99,7.0,0,0,0,WhatsApp,0,checkup_gratuito
C09939,Bronco Sport,2016,85399,PF,Sudeste,6.3,0,10,25,821.25,7.0,0,0,0,Ligacao,1,checkup_gratuito
C07525,EcoSport,2021,76294,PF,Sudeste,3.4,0,4,9,891.32,7.0,1,0,0,Ligacao,0,desconto_pecas
C08914,Ranger,2018,163771,PJ_Frota,Nordeste,7.6,0,9,18,847.24,9.0,0,0,0,WhatsApp,0,plano_frota
C09781,Ranger,2015,167914,PF,Nordeste,24.6,0,5,14,970.54,9.0,0,0,0,WhatsApp,1,desconto_pecas
C08709,EcoSport,2018,86320,PF,Nordeste,26.4,0,4,11,833.15,10.0,1,0,0,WhatsApp,0,desconto_pecas
C02038,Territory,2016,86500,PF,Nordeste,42.9,0,2,60,562.01,7.0,0,0,0,WhatsApp,1,checkup_gratuito
C01944,Maverick,2014,103037,PF,Sudeste,4.1,0,4,1,,10.0,0,0,0,E-mail,0,desconto_pecas
C07636,Ranger,2025,26701,PJ_Frota,Sudeste,5.8,1,2,2,1317.92,8.0,1,0,0,WhatsApp,0,revisao_preco_fixo
C00838,Ranger,2018,98042,PF,Sudeste,2.9,0,0,5,1473.77,7.0,1,0,0,WhatsApp,1,desconto_pecas
C06079,Maverick,2019,89287,PF,Sudeste,13.4,0,1,13,1200.66,5.0,0,0,0,E-mail,1,revisao_preco_fixo
C08061,EcoSport,2017,128595,PF,Sudeste,6.9,0,8,60,434.28,7.0,1,0,0,App FordPass,1,checkup_gratuito
C01610,EcoSport,2014,391590,PJ_Frota,Sudeste,10.6,0,29,12,941.47,10.0,0,0,1,WhatsApp,0,desconto_pecas
C03292,Territory,2022,46648,PF,Nordeste,17.0,0,2,6,1039.81,6.0,0,0,0,E-mail,1,revisao_preco_fixo
C06449,Bronco Sport,2022,23122,PF,Sudeste,22.8,0,3,3,737.9,8.0,1,0,0,Ligacao,0,revisao_preco_fixo
C06744,Ka,2021,77233,PF,Sudeste,13.0,0,2,41,576.82,2.0,0,0,2,WhatsApp,1,checkup_gratuito
C01394,Maverick,2021,64615,PF,Centro-Oeste,15.4,0,5,20,1728.31,,0,0,1,Ligacao,1,revisao_preco_fixo
C08402,Territory,2020,123706,PF,Sudeste,14.4,0,4,43,951.69,,1,1,0,E-mail,1,checkup_gratuito
C04711,EcoSport,2015,284523,PF,Nordeste,20.8,0,11,5,527.68,5.0,0,0,1,WhatsApp,1,desconto_pecas
C09089,Ranger,2018,142948,PF,Sudeste,10.2,0,6,12,,,1,0,0,WhatsApp,1,desconto_pecas
C00254,EcoSport,2017,282515,PJ_Frota,Nordeste,14.8,0,18,35,1299.78,10.0,1,0,0,App FordPass,1,desconto_pecas
C02090,Ranger,2024,22268,PF,Sul,4.6,1,2,3,1270.67,8.0,0,0,0,WhatsApp,0,pacote_revisoes
C03291,Bronco Sport,2017,115526,PF,Sul,16.6,0,3,32,1034.83,6.0,0,0,0,App FordPass,1,checkup_gratuito
C07380,EcoSport,2014,186756,PF,Norte,165.5,0,2,60,981.45,8.0,1,0,0,App FordPass,1,desconto_pecas
C07964,Ka,2014,167044,PF,Sudeste,22.2,0,8,55,767.36,9.0,0,0,0,WhatsApp,1,desconto_pecas
C02274,Maverick,2026,3298,PF,Nordeste,7.9,1,0,1,579.73,6.0,1,0,0,App FordPass,0,pacote_revisoes
C02622,EcoSport,2016,126644,PF,Nordeste,6.9,0,11,60,744.69,8.0,1,0,0,WhatsApp,1,checkup_gratuito
C09366,Bronco Sport,2019,196327,PF,Sudeste,3.3,0,15,14,1848.86,8.0,0,0,0,WhatsApp,1,desconto_pecas
C00357,Maverick,2015,74176,PF,Nordeste,18.7,0,3,12,1498.09,7.0,0,0,0,WhatsApp,1,pacote_revisoes
C04719,Ka,2015,162219,PF,Sudeste,13.1,0,2,60,1055.06,,0,1,0,Ligacao,0,checkup_gratuito
C05215,Ranger,2026,6683,PJ_Frota,Sul,16.3,1,0,1,748.95,7.0,1,0,0,WhatsApp,0,plano_frota
C08085,Maverick,2021,72806,PF,Sudeste,2.3,0,5,4,1020.9,9.0,1,0,0,E-mail,0,checkup_gratuito
C04945,Maverick,2026,4882,PF,Sul,9.4,1,0,16,,6.0,1,0,0,WhatsApp,0,checkup_gratuito
C08493,Mustang,2017,70368,PF,Norte,28.3,0,3,33,1887.34,,0,0,0,Ligacao,1,revisao_preco_fixo
C04814,Ranger,2015,90452,PF,Sudeste,,0,7,29,1218.47,9.0,0,1,0,WhatsApp,0,checkup_gratuito
C00877,EcoSport,2017,217851,PF,Sul,10.4,0,8,1,1230.51,8.0,0,1,0,WhatsApp,1,desconto_pecas
C01490,Ka,2018,108339,PF,Sudeste,8.6,0,0,53,522.31,5.0,0,1,0,,1,checkup_gratuito
C09252,Bronco Sport,2016,185494,PF,Sul,11.3,0,13,12,1334.27,6.0,0,0,0,WhatsApp,1,desconto_pecas
C08287,Mustang,2021,55938,PF,Centro-Oeste,25.1,0,1,0,934.73,7.0,0,0,0,WhatsApp,0,checkup_gratuito
C02612,Ranger,2021,59869,PF,SUDESTE,8.3,0,5,14,1611.53,,1,0,0,App FordPass,0,desconto_pecas
C09687,Maverick,2019,87235,PF,Sudeste,5.4,0,7,11,2285.1,8.0,1,0,0,WhatsApp,0,revisao_preco_fixo
C00186,Ranger,2014,596340,PJ_Frota,Sul,16.3,0,20,38,1359.04,5.0,0,0,0,WhatsApp,1,desconto_pecas
C05398,Territory,2016,87103,PF,Norte,65.7,0,4,27,640.44,8.0,1,0,1,Ligacao,1,checkup_gratuito
C04704,Ka,2015,125639,PF,Sudeste,5.2,0,6,25,768.76,7.0,0,0,1,Ligacao,1,desconto_pecas
C05485,Mustang,2016,262076,PF,Centro-Oeste,16.9,0,8,30,1661.17,6.0,0,0,0,Ligacao,1,revisao_preco_fixo
C08772,Territory,2018,44935,PF,Sudeste,7.1,0,7,11,,9.0,0,0,1,WhatsApp,0,desconto_pecas
C02973,Transit,2018,197102,PJ_Frota,Centro-Oeste,89.6,0,3,2,1392.1,7.0,0,0,1,WhatsApp,0,desconto_pecas
C05143,Transit,2018,155745,PJ_Frota,Sul,24.4,0,4,0,1189.39,9.0,0,0,0,WhatsApp,0,revisao_preco_fixo
C03616,Ranger,2017,135926,PF,Sudeste,11.6,0,3,18,674.96,6.0,0,0,1,WhatsApp,1,checkup_gratuito
C08644,EcoSport,2014,169331,PF,Nordeste,20.0,0,1,33,636.25,4.0,0,0,0,App FordPass,1,desconto_pecas
C07860,Territory,2023,-61486,PF,Centro-Oeste,,1,4,1,1388.03,8.0,0,0,0,Ligacao,0,pacote_revisoes
C02464,EcoSport,2019,101635,PF,Centro-Oeste,73.0,0,1,60,598.47,7.0,0,1,1,WhatsApp,1,checkup_gratuito
C09033,Mustang,2026,2940,PF,Centro-Oeste,9.8,1,0,16,1208.26,9.0,1,0,0,App FordPass,0,desconto_pecas
C02077,Ka,2019,62145,PF,Norte,47.2,0,3,9,,6.0,1,0,0,App FordPass,0,revisao_preco_fixo
C03160,Transit,2024,45687,PJ_Frota,Sudeste,3.1,1,4,1,1090.36,9.0,1,0,0,Ligacao,0,pacote_revisoes
C02348,Ka,2016,160592,PF,Norte,35.0,0,11,23,560.78,4.0,0,0,1,WhatsApp,0,desconto_pecas
C06303,Ka,2014,144958,PF,Sudeste,40.8,0,3,13,756.31,8.0,1,0,1,WhatsApp,1,desconto_pecas
C01109,Ka,2021,80914,PF,Sudeste,12.0,0,7,13,744.31,8.0,0,0,0,Ligacao,1,revisao_preco_fixo
C06313,Ka,2014,247887,PJ_Frota,Norte,106.7,0,15,55,522.78,,0,0,0,WhatsApp,1,desconto_pecas
C08491,Transit,2015,463494,PJ_Frota,Centro-Oeste,32.1,0,22,38,2209.89,7.0,0,0,0,Ligacao,1,desconto_pecas
C01482,Territory,2016,168469,PF,Sudeste,,0,7,28,1384.81,7.0,0,0,0,WhatsApp,0,revisao_preco_fixo
C04899,Maverick,2014,154286,PF,Nordeste,23.8,0,4,52,811.04,8.0,0,0,0,WhatsApp,0,checkup_gratuito
C05516,Ka,2019,65939,PF,Sul,7.1,0,3,5,608.47,6.0,0,0,0,App FordPass,0,revisao_preco_fixo
C07292,Maverick,2024,43737,PF,Norte,40.9,1,1,11,551.61,5.0,1,0,0,App FordPass,1,pacote_revisoes
C01807,Ranger,2024,37655,PF,Sul,12.0,1,2,0,591.69,8.0,1,0,0,WhatsApp,0,pacote_revisoes
C05440,Ka,2014,416881,PJ_Frota,Sudeste,1.9,0,34,12,938.14,,1,0,0,E-mail,0,desconto_pecas
C07279,Bronco Sport,2017,138367,PF,Sudeste,5.3,0,6,11,1400.29,5.0,0,0,0,Ligacao,1,checkup_gratuito
C08804,Maverick,2024,37469,PJ_Frota,Sudeste,6.9,1,1,1,981.51,7.0,1,0,0,WhatsApp,0,plano_frota
C05449,Ranger,2017,103662,PF,Sudeste,8.8,0,9,60,,7.0,0,0,1,WhatsApp,1,checkup_gratuito
C05439,Ka,2021,84057,PF,Nordeste,22.9,0,0,39,341.13,4.0,1,0,1,Ligacao,1,checkup_gratuito
C04512,Maverick,2019,126694,PF,Nordeste,11.6,0,5,4,,9.0,1,0,0,WhatsApp,0,revisao_preco_fixo
C05272,Maverick,2024,25119,PF,Sudeste,10.6,1,1,3,901.27,9.0,0,0,0,WhatsApp,0,pacote_revisoes
C04725,EcoSport,2021,88971,PF,Nordeste,,0,5,31,731.28,10.0,1,0,0,App FordPass,0,revisao_preco_fixo
C01768,Ka,2018,193526,PF,Sudeste,9.3,0,12,34,563.29,8.0,1,0,1,App FordPass,0,desconto_pecas
C01752,Mustang,2022,74132,PF,Nordeste,11.9,0,5,4,1979.74,9.0,0,0,0,E-mail,0,revisao_preco_fixo
C07586,Ka,2015,117851,PF,Centro-Oeste,61.1,0,0,3,672.03,6.0,1,0,1,App FordPass,1,revisao_preco_fixo
C08206,Ranger,2021,56935,PF,Centro-Oeste,18.8,0,1,10,1124.39,9.0,1,0,1,App FordPass,0,revisao_preco_fixo
C04654,Ranger,2021,54330,PF,Sudeste,14.0,0,3,12,1020.62,5.0,1,0,1,Ligacao,0,revisao_preco_fixo
C01239,Ka,2021,108629,PF,Sudeste,29.1,0,4,1,481.19,6.0,1,1,0,App FordPass,0,checkup_gratuito
C02133,Transit,2025,22074,PJ_Frota,Centro-Oeste,14.4,1,1,2,675.43,6.0,1,0,0,WhatsApp,0,plano_frota
C07377,Transit,2023,53566,PJ_Frota,Nordeste,12.2,1,4,8,1710.24,8.0,1,0,0,WhatsApp,0,plano_frota
C08679,Territory,2015,169122,PF,Nordeste,19.3,0,13,10,1443.63,7.0,0,1,0,WhatsApp,0,checkup_gratuito
C04209,EcoSport,2021,89152,PF,Sudeste,4.9,0,5,20,657.52,4.0,1,0,1,App FordPass,1,checkup_gratuito
C00814,Ka,2015,76297,PF,Sudeste,3.2,0,9,60,897.28,8.0,0,1,1,App FordPass,1,checkup_gratuito
C04742,Bronco Sport,2016,184962,PF,Nordeste,16.7,0,9,0,1624.84,7.0,0,0,1,Ligacao,0,revisao_preco_fixo
C07168,Ranger,2025,9465,PF,Nordeste,58.5,1,0,7,801.95,,0,0,0,App FordPass,0,revisao_preco_fixo
C08852,Ka,2015,414492,PJ_Frota,Nordeste,28.3,0,7,1,658.31,,0,0,0,WhatsApp,1,desconto_pecas
C04100,EcoSport,2018,154151,PF,Sudeste,5.7,0,8,57,679.49,8.0,0,0,0,WhatsApp,1,checkup_gratuito
C02313,Ka,2017,136089,PF,Sul,6.4,0,6,60,500.28,,0,0,2,WhatsApp,1,desconto_pecas
C01867,EcoSport,2017,95414,PF,Nordeste,14.4,0,5,10,929.06,8.0,0,0,0,WhatsApp,0,desconto_pecas
C02535,Territory,2026,4385,PF,Norte,36.3,1,0,13,634.76,10.0,1,0,0,App FordPass,0,pacote_revisoes
C09770,Ranger,2014,174747,PF,Sudeste,14.2,0,11,16,820.71,7.0,0,0,1,Ligacao,1,desconto_pecas
C00948,Maverick,2019,94916,PF,Sul,13.7,0,5,28,972.36,4.0,1,0,2,WhatsApp,1,revisao_preco_fixo
C05476,EcoSport,2015,192893,PF,Sudeste,,0,18,9,,,0,0,1,App FordPass,0,desconto_pecas
C03025,Ka,2018,67133,PF,Sudeste,1.8,0,3,38,524.11,7.0,1,0,1,App FordPass,1,checkup_gratuito
C03860,Ranger,2020,216439,PJ_Frota,Sul,9.7,0,10,8,1652.61,,0,0,0,E-mail,0,revisao_preco_fixo
C09937,EcoSport,2020,73880,PF,Sudeste,3.8,0,5,16,513.88,7.0,1,0,0,Ligacao,1,revisao_preco_fixo
C00961,Ranger,2017,147156,PF,Sudeste,2.7,0,9,4,1023.37,10.0,1,0,0,WhatsApp,0,desconto_pecas
C03290,EcoSport,2019,125697,PF,Nordeste,11.8,0,10,6,665.59,6.0,0,0,0,E-mail,0,revisao_preco_fixo
C00125,Ranger,2024,12463,PF,Sudeste,14.0,1,2,5,408.58,10.0,0,0,0,WhatsApp,0,pacote_revisoes
C01577,Maverick,2025,9197,PF,Sudeste,5.2,1,1,1,905.26,8.0,0,0,0,App FordPass,0,pacote_revisoes
C03886,Transit,2023,49791,PJ_Frota,Norte,55.0,1,2,7,523.02,7.0,0,0,0,Ligacao,0,plano_frota
C06764,EcoSport,2020,90238,PF,Norte,18.1,0,6,7,594.35,9.0,1,0,0,WhatsApp,0,revisao_preco_fixo
C09385,Ranger,2017,153703,PF,Centro-Oeste,39.8,0,6,60,834.23,7.0,0,0,0,WhatsApp,1,desconto_pecas
C05672,Ranger,2025,26213,PJ_Frota,Nordeste,15.0,1,2,4,610.75,8.0,1,0,0,WhatsApp,0,plano_frota
C08842,Ka,2018,260655,PJ_Frota,Sudeste,2.7,0,18,45,347.41,9.0,0,0,1,E-mail,1,plano_frota
C02193,Ka,2017,114221,PF,Sudeste,,0,5,2,1091.42,7.0,1,0,0,WhatsApp,0,desconto_pecas
C04398,Ka,2020,56291,PF,Sudeste,7.3,0,3,20,1160.38,7.0,0,0,0,Ligacao,0,revisao_preco_fixo
C05812,Territory,2017,145887,PF,Sudeste,14.7,0,3,7,658.95,,0,0,0,E-mail,1,desconto_pecas
C00819,EcoSport,2015,182921,PF,Sudeste,7.7,0,7,60,949.8,6.0,0,0,0,WhatsApp,1,checkup_gratuito
C02766,Ranger,2014,98221,PF,Sudeste,6.2,0,7,60,2125.8,5.0,0,0,0,WhatsApp,1,revisao_preco_fixo
C06985,Territory,2017,102362,PF,Sul,10.4,0,7,60,1357.03,9.0,0,0,0,E-mail,1,desconto_pecas
C02220,EcoSport,2017,137767,PF,Nordeste,20.3,0,2,51,1318.65,8.0,1,0,0,WhatsApp,1,desconto_pecas
C02296,Bronco Sport,2023,37734,PF,Norte,20.6,1,1,2,1086.41,5.0,1,0,1,WhatsApp,1,pacote_revisoes
C06454,Territory,2015,138252,PF,Sudeste,8.9,0,6,52,907.42,9.0,0,0,0,Ligacao,1,checkup_gratuito
C09990,EcoSport,2020,80186,PF,Sul,10.3,0,3,60,651.59,6.0,0,0,0,App FordPass,0,revisao_preco_fixo
C05953,Ka,2018,189331,PF,Sudeste,3.4,0,11,33,693.6,5.0,0,0,0,WhatsApp,1,desconto_pecas
C00874,Bronco Sport,2019,95661,PF,Norte,66.3,0,5,25,1171.46,,0,0,1,App FordPass,1,revisao_preco_fixo
C08396,Ranger,2014,674769,PJ_Frota,Sul,8.0,0,29,25,1268.45,7.0,0,0,0,E-mail,1,desconto_pecas
C05638,Ka,2017,290161,PJ_Frota,Sudeste,5.2,0,18,4,,6.0,1,0,0,,0,desconto_pecas
C09615,Ranger,2020,99463,PF,Sudeste,2.5,0,6,2,1058.68,10.0,1,0,0,App FordPass,0,revisao_preco_fixo
C05405,Bronco Sport,2021,121713,PF,Centro-Oeste,19.9,0,7,6,1424.89,10.0,1,0,0,App FordPass,0,revisao_preco_fixo
C06115,Bronco Sport,2021,91090,PF,Sudeste,5.7,0,1,27,1312.68,6.0,1,1,0,WhatsApp,1,revisao_preco_fixo
C05402,Ranger,2022,31683,PF,Sudeste,8.9,0,2,1,1140.31,3.0,1,0,0,App FordPass,0,revisao_preco_fixo
C01836,Ka,2014,166375,PF,Sul,7.4,0,12,33,846.19,10.0,0,0,0,WhatsApp,0,desconto_pecas
C00016,Ranger,2023,44562,PF,Nordeste,16.2,1,2,1,914.53,10.0,0,0,0,E-mail,0,pacote_revisoes
C03319,EcoSport,2014,250486,PF,Sudeste,,0,7,60,868.59,7.0,0,0,0,WhatsApp,1,desconto_pecas
C03150,Ka,2015,131845,PF,Nordeste,15.3,0,11,47,874.78,8.0,0,0,0,Ligacao,1,checkup_gratuito
C09152,Ranger,2014,340708,PJ_Frota,Sudeste,17.1,0,10,26,1677.23,,0,0,2,App FordPass,1,desconto_pecas
C09410,EcoSport,2019,76833,PJ_Frota,Centro-Oeste,21.3,0,1,6,698.27,7.0,0,0,1,WhatsApp,0,plano_frota
C03015,Bronco Sport,2021,127614,PF,Sudeste,3.7,0,3,44,1199.08,7.0,0,0,0,WhatsApp,1,revisao_preco_fixo
C01831,Transit,2024,56830,PF,Sudeste,23.9,1,5,3,1264.59,5.0,1,0,0,App FordPass,0,pacote_revisoes
C07070,Territory,2016,98626,PF,norte,29.0,0,3,60,1784.27,7.0,0,0,0,E-mail,1,checkup_gratuito
C04607,EcoSport,2015,185674,PF,Sul,12.1,0,7,8,891.62,6.0,0,0,1,App FordPass,1,desconto_pecas
C09908,EcoSport,2021,58030,PF,Norte,40.4,0,2,34,,7.0,1,0,0,Ligacao,1,revisao_preco_fixo
C07522,Ranger,2025,13437,PJ_Frota,Nordeste,6.5,1,1,2,,,1,0,1,App FordPass,0,checkup_gratuito
C09645,Ranger,2022,96991,PF,Nordeste,38.5,0,2,43,381.2,,0,0,0,App FordPass,1,checkup_gratuito
C05977,EcoSport,2021,50402,PF,Centro-Oeste,35.1,0,4,5,729.46,9.0,0,0,1,App FordPass,0,desconto_pecas
C03126,Ranger,2024,15528,PF,Nordeste,11.0,1,0,1,739.82,6.0,0,0,0,WhatsApp,1,pacote_revisoes
C05582,EcoSport,2016,87224,PF,Nordeste,19.8,0,2,4,1588.65,8.0,0,0,1,WhatsApp,1,revisao_preco_fixo
C09014,Transit,2015,244916,PJ_Frota,Sudeste,6.1,0,4,23,1535.2,8.0,0,0,0,App FordPass,1,desconto_pecas
C00377,Ranger,2022,60871,PF,Sudeste,10.9,0,4,21,1165.89,7.0,0,0,1,WhatsApp,1,revisao_preco_fixo
C02910,Bronco Sport,2018,148319,PF,Sul,3.7,0,5,6,1960.67,6.0,0,0,0,WhatsApp,0,desconto_pecas
C04033,Ranger,2017,156885,PF,Sul,31.4,0,3,5,1276.79,8.0,0,0,0,E-mail,1,desconto_pecas
C04282,Territory,2017,117943,PF,Nordeste,33.0,0,4,35,1075.16,7.0,0,0,1,WhatsApp,1,revisao_preco_fixo
C08519,Ka,2018,227399,PF,Sudeste,5.7,0,14,33,478.27,7.0,0,0,0,WhatsApp,1,desconto_pecas
C01666,Maverick,2022,48600,PF,Nordeste,8.4,0,2,21,1247.77,8.0,0,0,0,App FordPass,0,revisao_preco_fixo
C03447,Bronco Sport,2017,260637,PF,SUDESTE,13.0,0,13,28,1798.14,6.0,1,0,0,WhatsApp,1,checkup_gratuito
C04619,Ranger,2023,50175,PF,Sudeste,5.3,1,4,14,630.92,6.0,1,0,1,App FordPass,0,pacote_revisoes
C00100,Mustang,2026,4803,PF,Norte,,1,0,6,,5.0,1,0,0,WhatsApp,0,pacote_revisoes
C09919,Mustang,2019,62416,PF,Norte,36.5,0,4,39,1207.46,5.0,0,0,0,WhatsApp,1,checkup_gratuito
C02832,Ranger,2024,63272,PJ_Frota,Sudeste,13.1,1,5,6,1829.68,9.0,0,0,1,WhatsApp,0,plano_frota
C02858,Bronco Sport,2024,33802,PF,Nordeste,7.5,1,3,9,766.25,7.0,1,0,0,E-mail,0,pacote_revisoes
C07408,Territory,2015,118286,PF,Norte,12.8,0,5,14,1032.46,7.0,0,1,0,WhatsApp,0,desconto_pecas
C08015,EcoSport,2021,55948,PF,Sul,3.4,0,3,27,676.59,8.0,0,0,0,App FordPass,0,revisao_preco_fixo
C07724,Maverick,2016,112500,PF,Sudeste,9.3,0,2,60,1041.74,7.0,0,0,0,WhatsApp,1,revisao_preco_fixo
C04095,EcoSport,2018,172313,PF,Sudeste,11.3,0,4,0,622.18,,0,0,1,WhatsApp,0,desconto_pecas
C04050,Transit,2017,303649,PJ_Frota,Sudeste,9.1,0,16,3,1535.22,7.0,0,0,0,WhatsApp,0,desconto_pecas
C00829,EcoSport,2020,80754,PF,Sudeste,7.2,0,5,51,584.01,7.0,0,0,0,E-mail,1,revisao_preco_fixo
C09564,Territory,2020,60147,PF,Sudeste,2.6,0,4,1,1228.59,9.0,0,0,0,E-mail,0,checkup_gratuito
C02846,EcoSport,2016,125219,PF,Sudeste,10.5,0,7,38,796.36,8.0,0,1,0,E-mail,1,checkup_gratuito
C08962,Bronco Sport,2017,124118,PF,Nordeste,11.2,0,9,60,1517.25,7.0,0,0,0,WhatsApp,1,checkup_gratuito
C00942,Ka,2020,111607,PF,Sul,7.8,0,2,24,865.98,6.0,0,0,1,E-mail,1,revisao_preco_fixo
C08676,Bronco Sport,2026,1927,PF,Nordeste,11.8,1,0,4,752.62,6.0,1,0,0,WhatsApp,1,pacote_revisoes
C04595,Transit,2017,371723,PJ_Frota,Nordeste,6.1,0,22,5,1071.73,8.0,0,0,0,E-mail,0,desconto_pecas
C00297,Maverick,2020,41870,PF,Sudeste,21.8,0,2,7,860.1,5.0,0,0,1,App FordPass,1,revisao_preco_fixo
C03783,EcoSport,2018,64191,PF,SUDESTE,3.6,0,5,60,1019.64,10.0,0,0,0,WhatsApp,1,checkup_gratuito
C01794,Mustang,2015,161727,PF,Nordeste,11.2,0,4,26,1716.84,7.0,0,0,0,Ligacao,1,desconto_pecas
C09153,Transit,2018,216775,PJ_Frota,Nordeste,12.1,0,14,13,838.21,10.0,0,1,0,E-mail,0,plano_frota
C06179,Ranger,2021,67301,PF,Norte,24.7,0,0,52,1167.73,9.0,0,0,0,WhatsApp,1,revisao_preco_fixo
C05560,Transit,2014,260525,PJ_Frota,Sudeste,6.3,0,8,1,1512.32,9.0,0,0,0,WhatsApp,0,desconto_pecas
C05639,Territory,2017,114063,PF,Sudeste,13.3,0,5,8,1126.18,8.0,0,0,1,,0,revisao_preco_fixo
C09916,Territory,2016,92455,PF,Sudeste,11.5,0,8,12,1152.14,5.0,0,0,0,,1,desconto_pecas
C00500,Bronco Sport,2022,26946,PF,Sudeste,,0,0,16,1036.22,8.0,0,0,0,WhatsApp,1,revisao_preco_fixo
C02750,EcoSport,2018,83645,PF,Norte,38.8,0,2,7,663.99,6.0,1,0,0,App FordPass,0,checkup_gratuito
C03423,Ranger,2020,80089,PF,Sul,19.8,0,3,13,975.0,6.0,0,0,1,WhatsApp,0,revisao_preco_fixo
C02796,Territory,2017,133804,PF,Centro-Oeste,50.8,0,3,16,1295.05,7.0,1,0,0,App FordPass,1,desconto_pecas
C02843,EcoSport,2015,111542,PF,Sudeste,7.0,0,8,9,950.0,10.0,0,0,0,E-mail,1,checkup_gratuito
C07744,Maverick,2016,92319,PF,Sul,10.8,0,2,12,1156.71,8.0,0,0,0,Ligacao,1,desconto_pecas
C01420,Bronco Sport,2017,118924,PF,Nordeste,16.0,0,2,15,758.2,5.0,0,0,1,WhatsApp,1,checkup_gratuito
C02004,Ka,2016,197357,PF,Sudeste,7.3,0,19,60,983.73,,0,0,0,WhatsApp,1,checkup_gratuito
C04503,Ranger,2022,80099,PF,Centro-Oeste,19.2,0,6,13,555.54,5.0,0,0,1,E-mail,0,revisao_preco_fixo
C00499,Ranger,2021,68612,PF,Nordeste,9.4,0,5,5,1223.34,7.0,0,0,0,WhatsApp,0,revisao_preco_fixo
C08949,Ka,2018,100198,PF,Nordeste,17.1,0,0,3,568.01,5.0,0,1,0,WhatsApp,1,checkup_gratuito
C03921,Maverick,2026,4163,PF,Sul,3.5,1,0,4,669.81,5.0,1,0,0,WhatsApp,0,pacote_revisoes
C05936,EcoSport,2017,96298,PF,Norte,70.0,0,1,57,866.28,8.0,0,0,0,E-mail,1,checkup_gratuito
C02748,Ranger,2026,5740,PF,Sudeste,3.8,1,0,2,1069.04,9.0,1,0,0,App FordPass,0,pacote_revisoes
C08048,Ranger,2015,155100,PF,Nordeste,17.9,0,7,7,680.73,9.0,0,1,0,WhatsApp,0,desconto_pecas
C01001,Ranger,2020,64146,PF,Sudeste,23.1,0,4,8,894.3,,0,0,0,WhatsApp,0,revisao_preco_fixo
C06650,Territory,2022,54788,PF,Sudeste,,0,4,5,845.4,9.0,1,1,0,App FordPass,0,revisao_preco_fixo
C07098,EcoSport,2014,145962,PF,Centro-Oeste,33.1,0,5,43,,8.0,0,0,0,E-mail,1,desconto_pecas
C09616,Ka,2019,117496,PF,Centro-Oeste,25.2,0,6,50,806.33,8.0,0,0,0,WhatsApp,1,checkup_gratuito
C05489,Bronco Sport,2022,41617,PF,Centro Oeste,22.7,0,0,1,576.94,7.0,0,1,0,E-mail,0,revisao_preco_fixo
C03992,Ka,2017,74180,PF,Sul,6.6,0,6,60,668.55,7.0,0,0,1,E-mail,1,checkup_gratuito
C05564,Transit,2014,260001,PJ_Frota,Sul,14.3,0,12,60,1204.54,,0,0,0,App FordPass,1,checkup_gratuito
C09554,Ka,2020,44540,PF,Sudeste,5.3,0,4,0,703.72,8.0,0,0,1,E-mail,0,checkup_gratuito
C08883,Ka,2019,84120,PF,Sul,14.5,0,2,7,669.09,5.0,0,0,0,App FordPass,1,revisao_preco_fixo
C03684,Ka,2014,112818,PF,Sudeste,8.0,0,10,50,819.95,10.0,0,0,0,WhatsApp,1,desconto_pecas
C05229,EcoSport,2016,189562,PJ_Frota,Nordeste,,0,9,19,584.05,9.0,0,0,1,WhatsApp,0,plano_frota
C00764,Mustang,2026,6638,PF,Nordeste,10.3,1,0,1,1590.3,8.0,1,0,1,WhatsApp,0,revisao_preco_fixo
C04859,EcoSport,2017,136093,PF,Sul,20.3,0,3,60,717.37,8.0,0,0,0,Ligacao,1,desconto_pecas
C04360,EcoSport,2019,91795,PF,Sudeste,8.8,0,2,45,601.04,4.0,0,0,2,App FordPass,1,desconto_pecas
C08090,EcoSport,2014,248462,PF,Nordeste,77.2,0,16,10,642.32,5.0,1,1,0,,0,desconto_pecas
C01884,EcoSport,2021,89484,PF,Sudeste,18.6,0,4,12,769.21,5.0,0,0,1,App FordPass,1,revisao_preco_fixo
C08837,Bronco Sport,2019,60214,PF,Sul,13.6,0,4,4,1184.25,6.0,1,0,0,App FordPass,0,desconto_pecas
C09433,Ranger,2025,17630,PF,Sudeste,6.2,1,0,5,906.96,7.0,1,0,0,App FordPass,0,pacote_revisoes
C03343,Ka,2020,51613,PF,Sudeste,10.7,0,6,16,707.12,10.0,1,0,0,App FordPass,0,revisao_preco_fixo
C09230,Ka,2014,149294,PF,Nordeste,29.0,0,2,60,699.64,7.0,0,0,0,E-mail,1,revisao_preco_fixo
C01623,Ka,2021,105040,PF,Nordeste,19.4,0,1,6,579.44,7.0,0,0,0,E-mail,0,revisao_preco_fixo
C05655,EcoSport,2021,45551,PF,Nordeste,11.8,0,5,8,455.52,6.0,1,0,0,WhatsApp,0,revisao_preco_fixo
C02399,Ranger,2020,41775,PF,Sul,25.0,0,2,10,788.3,5.0,1,0,0,App FordPass,1,revisao_preco_fixo
C07908,Ranger,2017,119967,PF,Nordeste,11.6,0,2,18,1689.15,9.0,0,0,0,WhatsApp,0,desconto_pecas
C07023,Ranger,2016,110448,PF,Nordeste,8.3,0,6,6,965.51,6.0,0,0,0,WhatsApp,1,desconto_pecas
C05338,Maverick,2024,25037,PF,Centro-Oeste,66.2,1,1,1,538.38,8.0,1,0,0,App FordPass,0,pacote_revisoes
C04303,EcoSport,2018,196048,PJ_Frota,Sudeste,6.0,0,14,60,1069.29,6.0,0,0,0,E-mail,0,checkup_gratuito
C03193,Territory,2021,44616,PF,Sudeste,10.4,0,2,3,1439.21,7.0,0,0,1,WhatsApp,0,revisao_preco_fixo
C01599,EcoSport,2021,95227,PF,Sudeste,5.7,0,4,4,717.43,9.0,0,0,0,WhatsApp,0,revisao_preco_fixo
C00364,Territory,2018,82293,PF,Sudeste,4.5,0,3,41,769.64,6.0,0,1,0,E-mail,1,desconto_pecas
C01834,EcoSport,2019,70319,PF,Sudeste,2.2,0,3,21,603.71,7.0,0,0,0,App FordPass,1,revisao_preco_fixo
C04487,Ka,2020,63215,PF,Centro-Oeste,15.3,0,1,5,1192.75,7.0,0,0,1,WhatsApp,1,revisao_preco_fixo
C07960,Ka,2015,123383,PF,Sul,9.7,0,5,52,687.26,,0,0,0,App FordPass,0,revisao_preco_fixo
C06234,EcoSport,2019,119960,PF,Norte,22.1,0,1,16,683.38,6.0,0,0,0,E-mail,1,revisao_preco_fixo
C01146,Bronco Sport,2018,169663,PF,Sudeste,4.3,0,9,60,1093.47,7.0,0,0,0,WhatsApp,1,checkup_gratuito
C03498,Ranger,2014,155192,PF,Sudeste,10.7,0,11,32,1170.95,7.0,0,0,1,Ligacao,1,desconto_pecas
C08375,Territory,2016,81105,PF,Sul,12.6,0,9,1,1106.27,5.0,0,0,1,WhatsApp,0,desconto_pecas
C03862,Territory,2023,32735,PF,Sul,14.9,1,2,17,954.59,10.0,0,0,0,E-mail,0,pacote_revisoes
C07692,Ranger,2017,220083,PJ_Frota,Norte,23.2,0,13,3,1001.66,10.0,1,1,0,E-mail,0,plano_frota
C00307,Territory,2023,48650,PF,Sudeste,24.5,1,1,3,1149.63,6.0,1,0,0,Ligacao,0,pacote_revisoes
C03056,Territory,2025,15802,PF,Sudeste,8.7,1,1,0,520.49,7.0,1,0,0,App FordPass,0,pacote_revisoes
C09961,Ranger,2018,371493,PJ_Frota,Sudeste,5.7,0,20,17,644.31,6.0,0,0,0,WhatsApp,0,desconto_pecas
C03039,Territory,2021,71162,PF,Norte,43.6,0,6,1,947.76,10.0,1,0,0,Ligacao,0,revisao_preco_fixo
C02634,Ranger,2023,35875,PF,SUDESTE,11.9,1,1,11,942.75,7.0,0,0,1,Ligacao,0,pacote_revisoes
C09773,Ranger,2015,136253,PF,Nordeste,6.2,0,5,20,1020.43,,0,0,0,WhatsApp,1,desconto_pecas
C02890,Ka,2015,145522,PF,Nordeste,13.2,0,2,60,976.77,6.0,0,0,0,,1,checkup_gratuito
C05945,EcoSport,2019,85796,PF,Sudeste,5.3,0,3,3,1021.12,7.0,1,0,0,App FordPass,0,desconto_pecas
C05253,Maverick,2025,8113,PF,Sudeste,10.2,1,1,4,660.31,,1,0,1,WhatsApp,0,pacote_revisoes
C02922,Ka,2019,66684,PF,Sudeste,4.3,0,2,27,508.99,4.0,0,0,2,WhatsApp,1,revisao_preco_fixo
C06702,Transit,2025,16192,PF,Sudeste,3.9,1,1,3,1358.24,8.0,0,0,0,E-mail,0,pacote_revisoes
C04241,Maverick,2016,305197,PJ_Frota,Sudeste,5.1,0,22,60,1114.85,7.0,0,0,0,WhatsApp,0,desconto_pecas
C00040,Ranger,2022,52714,PF,SUDESTE,4.4,0,1,20,1208.78,7.0,1,0,0,E-mail,0,revisao_preco_fixo
C09523,Ranger,2022,31557,PF,Sul,6.3,0,1,30,368.74,,1,0,0,WhatsApp,0,revisao_preco_fixo
C01100,Ka,2015,147834,PF,Centro-Oeste,36.4,0,4,51,780.03,7.0,0,0,1,App FordPass,1,desconto_pecas
C03316,Bronco Sport,2023,31513,PF,Sudeste,14.3,1,3,5,1063.67,8.0,1,0,1,WhatsApp,0,pacote_revisoes
C03944,Ka,2018,97225,PF,Sudeste,3.1,0,1,41,567.49,5.0,0,0,1,E-mail,1,checkup_gratuito
C05546,Transit,2020,352875,PJ_Frota,Sul,2.4,0,25,15,1806.92,10.0,1,0,0,App FordPass,0,plano_frota
C03782,Transit,2019,173418,PJ_Frota,Nordeste,11.2,0,7,26,1101.35,,0,0,0,App FordPass,1,revisao_preco_fixo
C00824,Maverick,2025,18430,PF,Sudeste,10.2,1,1,1,1470.44,7.0,1,0,0,App FordPass,0,checkup_gratuito
C08244,Transit,2022,135534,PJ_Frota,Sudeste,9.1,0,10,2,897.42,,0,0,0,App FordPass,0,desconto_pecas
C05408,EcoSport,2015,159358,PF,Sudeste,9.0,0,13,60,688.2,7.0,0,1,1,App FordPass,1,checkup_gratuito
C09155,Mustang,2018,123023,PF,Centro-Oeste,28.1,0,8,17,1582.72,9.0,1,0,0,WhatsApp,1,pacote_revisoes
C09151,EcoSport,2017,137420,PF,Centro-Oeste,60.2,0,6,9,912.33,10.0,1,0,0,App FordPass,1,desconto_pecas
C03181,EcoSport,2021,78049,PF,Norte,57.7,0,4,10,571.15,8.0,1,0,0,WhatsApp,0,revisao_preco_fixo
C07068,Ranger,2021,46690,PF,Sudeste,13.8,0,4,1,1082.97,,0,0,1,Ligacao,0,revisao_preco_fixo
C00015,EcoSport,2016,101413,PF,Sudeste,10.4,0,5,8,,6.0,0,0,0,WhatsApp,0,revisao_preco_fixo
C02342,Bronco Sport,2022,100027,PF,Sudeste,4.6,0,6,9,666.81,7.0,1,0,0,WhatsApp,0,revisao_preco_fixo
C06513,Bronco Sport,2023,47433,PF,Nordeste,5.9,1,3,10,996.85,6.0,1,0,0,App FordPass,0,pacote_revisoes
C01698,Transit,2015,312378,PJ_Frota,Centro-Oeste,11.6,0,16,37,1207.68,8.0,0,0,1,,0,desconto_pecas
C05368,Maverick,2014,147531,PF,Sudeste,7.0,0,6,32,1679.06,8.0,0,0,1,WhatsApp,1,revisao_preco_fixo
C06745,Ka,2017,114634,PF,Sul,20.1,0,8,4,629.84,10.0,0,0,0,App FordPass,0,revisao_preco_fixo
C06128,Ranger,2025,29822,PJ_Frota,Sudeste,7.9,1,2,6,984.3,8.0,1,0,0,WhatsApp,1,plano_frota
C09775,Ka,2016,65279,PF,Sudeste,10.2,0,9,60,493.21,7.0,0,0,1,WhatsApp,1,checkup_gratuito
C05868,Ka,2018,151513,PF,Sudeste,6.5,0,9,33,658.38,8.0,0,0,0,Ligacao,0,checkup_gratuito
C03072,Maverick,2017,172787,PF,Sul,13.8,0,9,11,1097.51,,0,0,0,Ligacao,0,desconto_pecas
C03542,Mustang,2021,102729,PF,Sudeste,17.6,0,5,4,1016.0,7.0,1,0,0,E-mail,0,revisao_preco_fixo
C07053,Ranger,2017,143698,PF,Sudeste,12.4,0,13,3,1293.03,9.0,0,0,0,WhatsApp,0,desconto_pecas
C08881,Transit,2022,62098,PF,Nordeste,31.0,0,4,11,645.69,7.0,1,0,0,Ligacao,0,desconto_pecas
C07003,Ranger,2017,203599,PF,Norte,91.9,0,3,25,1040.93,8.0,0,0,2,WhatsApp,1,desconto_pecas
C06992,Mustang,2020,114259,PF,Nordeste,5.9,0,4,4,1464.93,6.0,0,0,0,WhatsApp,0,revisao_preco_fixo
C02496,Ranger,2021,60157,PF,Sul,24.8,0,3,27,958.01,10.0,0,1,0,App FordPass,1,revisao_preco_fixo
C09014,Transit,2015,244916,PJ_Frota,Sudeste,6.1,0,4,23,1535.2,8.0,0,0,0,App FordPass,1,desconto_pecas
C00022,Transit,2020,198749,PJ_Frota,Sudeste,8.4,0,4,21,714.51,8.0,1,0,0,App FordPass,0,plano_frota
C00220,EcoSport,2016,261503,PJ_Frota,Centro-Oeste,44.3,0,14,8,677.77,9.0,0,0,0,E-mail,0,plano_frota
C09960,Ranger,2014,185291,PF,Nordeste,25.5,0,11,2,2186.06,7.0,1,0,1,App FordPass,0,desconto_pecas
C03789,Territory,2016,87767,PF,Nordeste,12.6,0,3,0,735.53,7.0,0,0,0,WhatsApp,0,desconto_pecas
C00436,Ka,2019,57866,PF,Sudeste,5.8,0,0,35,565.76,7.0,1,1,2,Ligacao,1,revisao_preco_fixo
C01910,Ka,2017,125585,PF,Centro-Oeste,58.5,0,5,16,754.85,7.0,0,0,0,WhatsApp,1,revisao_preco_fixo
C09455,Ka,2016,133918,PF,Centro-Oeste,26.4,0,6,54,598.42,9.0,0,0,2,WhatsApp,1,desconto_pecas
C04392,Ranger,2024,96091,PJ_Frota,Sul,21.0,1,2,0,675.73,,0,0,1,App FordPass,1,plano_frota
C00413,Mustang,2021,57273,PF,Sul,17.1,0,3,1,2518.57,10.0,0,0,0,Ligacao,0,revisao_preco_fixo
C05382,Maverick,2023,24282,PF,Centro-Oeste,18.9,1,2,1,791.31,7.0,1,0,0,App FordPass,0,pacote_revisoes
C03119,EcoSport,2018,139779,PF,Nordeste,9.0,0,5,19,1016.41,8.0,0,0,0,Ligacao,0,desconto_pecas
C07152,Transit,2016,251506,PJ_Frota,Nordeste,7.3,0,1,60,790.76,3.0,0,0,0,WhatsApp,1,checkup_gratuito
C02906,Transit,2018,177665,PJ_Frota,Nordeste,,0,12,13,1025.42,5.0,0,0,0,,0,plano_frota
C06250,Maverick,2020,93843,PF,Sudeste,15.8,0,7,10,1229.38,10.0,0,0,0,E-mail,0,revisao_preco_fixo
C07938,EcoSport,2020,77813,PF,Sudeste,4.9,0,4,10,513.1,10.0,0,0,0,WhatsApp,0,desconto_pecas
C06160,Territory,2020,60963,PF,Sudeste,6.1,0,5,17,704.1,,0,1,0,E-mail,1,checkup_gratuito
C04169,Ranger,2024,51645,PF,Nordeste ,41.0,1,2,14,1165.31,6.0,0,0,0,Ligacao,0,pacote_revisoes
C08643,EcoSport,2014,178830,PF,Sudeste,,0,12,43,927.28,5.0,0,0,1,App FordPass,1,desconto_pecas
C00141,Ranger,2014,331191,PJ_Frota,Centro-Oeste,16.7,0,8,60,1273.64,3.0,1,0,1,WhatsApp,1,checkup_gratuito
C07673,Ranger,2014,106019,PF,Sudeste,25.1,0,10,3,1573.09,9.0,0,0,0,App FordPass,0,desconto_pecas
C08893,EcoSport,2019,102318,PF,Sudeste,13.8,0,4,60,,9.0,1,0,0,App FordPass,1,checkup_gratuito
C02175,Territory,2023,53533,PF,Sudeste,12.3,1,2,10,1260.61,8.0,1,0,0,WhatsApp,0,pacote_revisoes
C01762,EcoSport,2021,46647,PF,Sudeste,5.9,0,5,17,,8.0,0,0,0,Ligacao,0,desconto_pecas
C09604,Ka,2017,125782,PF,Sudeste,3.2,0,6,10,937.23,10.0,1,1,0,WhatsApp,0,desconto_pecas
C05273,Maverick,2025,13002,PF,Nordeste,38.7,1,0,0,640.84,6.0,1,1,1,App FordPass,0,pacote_revisoes
C05333,Ka,2014,221146,PF,Sul,12.9,0,10,29,560.73,6.0,1,0,1,App FordPass,1,desconto_pecas
C07647,Ranger,2020,151707,PF,Sudeste,6.5,0,8,8,1030.45,8.0,1,0,0,App FordPass,0,desconto_pecas
C07177,Transit,2024,52132,PJ_Frota,Nordeste,,1,3,4,510.94,7.0,0,0,0,Ligacao,0,plano_frota
C03607,EcoSport,2014,131147,PF,Norte,49.6,0,10,60,473.72,10.0,0,1,0,E-mail,0,checkup_gratuito
C04638,Ka,2019,89696,PF,Sudeste,8.8,0,6,3,387.12,8.0,0,0,0,,0,revisao_preco_fixo
C00336,Ka,2019,86241,PF,Nordeste,13.3,0,6,60,,9.0,0,0,0,Ligacao,0,desconto_pecas
C01117,Maverick,2016,57015,PF,Sudeste,6.9,0,8,0,1617.41,8.0,0,0,0,WhatsApp,0,revisao_preco_fixo
C06184,Ka,2019,68092,PF,Sudeste,6.7,0,3,2,563.52,7.0,0,0,1,App FordPass,0,revisao_preco_fixo
C01190,Ranger,2023,40872,PF,Sudeste,8.6,1,4,1,800.42,7.0,1,0,1,App FordPass,0,pacote_revisoes
C06951,Transit,2017,404546,PJ_Frota,Centro-Oeste,81.9,0,15,46,2084.63,5.0,1,0,0,App FordPass,1,desconto_pecas
C02840,Maverick,2026,3688,PF,Sul,5.8,1,0,4,925.93,7.0,0,0,0,App FordPass,0,pacote_revisoes
C04676,Ka,2014,142221,PF,Sul,17.8,0,12,40,513.21,10.0,0,0,0,WhatsApp,1,desconto_pecas
C02349,Ka,2016,100235,PF,Sudeste,9.2,0,7,60,941.17,8.0,1,0,1,App FordPass,1,checkup_gratuito
C03088,Ranger,2017,108587,PF,Centro-Oeste,10.9,0,7,10,1373.62,9.0,1,1,0,App FordPass,1,checkup_gratuito
C01993,Ka,2019,191161,PJ_Frota,Sudeste,,0,19,60,455.9,10.0,0,0,1,,1,revisao_preco_fixo
C06222,Territory,2016,249598,PF,Sul,34.1,0,8,30,970.48,8.0,1,0,0,WhatsApp,0,desconto_pecas
C03813,Ka,2018,251206,PF,Nordeste,20.7,0,8,23,17867.0,,1,0,0,WhatsApp,0,desconto_pecas
C06706,Ka,2018,84092,PF,Sudeste,12.5,0,5,15,665.6,,0,0,0,Ligacao,0,revisao_preco_fixo
C01670,EcoSport,2015,104553,PF,Sul,11.3,0,1,60,970.49,,0,0,1,E-mail,1,checkup_gratuito
C07796,EcoSport,2016,151266,PF,Norte,62.8,0,6,6,701.13,8.0,0,0,0,Ligacao,0,desconto_pecas
C08413,EcoSport,2019,92729,PF,Sudeste,,0,4,0,565.41,4.0,1,0,1,E-mail,0,checkup_gratuito
C08829,Transit,2026,6363,PJ_Frota,Sudeste,18.4,1,0,23,723.73,3.0,0,0,1,WhatsApp,1,plano_frota
C01168,Maverick,2016,86893,PF,Nordeste,25.1,0,4,6,910.54,6.0,0,0,1,WhatsApp,1,desconto_pecas
C05793,Ka,2018,77447,PF,Sudeste,6.5,0,5,60,825.44,8.0,0,0,0,WhatsApp,1,checkup_gratuito
C01082,Transit,2024,99152,PJ_Frota,Sudeste,16.7,1,6,12,905.31,5.0,1,0,0,App FordPass,0,plano_frota
C04739,Territory,2014,114300,PF,Nordeste,29.8,0,7,24,1258.47,9.0,0,0,1,E-mail,1,revisao_preco_fixo
C02786,Territory,2017,120485,PF,Nordeste,23.9,0,5,1,1968.57,6.0,0,0,0,WhatsApp,0,desconto_pecas
C00166,Maverick,2020,205418,PJ_Frota,Norte,,0,3,11,868.74,,0,0,0,Ligacao,1,plano_frota
C07996,Ka,2016,158143,PF,Nordeste,10.5,0,13,30,634.41,7.0,0,0,1,WhatsApp,1,checkup_gratuito
C03177,Ranger,2019,66989,PF,Sudeste,2.9,0,5,21,908.87,8.0,0,0,0,E-mail,0,desconto_pecas
C06005,Ranger,2022,175644,PJ_Frota,Norte,21.6,0,7,9,1230.45,7.0,0,0,1,App FordPass,0,plano_frota
C02992,EcoSport,2014,89740,PF,Sudeste,8.5,0,10,53,1002.95,6.0,0,1,0,E-mail,1,checkup_gratuito
C06489,Transit,2021,112144,PJ_Frota,Sudeste,4.8,0,5,3,,9.0,1,0,0,E-mail,0,revisao_preco_fixo
C08873,Bronco Sport,2015,180718,PF,Sul,14.6,0,12,3,1091.02,9.0,0,0,0,WhatsApp,0,desconto_pecas
C09128,EcoSport,2019,56259,PF,Sudeste,13.2,0,5,8,1237.31,9.0,0,0,0,WhatsApp,0,revisao_preco_fixo
C00430,Transit,2025,34325,PJ_Frota,Sudeste,12.2,1,3,10,,10.0,1,0,0,WhatsApp,0,plano_frota
C05815,Maverick,2021,49103,PF,Nordeste,3.3,0,4,2,699.74,6.0,0,0,2,WhatsApp,0,revisao_preco_fixo
C01963,Ka,2015,241315,PJ_Frota,Sudeste,5.6,0,20,21,1131.87,9.0,0,0,0,App FordPass,1,desconto_pecas
C06759,EcoSport,2016,194209,PF,Centro-Oeste,10.5,0,13,9,654.06,7.0,0,0,0,WhatsApp,1,desconto_pecas
C00679,Ranger,2021,38692,PF,Sudeste,4.9,0,2,31,1336.1,10.0,1,1,0,App FordPass,0,desconto_pecas
C06973,Transit,2016,162332,PJ_Frota,Sudeste,21.4,0,12,25,2008.8,8.0,0,0,0,WhatsApp,0,plano_frota
C06357,Transit,2014,258956,PJ_Frota,Sudeste,6.8,0,10,3,892.24,6.0,0,0,0,WhatsApp,0,desconto_pecas
C00705,Territory,2022,33835,PF,Sul,31.3,0,3,8,1129.02,,0,0,0,E-mail,0,revisao_preco_fixo
C05656,Mustang,2017,312147,PJ_Frota,Sudeste,18.0,0,22,39,965.39,8.0,0,0,0,App FordPass,1,desconto_pecas
C04228,Ranger,2021,89073,PJ_Frota,Nordeste,20.1,0,5,4,1093.36,10.0,1,0,0,Ligacao,0,plano_frota
C07714,EcoSport,2020,57860,PF,Nordeste,14.9,0,3,6,644.07,9.0,1,0,0,App FordPass,1,revisao_preco_fixo
C08171,Territory,2018,84766,PF,Nordeste,11.7,0,0,14,859.64,6.0,0,0,0,WhatsApp,1,desconto_pecas
C06034,Transit,2020,214189,PJ_Frota,Sudeste,4.7,0,11,3,999.48,8.0,0,0,1,WhatsApp,0,desconto_pecas
C00202,Ranger,2017,105144,PF,Sudeste,4.6,0,6,3,722.51,7.0,0,0,0,WhatsApp,0,desconto_pecas
C03773,Maverick,2017,108348,PF,Sul,5.5,0,4,2,794.31,,1,0,0,App FordPass,0,desconto_pecas
C04161,EcoSport,2020,60250,PF,Nordeste,10.4,0,4,10,726.83,5.0,1,1,0,WhatsApp,0,checkup_gratuito
C07812,Bronco Sport,2014,102409,PF,Sul,12.3,0,4,10,784.31,9.0,0,0,1,E-mail,1,desconto_pecas
C06904,Ranger,2018,259645,PJ_Frota,Sudeste,7.8,0,17,42,1165.45,8.0,1,0,1,E-mail,1,desconto_pecas
C01058,Ranger,2018,77141,PF,Norte,12.5,0,4,60,1539.9,8.0,0,0,0,WhatsApp,1,checkup_gratuito
C02444,Ranger,2017,135209,PF,Sul,11.4,0,6,60,1061.77,8.0,0,1,0,WhatsApp,1,checkup_gratuito
C09253,Bronco Sport,2025,11653,PF,Sudeste,,1,1,3,631.48,7.0,1,0,0,WhatsApp,0,revisao_preco_fixo
C06288,EcoSport,2020,60348,PF,Sudeste,5.5,0,5,3,1298.55,8.0,1,0,0,App FordPass,0,revisao_preco_fixo
C01671,Territory,2023,30973,PF,Nordeste,9.9,1,1,10,952.84,7.0,1,0,0,Ligacao,0,pacote_revisoes
C02209,Ka,2017,97345,PF,Sudeste,14.8,0,5,1,560.69,6.0,0,0,0,App FordPass,0,desconto_pecas
C09845,Ranger,2019,47499,PF,Sudeste,4.1,0,3,1,1144.93,8.0,0,0,0,E-mail,1,pacote_revisoes
C00839,Ranger,2017,206954,PF,Nordeste,9.3,0,14,8,1532.65,10.0,0,0,0,WhatsApp,1,desconto_pecas
C05156,EcoSport,2017,106011,PF,Sudeste,6.5,0,5,43,744.42,8.0,1,1,1,WhatsApp,1,checkup_gratuito
C09345,Territory,2019,108038,PF,Sudeste,8.7,0,2,60,1011.43,9.0,0,0,0,WhatsApp,1,desconto_pecas
C06984,EcoSport,2014,209286,PF,Sul,20.8,0,5,36,,6.0,0,0,2,WhatsApp,1,desconto_pecas
C03655,Ka,2019,178115,PF,Sudeste,4.7,0,6,37,665.24,4.0,1,0,0,App FordPass,1,checkup_gratuito
C03721,Ranger,2015,332255,PF,Sudeste,10.4,0,17,1,1305.14,7.0,0,0,0,WhatsApp,0,desconto_pecas
C07919,Ranger,2021,97454,PJ_Frota,Sudeste,5.1,0,4,5,534.73,6.0,1,0,0,App FordPass,1,plano_frota
C09075,Ka,2017,94285,PF,Sudeste,5.8,0,3,7,618.51,5.0,0,1,0,Ligacao,0,revisao_preco_fixo
C05946,Ka,2020,59744,PF,Sudeste,9.8,0,1,19,958.94,,0,0,2,App FordPass,1,revisao_preco_fixo
C01091,Territory,2022,58503,PF,Sudeste,8.2,0,5,6,523.76,7.0,0,0,0,WhatsApp,0,checkup_gratuito
C07037,Bronco Sport,2021,27828,PF,Sudeste,6.5,0,4,2,1141.49,9.0,0,0,0,WhatsApp,0,revisao_preco_fixo
C06511,Ka,2018,128046,PF,Sudeste,7.9,0,10,8,637.32,8.0,1,1,0,App FordPass,0,desconto_pecas
C01137,Ranger,2023,26896,PF,norte,108.9,1,0,29,966.53,7.0,1,0,0,WhatsApp,0,pacote_revisoes
C09542,Ranger,2021,131576,PF,Nordeste,31.7,0,3,0,951.36,,0,0,0,WhatsApp,1,desconto_pecas
C07323,Transit,2017,84642,PF,Sudeste,5.9,0,6,8,923.89,6.0,0,0,0,Ligacao,0,revisao_preco_fixo
C00157,Territory,2022,72528,PF,Nordeste,14.4,0,6,23,591.65,,1,0,0,WhatsApp,0,revisao_preco_fixo
C03901,Maverick,2016,155963,PF,Nordeste,9.8,0,8,16,2304.83,4.0,0,0,1,WhatsApp,1,desconto_pecas
C07061,Ka,2021,53011,PF,Sudeste,9.1,0,2,0,527.11,8.0,0,0,0,WhatsApp,0,revisao_preco_fixo
C02915,Ka,2014,90265,PF,Norte,,0,0,27,694.96,6.0,0,0,1,WhatsApp,1,revisao_preco_fixo
C06523,EcoSport,2014,134498,PF,Sudeste,1.5,0,4,45,582.42,,0,0,0,App FordPass,1,checkup_gratuito
C07862,Ka,2016,138612,PF,Sudeste,13.5,0,10,10,662.2,,0,0,1,E-mail,1,desconto_pecas
C00497,Territory,2018,132724,PF,Nordeste,23.5,0,1,4,1009.49,7.0,0,0,1,Ligacao,0,revisao_preco_fixo
C06983,Bronco Sport,2015,290951,PF,Sudeste,7.4,0,14,16,1275.89,4.0,0,0,0,WhatsApp,0,checkup_gratuito
C01010,Territory,2018,99634,PF,Sul,8.4,0,5,9,1796.12,7.0,0,0,0,E-mail,1,desconto_pecas
C08284,Ka,2016,130422,PF,Nordeste,9.9,0,1,51,635.67,5.0,0,0,2,WhatsApp,1,checkup_gratuito
C03711,Bronco Sport,2015,86801,PF,Nordeste,15.3,0,6,16,1318.11,6.0,0,0,0,E-mail,1,desconto_pecas
C07992,Ka,2015,725466,PJ_Frota,Nordeste,20.9,0,56,1,665.28,10.0,0,0,0,WhatsApp,0,desconto_pecas
C07379,EcoSport,2017,138155,PF,Sul,7.2,0,5,38,594.67,7.0,1,0,1,App FordPass,1,desconto_pecas
C07849,Bronco Sport,2020,84834,PF,Sul,9.7,0,6,27,1536.35,8.0,0,0,1,Ligacao,1,revisao_preco_fixo
C06084,Ka,2014,95901,PF,Nordeste,54.7,0,3,31,764.53,9.0,0,0,0,App FordPass,1,revisao_preco_fixo
C02477,Ka,2016,144557,PF,Sul,15.2,0,10,3,389.23,9.0,1,0,1,WhatsApp,0,desconto_pecas
C08430,Ka,2016,145919,PF,Nordeste,8.3,0,8,1,745.36,7.0,1,0,0,WhatsApp,0,desconto_pecas
C06251,EcoSport,2019,64966,PF,Nordeste,6.5,0,5,9,796.87,9.0,0,0,0,E-mail,1,revisao_preco_fixo
C05290,EcoSport,2015,132776,PF,Nordeste,19.4,0,7,43,755.46,8.0,0,1,0,E-mail,1,desconto_pecas
C08344,Maverick,2020,67599,PF,Nordeste,17.6,0,5,17,1647.27,7.0,0,0,0,WhatsApp,1,revisao_preco_fixo
C02142,Bronco Sport,2017,96014,PF,Centro Oeste,48.8,0,2,60,1407.86,,1,0,0,WhatsApp,0,checkup_gratuito
C09814,Transit,2015,295344,PJ_Frota,Nordeste,14.8,0,12,8,1290.18,6.0,0,0,0,WhatsApp,1,plano_frota
C04251,Ka,2014,272167,PF,Sudeste,14.8,0,21,33,,,0,0,0,App FordPass,1,desconto_pecas
C07816,Ranger,2023,21120,PF,Nordeste,9.3,1,3,3,846.61,10.0,0,0,0,WhatsApp,0,pacote_revisoes
C07858,Maverick,2017,84218,PF,Sudeste,9.8,0,3,13,956.13,6.0,0,0,0,App FordPass,0,desconto_pecas
C00913,Transit,2025,19676,PF,Nordeste,26.0,1,1,3,1018.13,,0,0,0,App FordPass,0,pacote_revisoes
C07365,Ka,2017,131275,PF,Sudeste,5.6,0,8,13,899.1,10.0,0,0,0,WhatsApp,0,desconto_pecas
C09212,Ka,2017,134274,PF,Norte,50.2,0,2,60,534.82,6.0,0,0,1,Ligacao,1,checkup_gratuito
C06270,Ranger,2020,93769,PF,Norte,24.3,0,3,33,1362.76,9.0,0,0,0,Ligacao,1,checkup_gratuito
C06733,Maverick,2021,60407,PF,sul,16.7,0,1,1,995.74,,0,0,0,WhatsApp,0,revisao_preco_fixo
C03513,Transit,2018,278272,PJ_Frota,Sul,,0,6,5,1353.13,6.0,0,1,0,E-mail,0,desconto_pecas
C08970,Maverick,2019,94624,PF,Sul,15.8,0,5,31,968.91,10.0,1,0,0,WhatsApp,0,revisao_preco_fixo
C06308,EcoSport,2016,136644,PF,Norte,32.9,0,6,27,791.03,6.0,0,0,0,WhatsApp,1,checkup_gratuito
C05839,Ka,2015,176199,PF,Nordeste,16.1,0,4,25,663.03,4.0,0,0,1,WhatsApp,1,checkup_gratuito
C05536,EcoSport,2017,41603,PF,Sul,16.1,0,4,16,812.41,7.0,0,0,0,E-mail,1,checkup_gratuito
C01340,Ka,2017,153201,PF,Nordeste,6.0,0,12,60,1360.77,4.0,0,0,0,Ligacao,1,checkup_gratuito
C06769,Ranger,2021,36175,PF,Sudeste,7.4,0,3,1,949.7,8.0,1,0,0,WhatsApp,0,revisao_preco_fixo
C07148,Bronco Sport,2018,96324,PF,SUDESTE,38.0,0,1,17,758.84,5.0,0,0,0,Ligacao,1,revisao_preco_fixo
C09806,Territory,2014,234418,PF,Sudeste,7.6,0,10,51,903.78,,0,0,0,WhatsApp,1,checkup_gratuito
C00033,Ranger,2017,141532,PF,Sudeste,19.4,0,9,6,1334.76,9.0,0,0,0,WhatsApp,0,desconto_pecas
C04904,Bronco Sport,2026,4511,PF,Sudeste,10.0,1,0,0,912.87,6.0,1,0,1,E-mail,0,desconto_pecas
C04354,Mustang,2026,4434,PF,Norte,76.6,1,0,1,1004.0,,1,0,0,App FordPass,0,pacote_revisoes
C04045,EcoSport,2016,79223,PF,Sudeste,5.0,0,8,32,536.83,6.0,0,0,0,E-mail,0,desconto_pecas
C05553,Ka,2017,283376,PJ_Frota,Nordeste,18.5,0,18,18,451.56,4.0,0,0,0,App FordPass,0,desconto_pecas
C02247,Territory,2017,144925,PF,Nordeste,75.3,0,3,38,1008.26,8.0,0,0,0,WhatsApp,1,revisao_preco_fixo
C09720,Bronco Sport,2022,33352,PF,sul,8.2,0,4,0,1418.19,7.0,1,1,0,Ligacao,0,revisao_preco_fixo
C03164,Territory,2023,32991,PF,Sudeste,5.4,1,2,38,881.62,9.0,0,0,2,WhatsApp,0,pacote_revisoes
C08656,Ka,2017,175630,PF,Centro Oeste,42.9,0,9,60,706.94,,0,0,0,App FordPass,1,checkup_gratuito
C07201,EcoSport,2021,72935,PF,Sudeste,10.8,0,5,4,780.8,7.0,0,0,0,App FordPass,0,revisao_preco_fixo
C05603,Mustang,2019,82360,PF,Sudeste,9.2,0,4,50,1300.33,5.0,0,0,0,WhatsApp,1,revisao_preco_fixo
C07333,Territory,2015,76327,PF,Centro-Oeste,10.7,0,5,3,,5.0,0,0,0,WhatsApp,1,desconto_pecas
C01202,Maverick,2025,11938,PF,Nordeste,23.7,1,1,14,646.22,5.0,1,0,0,WhatsApp,0,checkup_gratuito
C01425,Ranger,2022,36497,PF,Nordeste,5.9,0,3,7,782.24,6.0,0,0,0,App FordPass,0,revisao_preco_fixo
C00396,Maverick,2025,24686,PJ_Frota,Sudeste,27.1,1,1,16,,7.0,1,0,0,Ligacao,0,plano_frota
C05165,Bronco Sport,2026,6495,PF,Sudeste,9.7,1,0,2,1482.47,5.0,1,0,1,E-mail,0,pacote_revisoes
C05362,Ka,2019,78177,PF,Nordeste,43.8,0,3,15,594.78,7.0,0,0,1,E-mail,1,revisao_preco_fixo
C08023,Ranger,2019,121246,PJ_Frota,Nordeste,18.4,0,9,59,,8.0,1,0,0,WhatsApp,0,revisao_preco_fixo
C01500,Territory,2019,86954,PF,Sul,13.5,0,3,0,1072.6,9.0,0,0,0,WhatsApp,0,revisao_preco_fixo
C00569,Ranger,2014,237179,PF,Norte,38.1,0,10,2,1144.15,,0,0,1,E-mail,0,desconto_pecas
C05529,Maverick,2018,66822,PF,Sudeste,2.7,0,3,3,932.74,6.0,0,0,1,WhatsApp,0,revisao_preco_fixo
C01040,Ka,2014,285413,PF,Norte,18.6,0,18,12,748.14,6.0,0,0,0,WhatsApp,0,desconto_pecas
C05106,Ka,2019,74311,PF,Sul,10.5,0,2,5,779.98,8.0,0,0,0,WhatsApp,1,revisao_preco_fixo
C07424,Bronco Sport,2024,48723,PF,Centro-Oeste,34.3,1,4,10,1022.67,8.0,0,0,1,Ligacao,0,pacote_revisoes
C01723,Territory,2020,71833,PF,Sudeste,6.0,0,4,2,1271.79,4.0,1,0,0,App FordPass,0,checkup_gratuito
C03718,Transit,2019,424047,PJ_Frota,Nordeste,10.8,0,22,26,1290.03,8.0,0,0,0,Ligacao,1,desconto_pecas
C01383,Transit,2024,70697,PJ_Frota,Sul,2.3,1,2,17,860.46,8.0,0,0,1,WhatsApp,0,plano_frota
C08867,Ranger,2025,9652,PF,Nordeste ,,1,1,8,852.47,5.0,1,1,0,Ligacao,0,checkup_gratuito
C02408,EcoSport,2018,120972,PF,Nordeste,37.1,0,5,5,733.84,6.0,0,0,1,E-mail,1,desconto_pecas
C04324,EcoSport,2021,65943,PF,Sul,,0,1,6,1180.91,7.0,1,0,0,Ligacao,1,desconto_pecas
C05581,Ranger,2015,309350,PJ_Frota,SUDESTE,1.8,0,14,60,1399.56,7.0,0,0,2,Ligacao,1,plano_frota
C07442,Bronco Sport,2016,138840,PF,Nordeste,7.3,0,13,6,1338.27,9.0,0,0,1,WhatsApp,0,desconto_pecas
C05900,Maverick,2020,110925,PF,Sudeste,9.3,0,9,3,1321.33,5.0,0,0,0,E-mail,0,revisao_preco_fixo
C09607,Ranger,2025,24487,PJ_Frota,Norte,28.7,1,1,3,1022.1,4.0,1,0,0,App FordPass,0,pacote_revisoes
C01571,Territory,2026,2730,PF,Norte,46.3,1,0,2,741.88,7.0,0,1,0,WhatsApp,0,checkup_gratuito
C01972,Bronco Sport,2020,171861,PF,Norte,77.4,0,3,41,1373.17,8.0,0,0,0,WhatsApp,1,revisao_preco_fixo
C04311,Maverick,2021,68452,PF,Sudeste,15.4,0,3,1,921.9,4.0,0,0,0,App FordPass,0,revisao_preco_fixo
C07558,Maverick,2023,30276,PF,Sudeste,4.5,1,3,4,663.99,8.0,0,0,0,WhatsApp,0,pacote_revisoes
C07651,EcoSport,2018,155573,PF,Nordeste,20.5,0,8,16,1302.07,10.0,0,0,0,E-mail,0,revisao_preco_fixo
C05559,Ka,2014,164466,PF,Norte,96.7,0,8,43,947.32,10.0,0,0,0,WhatsApp,0,desconto_pecas
C08355,Maverick,2016,208466,PF,Sudeste,28.4,0,5,34,1458.12,7.0,0,0,0,E-mail,1,desconto_pecas
C04610,Maverick,2022,22155,PF,Sudeste,11.4,0,1,0,994.36,,0,0,0,E-mail,0,pacote_revisoes
C08862,Maverick,2021,51099,PF,Norte,59.1,0,1,7,691.69,5.0,0,0,0,App FordPass,1,revisao_preco_fixo
C07781,EcoSport,2016,202549,PF,Centro-Oeste,13.5,0,0,43,653.47,,0,0,0,Ligacao,1,checkup_gratuito
C08553,Bronco Sport,2022,52806,PF,Nordeste,10.6,0,1,10,1616.7,6.0,1,0,1,E-mail,1,revisao_preco_fixo
C00279,Maverick,2022,49376,PF,norte,73.2,0,1,3,810.89,7.0,1,0,0,Ligacao,0,revisao_preco_fixo
C08546,Bronco Sport,2021,40048,PF,Sudeste,9.1,0,1,2,744.23,6.0,0,1,0,App FordPass,0,checkup_gratuito
C02809,Ka,2016,119746,PF,Sudeste,11.7,0,3,43,770.12,7.0,0,0,1,WhatsApp,1,checkup_gratuito
C05343,Territory,2018,106339,PF,SUDESTE,13.4,0,4,59,588.62,,0,1,0,WhatsApp,1,checkup_gratuito
C00962,Ka,2015,164562,PF,Norte,64.6,0,2,17,831.04,8.0,1,0,0,App FordPass,1,plano_frota
C04710,Maverick,2016,161415,PF,Sudeste,7.0,0,8,2,733.61,7.0,1,0,1,,1,desconto_pecas
C06728,Bronco Sport,2020,66926,PF,Centro-Oeste,56.2,0,3,20,665.45,7.0,0,0,1,WhatsApp,1,desconto_pecas
C01101,EcoSport,2020,45847,PF,Sudeste,4.8,0,5,35,489.99,9.0,0,0,0,App FordPass,1,checkup_gratuito
C00626,Maverick,2023,36346,PF,Sudeste,10.2,1,2,7,579.29,6.0,1,1,0,App FordPass,0,pacote_revisoes
C07373,Maverick,2023,41539,PF,Sul,15.9,1,1,31,779.37,5.0,0,0,0,App FordPass,1,pacote_revisoes
C03069,Ranger,2014,98523,PF,Nordeste,15.5,0,4,12,645.62,9.0,0,0,0,App FordPass,1,desconto_pecas
C05176,Ka,2020,117056,PF,Sudeste,25.0,0,5,12,398.03,6.0,0,0,0,WhatsApp,0,desconto_pecas
C07413,Territory,2019,61355,PF,Sudeste,4.8,0,7,38,1507.27,7.0,1,0,0,App FordPass,0,checkup_gratuito
C02266,Bronco Sport,2025,8672,PF,Sul,16.4,1,0,1,938.24,10.0,1,0,0,App FordPass,0,pacote_revisoes
C08299,EcoSport,2021,137669,PF,Sudeste,25.2,0,6,2,643.3,7.0,0,0,0,Ligacao,0,desconto_pecas
C02630,Ka,2017,124694,PF,Sudeste,10.1,0,6,4,1311.62,6.0,0,0,0,E-mail,0,desconto_pecas
C06370,Mustang,2025,10470,PF,Sudeste,,1,0,0,884.09,8.0,1,0,0,App FordPass,0,pacote_revisoes
C07580,EcoSport,2018,136991,PF,Sudeste,,0,10,30,890.14,6.0,0,0,1,App FordPass,0,checkup_gratuito
C07337,Ranger,2022,53835,PF,Nordeste,21.0,0,1,21,768.78,8.0,1,0,0,WhatsApp,0,revisao_preco_fixo
C06066,Ranger,2018,142535,PF,Sudeste,8.9,0,11,0,1478.97,8.0,1,1,0,Ligacao,0,checkup_gratuito
C04146,Ka,2019,-120287,PF,Sudeste,11.5,0,4,2,511.94,9.0,0,0,0,App FordPass,0,desconto_pecas
C06768,Maverick,2024,35642,PF,Sudeste,5.5,1,3,2,994.43,7.0,0,0,2,E-mail,0,pacote_revisoes
C00648,Territory,2014,106100,PF,Sudeste,9.0,0,5,7,862.81,10.0,0,0,0,Ligacao,1,revisao_preco_fixo
C05962,Ranger,2016,126402,PF,Nordeste,37.4,0,5,9,1932.22,,0,0,1,App FordPass,0,desconto_pecas
C08125,EcoSport,2015,99918,PF,Sul,,0,4,43,569.02,9.0,0,0,0,WhatsApp,1,checkup_gratuito
C00368,EcoSport,2019,68507,PF,Sul,13.1,0,0,26,640.25,6.0,0,1,1,App FordPass,0,checkup_gratuito
C02610,Mustang,2024,39312,PF,Nordeste,11.6,1,2,0,2588.59,9.0,1,0,0,App FordPass,0,pacote_revisoes
C01755,Territory,2020,48181,PF,Nordeste,12.9,0,3,1,1144.67,6.0,0,0,0,WhatsApp,0,revisao_preco_fixo
C05493,EcoSport,2017,118995,PF,SUDESTE,,0,3,12,632.29,2.0,0,0,1,WhatsApp,1,desconto_pecas
C06437,EcoSport,2016,143690,PF,Norte,19.3,0,6,50,891.59,6.0,1,0,1,E-mail,1,checkup_gratuito
C07263,Ka,2020,74237,PF,Sul,5.6,0,3,60,605.58,7.0,1,0,0,App FordPass,1,checkup_gratuito
C09172,Ka,2018,99587,PF,Sudeste,7.4,0,7,10,1175.14,8.0,0,0,0,WhatsApp,1,revisao_preco_fixo
C07693,EcoSport,2019,65342,PF,Sul,16.6,0,3,55,1052.18,6.0,1,0,1,App FordPass,1,checkup_gratuito
C07868,Territory,2014,88058,PF,Nordeste,13.5,0,6,17,1345.82,,0,0,0,WhatsApp,1,revisao_preco_fixo
C07564,EcoSport,2014,239926,PF,Nordeste,37.0,0,9,58,862.19,7.0,0,0,0,WhatsApp,1,desconto_pecas
C06677,Mustang,2019,94086,PF,Sudeste,7.2,0,4,60,1646.71,5.0,0,0,1,WhatsApp,1,revisao_preco_fixo
C01636,Ranger,2017,199661,PJ_Frota,Nordeste,26.7,0,12,52,1007.21,8.0,0,0,0,App FordPass,1,desconto_pecas
C09557,Territory,2019,97596,PF,Centro-Oeste,61.9,0,1,12,739.59,10.0,0,0,2,WhatsApp,1,revisao_preco_fixo
C01683,EcoSport,2016,156365,PF,Norte,43.0,0,2,22,400.8,5.0,0,0,0,E-mail,1,checkup_gratuito
C06542,Transit,2021,171693,PJ_Frota,Sudeste,14.3,0,8,1,882.24,10.0,0,0,0,WhatsApp,0,plano_frota
C02138,Bronco Sport,2014,227813,PF,Centro-Oeste,24.2,0,5,36,1139.77,7.0,0,0,0,WhatsApp,0,desconto_pecas
C01395,Ka,2019,82676,PF,Nordeste,8.0,0,8,17,737.8,8.0,1,0,0,E-mail,0,revisao_preco_fixo
C07604,Mustang,2022,55807,PF,Sudeste,7.0,0,3,3,,,0,0,2,E-mail,1,revisao_preco_fixo
C02995,Ranger,2024,22704,PF,Sudeste,7.3,1,2,3,741.21,7.0,1,0,0,App FordPass,0,pacote_revisoes
C00719,Transit,2024,30844,PJ_Frota,Sul,12.3,1,2,1,846.83,,0,1,1,WhatsApp,0,pacote_revisoes
C06987,Ka,2017,119002,PF,Sul,6.0,0,7,29,888.31,6.0,0,0,1,App FordPass,0,desconto_pecas
C07232,Ka,2015,158327,PF,Centro-Oeste,19.7,0,7,60,639.66,9.0,0,1,0,Ligacao,1,checkup_gratuito
C08778,Maverick,2025,16282,PJ_Frota,Sudeste,42.6,1,1,2,821.64,4.0,1,0,0,Ligacao,0,plano_frota
C07356,Bronco Sport,2023,59167,PF,Sul,10.2,1,5,1,1617.38,7.0,0,0,0,App FordPass,0,pacote_revisoes
C08556,Territory,2014,159387,PF,Nordeste,6.4,0,11,60,928.17,7.0,0,0,0,WhatsApp,1,checkup_gratuito
C09109,Ranger,2019,188739,PJ_Frota,Sudeste,7.4,0,7,36,1031.35,6.0,0,0,1,App FordPass,1,checkup_gratuito
C03842,Territory,2024,21209,PF,Nordeste,24.9,1,2,13,1710.13,4.0,0,0,0,E-mail,0,pacote_revisoes
C02969,Ka,2015,336346,PF,Sudeste,7.4,0,25,60,722.42,8.0,0,0,0,App FordPass,0,desconto_pecas
C06277,Territory,2020,52591,PF,Norte,13.5,0,1,11,1267.56,5.0,0,0,0,E-mail,0,revisao_preco_fixo
C08300,Bronco Sport,2026,6602,PF,Nordeste,14.3,1,0,0,506.03,5.0,1,0,0,Ligacao,0,pacote_revisoes
C07699,Territory,2016,125412,PF,Sul,34.8,0,5,29,1088.75,7.0,0,0,0,Ligacao,1,revisao_preco_fixo
C07234,Territory,2022,31450,PF,Sul,11.3,0,1,19,1050.86,6.0,0,0,0,App FordPass,1,revisao_preco_fixo
C01312,Territory,2026,3696,PF,Sul,8.1,1,0,19,634.14,6.0,1,0,0,App FordPass,0,pacote_revisoes
C05802,Bronco Sport,2022,43107,PF,Sudeste,7.6,0,4,14,816.68,6.0,1,0,0,WhatsApp,0,revisao_preco_fixo
C02261,Transit,2015,145070,PF,Sul,40.6,0,0,10,1242.6,7.0,0,0,0,WhatsApp,1,revisao_preco_fixo
C00045,Maverick,2016,170856,PF,Sul,12.4,0,16,60,1374.2,8.0,0,0,0,WhatsApp,1,checkup_gratuito
C00437,Ranger,2016,128303,PF,Norte,43.5,0,4,44,813.75,7.0,0,0,1,WhatsApp,1,checkup_gratuito
C00907,Ka,2018,65754,PF,Sudeste,13.8,0,5,27,,8.0,1,0,0,E-mail,0,pacote_revisoes
C08902,Maverick,2020,90439,PF,Sudeste,9.8,0,7,2,1016.57,6.0,0,0,0,E-mail,0,revisao_preco_fixo
C09965,Ka,2017,190815,PF,Nordeste,13.5,0,8,55,805.37,7.0,0,0,0,E-mail,1,checkup_gratuito
C07658,Ka,2019,163089,PF,Sudeste,4.6,0,2,8,,4.0,0,1,0,Ligacao,1,pacote_revisoes
C07639,Ranger,2024,34293,PF,Centro-Oeste,52.2,1,2,2,1204.6,7.0,1,1,0,App FordPass,0,pacote_revisoes
C09383,Transit,2025,21761,PJ_Frota,Nordeste,14.2,1,1,5,1070.63,5.0,1,0,0,WhatsApp,0,plano_frota
C03265,EcoSport,2016,67929,PF,Sul,16.6,0,6,60,1793.45,7.0,0,0,0,WhatsApp,1,checkup_gratuito
C09917,Ranger,2015,389693,PJ_Frota,Norte,36.8,0,21,60,1238.32,8.0,0,0,1,WhatsApp,1,desconto_pecas
C07468,Maverick,2018,93959,PF,Nordeste,7.4,0,3,13,574.39,,0,1,0,WhatsApp,0,checkup_gratuito
C02572,Bronco Sport,2022,39696,PF,Nordeste,17.3,0,1,4,1675.21,10.0,0,0,0,WhatsApp,0,revisao_preco_fixo
C09293,Ka,2017,93588,PF,Sudeste,3.3,0,4,13,,5.0,1,0,0,App FordPass,0,desconto_pecas
C01837,Ranger,2026,5270,PF,Norte,26.9,1,0,1,910.13,9.0,0,0,0,WhatsApp,0,pacote_revisoes
C01300,EcoSport,2015,148640,PF,Sul,10.9,0,2,24,710.63,4.0,0,0,0,Ligacao,1,checkup_gratuito
C02577,Maverick,2023,53099,PF,Norte,34.6,1,5,8,810.33,9.0,0,0,0,E-mail,0,pacote_revisoes
C00646,Ka,2016,65304,PF,Sul,20.8,0,5,9,543.5,8.0,0,0,1,WhatsApp,1,desconto_pecas
C02690,Transit,2014,227901,PF,Sudeste,,0,9,16,1543.22,6.0,1,0,0,WhatsApp,0,desconto_pecas
C01982,Maverick,2026,3686,PF,Sul,3.6,1,0,31,1382.19,5.0,1,0,1,App FordPass,1,revisao_preco_fixo
C01894,EcoSport,2016,152408,PF,Sudeste,10.3,0,8,11,655.13,,0,0,0,App FordPass,1,desconto_pecas
C00327,Ranger,2020,101063,PF,Sudeste,7.3,0,3,28,1206.04,4.0,1,0,1,WhatsApp,1,checkup_gratuito
C06378,EcoSport,2021,64183,PF,Sudeste,7.7,0,4,17,828.56,7.0,1,0,0,App FordPass,0,revisao_preco_fixo
C08387,Territory,2025,12494,PF,SUDESTE,4.9,1,1,4,553.63,8.0,1,0,1,E-mail,0,pacote_revisoes
C04627,EcoSport,2016,138276,PF,Sul,13.4,0,1,2,1049.36,7.0,0,0,0,E-mail,0,desconto_pecas
C00153,Ranger,2015,117348,PF,Sudeste,5.5,0,2,60,780.91,6.0,0,0,0,E-mail,1,checkup_gratuito
C00315,EcoSport,2017,124299,PF,Centro-Oeste,9.9,0,9,40,716.1,8.0,0,0,1,E-mail,1,checkup_gratuito
C00385,Transit,2025,21705,PF,Sudeste,6.5,1,2,1,918.52,9.0,0,0,0,App FordPass,0,pacote_revisoes
C05523,Territory,2019,69236,PF,Sudeste,7.7,0,3,23,,4.0,0,0,0,,0,revisao_preco_fixo
C03341,Maverick,2023,109167,PJ_Frota,Sudeste,5.9,1,5,7,1167.17,1.0,1,0,0,App FordPass,0,plano_frota
C05591,Maverick,2014,125123,PF,Sudeste,6.9,0,7,24,847.89,8.0,0,1,1,WhatsApp,1,checkup_gratuito
C01349,Ka,2021,58702,PF,Norte,16.7,0,3,26,632.11,8.0,1,1,0,App FordPass,0,checkup_gratuito
C08817,Maverick,2025,9257,PF,Sudeste,,1,1,6,1067.91,9.0,1,0,0,WhatsApp,0,pacote_revisoes
C01493,Maverick,2017,94817,PF,Sudeste,4.9,0,3,27,1048.25,10.0,0,0,0,App FordPass,0,revisao_preco_fixo
C00375,Ka,2017,88116,PF,Nordeste,19.6,0,4,2,792.57,,1,0,1,Ligacao,0,checkup_gratuito
C07483,Bronco Sport,2014,135616,PF,Nordeste,9.1,0,7,56,1426.56,5.0,0,0,1,WhatsApp,1,revisao_preco_fixo
C01294,EcoSport,2014,110006,PF,Sul,13.7,0,9,17,782.4,,0,0,0,App FordPass,1,checkup_gratuito
C01267,Transit,2018,160402,PJ_Frota,Nordeste,11.4,0,5,0,630.09,,0,0,0,WhatsApp,0,plano_frota
C09545,EcoSport,2019,86052,PF,Centro-Oeste,13.8,0,7,0,1059.61,7.0,0,0,1,E-mail,0,revisao_preco_fixo
C05590,Ranger,2023,38375,PF,Sul,11.7,1,3,6,705.65,9.0,0,0,0,Ligacao,0,pacote_revisoes
C08058,Bronco Sport,2022,39038,PF,Centro-Oeste,18.1,0,4,9,1037.47,7.0,0,0,0,WhatsApp,0,revisao_preco_fixo
C03107,Territory,2025,16089,PF,Sudeste,7.8,1,1,19,918.69,,1,0,1,WhatsApp,0,pacote_revisoes
C07621,Bronco Sport,2018,237586,PF,Sudeste,7.7,0,13,53,816.57,7.0,0,0,0,WhatsApp,1,checkup_gratuito
C00513,EcoSport,2015,170820,PF,Sudeste,9.1,0,13,11,874.43,8.0,0,0,0,Ligacao,0,desconto_pecas
C09875,EcoSport,2019,137244,PF,Nordeste,10.7,0,2,11,740.47,6.0,0,0,1,Ligacao,1,desconto_pecas
C03952,Transit,2026,8847,PJ_Frota,Norte,59.3,1,0,28,1017.34,5.0,1,0,1,WhatsApp,1,plano_frota
C06080,Ka,2017,233521,PF,Sudeste,10.1,0,16,21,1370.5,8.0,0,0,0,App FordPass,0,checkup_gratuito
C03366,Territory,2020,69499,PF,Sudeste,3.9,0,4,15,1281.1,6.0,1,0,0,App FordPass,0,revisao_preco_fixo
C06076,Territory,2016,330620,PF,Sudeste,4.1,0,32,60,1408.61,8.0,0,0,0,Ligacao,1,desconto_pecas
C07546,Ranger,2023,52206,PF,Sudeste,8.0,1,5,2,1436.05,10.0,0,0,0,Ligacao,0,revisao_preco_fixo
C06196,Maverick,2016,-120620,PF,Sul,10.5,0,1,60,780.94,7.0,0,0,0,WhatsApp,1,checkup_gratuito
C09134,Ka,2017,62101,PF,Sudeste,10.0,0,3,18,1090.12,7.0,0,0,0,WhatsApp,1,desconto_pecas
C09429,Maverick,2015,142780,PF,Norte,95.9,0,0,60,1248.99,5.0,0,0,0,E-mail,1,checkup_gratuito
C03967,Ka,2015,101166,PF,Nordeste,15.3,0,2,32,384.4,8.0,0,0,0,App FordPass,1,revisao_preco_fixo
C03704,Ka,2018,41517,PF,Sudeste,7.9,0,1,34,658.87,7.0,0,0,0,App FordPass,1,checkup_gratuito
C03174,Territory,2025,9512,PF,Sudeste,9.6,1,1,4,590.45,6.0,1,0,1,App FordPass,0,revisao_preco_fixo
C02813,Ka,2015,126703,PF,Sudeste,13.1,0,4,23,693.56,6.0,0,0,0,E-mail,1,checkup_gratuito
C09810,EcoSport,2031,66293,PF,Sudeste,12.0,0,7,21,437.33,8.0,1,0,0,App FordPass,0,desconto_pecas
C06443,Maverick,2026,8221,PF,Centro-Oeste,8.7,1,0,12,498.23,7.0,0,0,0,App FordPass,1,pacote_revisoes
C02078,EcoSport,2021,51423,PF,Sudeste,,0,1,22,649.78,,0,0,0,WhatsApp,1,revisao_preco_fixo
C03905,Territory,2014,225627,PF,Norte,22.6,0,17,4,642.57,8.0,0,0,1,E-mail,0,desconto_pecas
C05869,Ka,2021,82444,PF,Norte,42.2,0,1,17,546.74,6.0,0,0,0,WhatsApp,1,revisao_preco_fixo
C04973,Maverick,2023,32352,PF,Centro-Oeste,21.4,1,2,4,1097.61,6.0,1,1,1,App FordPass,0,pacote_revisoes
C01921,EcoSport,2015,204559,PF,Nordeste,13.6,0,12,30,1008.55,7.0,0,0,0,Ligacao,1,desconto_pecas
C07275,Bronco Sport,2018,96159,PF,Nordeste,16.3,0,6,7,917.75,5.0,1,0,0,WhatsApp,0,desconto_pecas
C03114,Ranger,2016,186271,PJ_Frota,Sudeste,14.7,0,8,25,1750.6,7.0,0,0,0,Ligacao,0,plano_frota
C00777,Ka,2020,93870,PF,Sul,18.3,0,1,5,592.35,8.0,0,0,0,WhatsApp,1,revisao_preco_fixo
C08803,EcoSport,2015,109665,PF,Sudeste,25.0,0,2,41,623.9,6.0,0,0,0,App FordPass,1,desconto_pecas
C04047,EcoSport,2021,126364,PF,Norte,50.0,0,10,23,680.94,10.0,0,0,0,App FordPass,1,revisao_preco_fixo
C03991,Ranger,2021,29838,PF,Sudeste,44.6,0,0,21,1333.35,6.0,1,0,0,WhatsApp,1,revisao_preco_fixo
C02450,Territory,2020,92343,PF,Sudeste,12.0,0,3,19,1033.24,8.0,0,0,0,WhatsApp,0,pacote_revisoes
C03392,Transit,2020,133942,PF,Nordeste ,10.7,0,8,9,1570.74,6.0,0,1,2,App FordPass,0,revisao_preco_fixo
C02137,Bronco Sport,2017,101945,PF,Nordeste,8.8,0,7,8,736.69,7.0,0,0,0,WhatsApp,0,desconto_pecas
C08164,Ranger,2018,119754,PF,Sudeste,11.1,0,9,0,1267.72,7.0,1,0,0,App FordPass,0,revisao_preco_fixo
C07185,Ranger,2014,130240,PF,Sul,,0,7,6,1342.28,7.0,0,0,0,App FordPass,0,revisao_preco_fixo
C06324,Territory,2023,15471,PF,Sudeste,4.5,1,3,0,665.41,7.0,0,0,0,WhatsApp,0,pacote_revisoes
C05265,Ka,2019,186566,PF,Sudeste,8.1,0,14,0,727.21,7.0,0,0,0,Ligacao,1,desconto_pecas
C03672,EcoSport,2017,86559,PF,Sudeste,4.3,0,5,41,707.82,9.0,1,0,0,WhatsApp,0,desconto_pecas
C00071,Ranger,2026,4060,PF,Norte,41.4,1,0,23,734.65,6.0,1,0,2,App FordPass,0,checkup_gratuito
C09167,Ka,2020,80073,PF,Sul,11.7,0,5,10,636.46,8.0,0,0,0,WhatsApp,0,desconto_pecas
C00688,Bronco Sport,2025,11591,PF,Sul,12.3,1,0,0,588.04,6.0,1,1,1,App FordPass,0,pacote_revisoes
C04280,Ka,2017,-154176,PF,Sul,15.2,0,5,2,1288.06,,0,0,0,E-mail,0,desconto_pecas
C03978,Ranger,2019,372781,PJ_Frota,Norte,16.3,0,13,19,629.36,,0,1,0,App FordPass,0,desconto_pecas
C02000,Maverick,2018,61554,PF,Sul,17.8,0,5,4,685.8,10.0,0,0,0,App FordPass,0,revisao_preco_fixo
C09706,Bronco Sport,2025,8271,PF,Nordeste,11.4,1,1,3,913.9,6.0,1,1,0,App FordPass,0,pacote_revisoes
C02391,Bronco Sport,2024,14062,PF,Sul,4.5,1,2,1,1900.63,8.0,1,0,2,E-mail,0,pacote_revisoes
C03324,Territory,2017,121156,PF,Nordeste,4.7,0,8,14,886.64,8.0,0,0,1,WhatsApp,0,desconto_pecas
C02362,Ranger,2024,46780,PJ_Frota,Sudeste,5.8,1,2,3,1031.27,8.0,1,0,0,WhatsApp,0,plano_frota
C07852,Territory,2019,-70084,PF,Sudeste,12.9,0,4,0,1033.32,6.0,0,0,4,Ligacao,1,revisao_preco_fixo
C09471,Ka,2014,158691,PF,Nordeste,5.9,0,5,9,540.1,8.0,0,0,0,App FordPass,1,desconto_pecas
C06059,Mustang,2026,7322,PF,Sudeste,19.0,1,0,5,1294.9,5.0,1,0,1,E-mail,0,pacote_revisoes
C00565,Territory,2025,7938,PF,Sudeste,6.1,1,1,2,721.42,9.0,0,0,0,WhatsApp,0,pacote_revisoes
C05797,Mustang,2024,29474,PF,Nordeste,14.9,1,2,1,1987.66,7.0,0,0,0,,0,pacote_revisoes
C02056,Transit,2017,108585,PF,Sudeste,8.6,0,5,2,970.07,9.0,1,0,1,Ligacao,1,desconto_pecas
C05927,Maverick,2025,10066,PF,Nordeste,22.8,1,1,15,739.87,6.0,0,0,0,WhatsApp,0,pacote_revisoes
C09898,Territory,2018,146317,PF,Sudeste,14.8,0,10,3,655.71,7.0,0,0,0,App FordPass,0,desconto_pecas
C00050,Ka,2014,214161,PF,Sudeste,13.4,0,12,26,470.86,,0,0,0,App FordPass,1,desconto_pecas
C05514,Ka,2014,232592,PF,Sudeste,10.4,0,14,9,1085.08,,0,0,0,WhatsApp,1,desconto_pecas
C09750,Transit,2019,132613,PF,Sudeste,8.8,0,7,27,947.6,7.0,0,0,1,E-mail,1,checkup_gratuito
C07172,Bronco Sport,2018,69784,PF,Sudeste,3.7,0,7,35,1027.46,9.0,0,0,0,E-mail,1,plano_frota
C04374,Territory,2019,88548,PF,Sudeste,6.7,0,4,60,637.52,8.0,1,0,0,E-mail,1,revisao_preco_fixo
C02935,Ranger,2026,3052,PF,Sudeste,12.2,1,0,5,1250.89,6.0,0,0,0,App FordPass,0,pacote_revisoes
C05124,Ranger,2019,49280,PF,Sul,8.7,0,4,10,1344.52,7.0,1,0,0,App FordPass,0,revisao_preco_fixo
C06842,Bronco Sport,2018,167660,PF,SUDESTE,8.4,0,12,4,714.32,7.0,0,0,0,E-mail,0,desconto_pecas
C07465,Ka,2019,79901,PF,Sul,3.7,0,6,16,1092.56,9.0,0,0,0,WhatsApp,1,revisao_preco_fixo
C00958,Ranger,2016,149068,PF,Sul,7.1,0,7,60,1339.53,8.0,1,0,1,WhatsApp,1,revisao_preco_fixo
C08439,Ka,2017,129818,PF,Sudeste,4.3,0,9,0,609.01,4.0,0,0,0,Ligacao,1,checkup_gratuito
C03187,Maverick,2025,11710,PF,Sudeste,6.1,1,1,13,853.48,5.0,1,0,1,App FordPass,0,pacote_revisoes
C03215,Bronco Sport,2031,281349,PF,Sudeste,2.1,0,3,30,,5.0,1,1,0,E-mail,1,desconto_pecas
C02576,Territory,2017,119853,PF,Sudeste,10.7,0,7,12,1715.05,8.0,0,0,0,WhatsApp,1,desconto_pecas
C09502,Territory,2019,77290,PF,sul,11.3,0,0,16,870.24,6.0,0,0,0,WhatsApp,1,revisao_preco_fixo
C02425,Bronco Sport,2024,16679,PF,Sudeste,4.6,1,2,16,1005.56,7.0,0,0,0,WhatsApp,0,pacote_revisoes
C02449,Territory,2017,128477,PF,Sul,8.8,0,5,1,652.75,9.0,0,0,0,E-mail,1,desconto_pecas
C09534,Mustang,2015,174684,PF,Norte,86.2,0,5,29,1774.2,7.0,0,0,0,WhatsApp,1,desconto_pecas
C08205,Ranger,2026,3561,PF,Sudeste,4.5,1,0,9,982.25,,1,0,1,WhatsApp,0,plano_frota
C02210,Transit,2022,194223,PJ_Frota,Nordeste,4.5,0,16,9,892.11,8.0,1,0,0,E-mail,0,plano_frota
C03327,Maverick,2018,227811,PF,Sudeste,9.8,0,16,25,1084.17,9.0,0,0,0,Ligacao,0,desconto_pecas
C01135,EcoSport,2020,61764,PF,Norte,19.7,0,4,36,752.93,4.0,1,1,0,WhatsApp,0,checkup_gratuito
C04242,Ranger,2014,127953,PF,Centro-Oeste,40.2,0,6,37,1626.23,,0,0,0,E-mail,1,revisao_preco_fixo
C03203,Territory,2014,178672,PF,Sudeste,14.3,0,11,18,874.45,7.0,1,0,0,WhatsApp,1,desconto_pecas
C00317,Territory,2020,112046,PF,Sul,33.9,0,7,35,968.9,,0,0,2,WhatsApp,1,revisao_preco_fixo
C01520,EcoSport,2015,96892,PF,Sudeste,7.8,0,7,19,744.71,9.0,0,0,0,E-mail,0,desconto_pecas
C06811,EcoSport,2014,167781,PF,Norte,23.6,0,12,4,1283.65,6.0,0,0,0,Ligacao,1,desconto_pecas
C06616,Ranger,2025,12916,PF,Nordeste,5.8,1,1,1,1004.91,8.0,0,0,0,WhatsApp,0,pacote_revisoes
C01799,Territory,2017,92187,PF,Sudeste,4.5,0,8,5,1136.92,6.0,0,0,2,WhatsApp,1,desconto_pecas
C01857,EcoSport,2015,147161,PF,Sul,6.9,0,4,9,527.91,,0,0,0,WhatsApp,1,desconto_pecas
C06445,Ka,2019,105848,PF,Nordeste,10.7,0,5,2,733.18,6.0,0,0,0,E-mail,0,desconto_pecas
C08474,EcoSport,2018,116416,PF,Nordeste,23.6,0,2,33,901.36,7.0,0,0,0,App FordPass,1,checkup_gratuito
C09880,EcoSport,2020,47204,PF,Sudeste,9.7,0,2,15,939.59,7.0,0,0,0,WhatsApp,1,revisao_preco_fixo
C09791,Ka,2016,300509,PF,Nordeste,15.6,0,8,12,447.64,8.0,0,0,0,WhatsApp,1,desconto_pecas
C04001,EcoSport,2017,130525,PF,Nordeste ,11.2,0,5,0,1139.77,,0,0,0,Ligacao,1,desconto_pecas
C07058,Territory,2015,111495,PF,Sudeste,7.7,0,3,19,1433.9,6.0,0,0,1,WhatsApp,1,desconto_pecas
C03685,Ka,2017,97819,PF,SUDESTE,8.2,0,5,27,530.32,9.0,1,0,0,,0,pacote_revisoes
C02643,Maverick,2024,40970,PF,Sudeste,5.7,1,2,23,,9.0,1,0,0,WhatsApp,0,pacote_revisoes
C05583,Bronco Sport,2014,193410,PF,Sudeste,17.4,0,10,60,1641.05,2.0,0,0,2,Ligacao,1,desconto_pecas
C05660,Ranger,2020,199947,PJ_Frota,Norte,54.7,0,4,43,1367.12,5.0,1,0,0,App FordPass,0,desconto_pecas
C07027,EcoSport,2017,82633,PF,Sudeste,3.7,0,6,40,660.38,8.0,1,0,1,App FordPass,1,desconto_pecas
C03746,EcoSport,2019,58615,PF,Centro-Oeste,68.4,0,0,7,788.79,8.0,0,1,0,App FordPass,1,revisao_preco_fixo
C08021,EcoSport,2018,51601,PF,Centro-Oeste,33.5,0,4,31,645.14,7.0,0,0,0,App FordPass,1,revisao_preco_fixo
C04787,Bronco Sport,2018,100324,PF,Centro-Oeste,21.6,0,5,16,1125.43,,0,0,0,WhatsApp,1,pacote_revisoes
C01998,Maverick,2018,86297,PF,Centro-Oeste,37.3,0,0,60,1386.86,4.0,0,0,1,Ligacao,1,checkup_gratuito
C03634,Territory,2018,114498,PF,Nordeste,17.3,0,3,25,765.61,5.0,0,0,1,WhatsApp,0,revisao_preco_fixo
C04300,Ranger,2014,176148,PF,Norte,71.8,0,6,5,1905.47,6.0,0,1,0,App FordPass,1,desconto_pecas
C07029,Mustang,2019,93127,PF,Centro-Oeste,15.6,0,7,39,1232.44,7.0,0,0,0,E-mail,1,revisao_preco_fixo
C01149,Mustang,2018,160163,PJ_Frota,Nordeste,14.1,0,8,8,2252.41,6.0,1,0,0,Ligacao,1,plano_frota
C04096,Territory,2020,83052,PF,Nordeste,12.8,0,6,32,799.29,5.0,0,0,1,Ligacao,1,revisao_preco_fixo
C00765,Ka,2018,77063,PF,Sudeste,5.3,0,2,37,428.81,9.0,0,0,0,WhatsApp,1,checkup_gratuito
C02185,Ka,2020,91271,PJ_Frota,Sudeste,16.1,0,6,9,406.06,5.0,1,0,1,App FordPass,0,plano_frota
C01838,Bronco Sport,2024,37149,PF,Nordeste,10.7,1,1,21,1130.73,,0,0,0,E-mail,1,pacote_revisoes
C02767,Territory,2022,100714,PF,Sudeste,3.9,0,5,1,572.77,7.0,1,0,0,WhatsApp,0,revisao_preco_fixo
C08513,Transit,2015,356474,PJ_Frota,Sudeste,29.6,0,16,23,1294.51,8.0,0,0,0,WhatsApp,1,desconto_pecas
C08290,Bronco Sport,2023,79529,PJ_Frota,Sul,10.1,1,2,2,971.66,8.0,1,0,0,Ligacao,0,plano_frota
C07106,Territory,2024,38522,PF,Centro-Oeste,19.5,1,3,0,899.28,10.0,1,0,0,App FordPass,0,pacote_revisoes
C06883,Maverick,2026,4055,PF,SUDESTE,6.6,1,0,5,1293.34,6.0,0,0,0,Ligacao,0,pacote_revisoes
C06793,Territory,2025,12819,PF,Sul,12.6,1,1,0,743.88,,1,0,0,WhatsApp,0,pacote_revisoes
C09763,EcoSport,2021,46544,PF,Centro-Oeste,34.2,0,3,6,701.71,10.0,1,0,0,Ligacao,0,revisao_preco_fixo
C02394,Territory,2024,35305,PF,Sudeste,5.6,1,0,13,1221.86,5.0,0,0,0,WhatsApp,0,pacote_revisoes
C02124,Ranger,2018,203240,PF,Norte,43.8,0,8,3,1224.89,9.0,0,0,0,WhatsApp,0,desconto_pecas
C05973,Transit,2026,19818,PJ_Frota,sul,12.3,1,1,9,665.47,8.0,1,0,0,WhatsApp,0,plano_frota
C07665,Ranger,2017,76195,PF,Sudeste,,0,4,19,748.64,9.0,1,0,0,E-mail,1,checkup_gratuito
C05938,Territory,2017,64056,PF,Nordeste ,27.9,0,6,60,754.81,9.0,1,0,0,App FordPass,1,revisao_preco_fixo
C04321,Ranger,2025,7335,PF,Nordeste,10.4,1,1,1,719.64,4.0,1,0,0,App FordPass,0,pacote_revisoes
C00806,Territory,2018,67565,PF,Sudeste,4.8,0,7,10,,8.0,0,0,0,WhatsApp,0,desconto_pecas
C09929,Ranger,2023,38641,PF,Norte,57.8,1,3,9,880.92,8.0,1,0,0,App FordPass,0,pacote_revisoes
C01911,Ka,2014,89812,PF,Centro-Oeste,38.1,0,6,20,673.92,6.0,0,0,0,App FordPass,1,checkup_gratuito
C09887,Bronco Sport,2023,67529,PF,Nordeste,17.6,1,5,6,1354.59,7.0,0,0,1,WhatsApp,0,pacote_revisoes
C06972,EcoSport,2019,97151,PF,Centro-Oeste,8.3,0,5,60,714.42,6.0,0,0,0,Ligacao,1,checkup_gratuito
C06315,Ranger,2020,95031,PF,Norte,50.2,0,0,36,935.86,8.0,1,0,1,App FordPass,1,checkup_gratuito
C05741,Territory,2023,34367,PF,Sul,9.2,1,1,0,633.95,,0,0,1,WhatsApp,0,pacote_revisoes
C00883,Ranger,2020,301247,PJ_Frota,Centro-Oeste,21.6,0,6,9,974.33,5.0,0,0,1,Ligacao,1,plano_frota
C06405,Bronco Sport,2019,73609,PF,Sudeste,7.1,0,5,18,838.01,7.0,1,0,0,App FordPass,0,revisao_preco_fixo
C02924,Ka,2017,66024,PF,Norte,116.2,0,0,17,783.2,7.0,0,0,0,E-mail,1,revisao_preco_fixo
C09357,Territory,2014,175880,PF,SUDESTE,9.7,0,14,15,1486.86,7.0,0,0,0,WhatsApp,1,revisao_preco_fixo
C00171,Ranger,2014,59992,PF,Sudeste,2.5,0,10,60,1051.37,9.0,0,0,1,Ligacao,1,checkup_gratuito
C08806,Ka,2014,207954,PF,Centro-Oeste,30.2,0,14,60,523.73,7.0,0,0,0,App FordPass,1,desconto_pecas
C05111,Territory,2025,5921,PF,Sudeste,8.3,1,1,13,885.95,10.0,1,0,0,E-mail,0,pacote_revisoes
C04924,Ranger,2020,111428,PF,Sudeste,10.6,0,4,18,1144.97,,1,1,1,WhatsApp,0,revisao_preco_fixo
C08658,Territory,2018,110977,PF,Sudeste,5.5,0,8,22,1220.69,7.0,0,0,0,App FordPass,1,desconto_pecas
C08907,Maverick,2017,220996,PF,Sudeste,8.1,0,14,10,904.33,7.0,1,0,0,App FordPass,1,desconto_pecas
C07045,Transit,2016,130498,PJ_Frota,Norte,42.8,0,4,8,1435.49,6.0,0,0,0,Ligacao,1,plano_frota
C07723,Ranger,2019,324654,PJ_Frota,Sudeste,33.4,0,15,52,1103.19,9.0,1,0,0,WhatsApp,1,plano_frota
C09521,Territory,2023,32113,PF,Norte,69.7,1,0,3,972.11,5.0,0,0,1,App FordPass,0,pacote_revisoes
C03640,EcoSport,2019,245537,PJ_Frota,Sudeste,5.3,0,4,60,639.05,7.0,0,0,1,App FordPass,1,checkup_gratuito
C02211,Ranger,2019,78081,PF,Sudeste,5.7,0,6,60,1050.23,6.0,1,0,0,App FordPass,1,checkup_gratuito
C02309,Mustang,2019,76198,PF,Sudeste,6.4,0,5,30,2274.91,6.0,0,0,1,WhatsApp,1,revisao_preco_fixo
C01879,Territory,2015,67419,PF,Nordeste,9.5,0,2,3,967.59,7.0,0,0,0,Ligacao,1,checkup_gratuito
C00083,Ka,2017,194661,PF,Norte,23.7,0,0,60,497.5,6.0,0,0,0,App FordPass,1,desconto_pecas
C09281,Transit,2020,351702,PJ_Frota,Sul,14.9,0,27,13,1704.54,8.0,0,0,1,App FordPass,0,plano_frota
C08040,Ka,2021,40898,PF,Sudeste,16.7,0,0,19,635.11,,1,0,0,App FordPass,0,revisao_preco_fixo
C02054,EcoSport,2014,196655,PF,Norte,25.0,0,2,60,1193.15,8.0,1,1,0,WhatsApp,1,checkup_gratuito
C00028,Ka,2020,84002,PF,Centro-Oeste,31.7,0,4,2,801.44,9.0,1,0,0,E-mail,0,pacote_revisoes
C05522,Ranger,2026,4502,PF,SUDESTE,8.9,1,0,12,683.38,4.0,1,1,1,App FordPass,0,pacote_revisoes
C00269,Ka,2015,258698,PF,Sudeste,13.5,0,12,1,580.96,7.0,0,0,0,App FordPass,0,desconto_pecas
C06166,Territory,2018,51741,PF,Nordeste,13.3,0,5,31,847.95,10.0,1,0,0,WhatsApp,0,desconto_pecas
C03883,Ranger,2023,55797,PF,Sudeste,5.8,1,4,11,1517.84,,0,0,0,App FordPass,0,pacote_revisoes
C00812,Transit,2017,453441,PJ_Frota,Sudeste,10.6,0,20,60,1148.21,4.0,0,0,2,WhatsApp,1,checkup_gratuito
C02558,Ranger,2026,2938,PF,Nordeste,50.6,1,0,5,1173.83,8.0,1,1,0,App FordPass,0,checkup_gratuito
C02896,Transit,2024,60851,PJ_Frota,Sudeste,7.3,1,2,5,793.31,6.0,0,0,1,App FordPass,0,plano_frota
C06673,Ranger,2026,4988,PF,Sudeste,4.9,1,0,2,1366.66,,1,0,1,E-mail,0,pacote_revisoes
C00463,EcoSport,2016,174444,PF,Nordeste,7.8,0,6,2,1363.04,8.0,0,0,0,E-mail,0,desconto_pecas
C04116,Territory,2019,50352,PF,Centro-Oeste,43.0,0,0,42,801.47,3.0,1,0,0,App FordPass,1,checkup_gratuito
C09663,Maverick,2016,117895,PF,Sul,45.0,0,5,60,694.07,5.0,0,0,0,E-mail,1,checkup_gratuito
C04559,Bronco Sport,2024,12882,PF,Sudeste,9.6,1,1,0,733.49,7.0,1,0,0,WhatsApp,0,pacote_revisoes
C04344,Bronco Sport,2023,36734,PF,Sudeste,4.9,1,3,2,1819.42,6.0,1,0,0,App FordPass,0,pacote_revisoes
C03734,Ka,2016,228340,PF,Centro-Oeste,13.5,0,16,14,1024.89,9.0,0,1,0,Ligacao,0,desconto_pecas
C07945,EcoSport,2014,134001,PF,Centro-Oeste,22.6,0,6,6,771.41,,0,0,0,Ligacao,0,desconto_pecas
C06152,EcoSport,2015,131404,PF,Sudeste,5.4,0,4,60,827.86,6.0,0,0,0,App FordPass,1,checkup_gratuito
C05266,EcoSport,2014,130180,PF,Sudeste,7.6,0,4,60,587.96,5.0,0,0,2,App FordPass,1,checkup_gratuito
C02013,Ranger,2024,78826,PJ_Frota,Sudeste,,1,5,1,667.85,8.0,1,0,1,WhatsApp,0,plano_frota
C03003,Bronco Sport,2024,24898,PF,sul,12.9,1,2,3,729.94,6.0,1,0,0,App FordPass,0,pacote_revisoes
C05883,Transit,2025,17834,PF,Centro-Oeste,19.9,1,1,1,680.66,9.0,1,0,0,E-mail,0,revisao_preco_fixo
C07998,EcoSport,2018,172242,PF,Centro-Oeste,,0,3,49,683.32,7.0,0,0,0,WhatsApp,1,desconto_pecas
C08682,Bronco Sport,2015,111542,PF,Sudeste,6.7,0,4,57,1441.61,2.0,0,0,0,Ligacao,1,checkup_gratuito
C08135,Ranger,2021,51100,PF,Sudeste,3.9,0,1,5,1416.67,8.0,1,0,2,App FordPass,0,revisao_preco_fixo
C09312,EcoSport,2018,61286,PF,Nordeste,17.5,0,7,17,698.44,,0,0,1,WhatsApp,0,revisao_preco_fixo
C00380,Ranger,2017,167379,PF,Nordeste,7.7,0,9,60,589.86,5.0,0,0,1,App FordPass,1,checkup_gratuito
C03249,Ranger,2023,31282,PF,Sudeste,10.7,1,2,12,,4.0,0,0,0,,0,pacote_revisoes
C06930,EcoSport,2017,236322,PF,Centro-Oeste,32.1,0,5,6,966.07,8.0,0,0,0,E-mail,0,desconto_pecas
C02046,Ranger,2019,112422,PF,Nordeste,14.7,0,5,7,1761.71,,1,0,1,App FordPass,1,revisao_preco_fixo
C01052,EcoSport,2016,217411,PF,Centro-Oeste,43.8,0,10,21,489.19,8.0,0,0,1,E-mail,1,desconto_pecas
C08886,Ka,2016,182990,PF,Sul,28.8,0,15,6,727.52,7.0,0,1,0,WhatsApp,0,desconto_pecas
C03946,EcoSport,2014,152221,PF,Centro-Oeste,24.5,0,14,25,1030.63,9.0,0,0,1,WhatsApp,0,desconto_pecas
C06434,Territory,2022,34533,PF,Sudeste,6.5,0,3,3,1271.05,7.0,0,0,0,WhatsApp,0,revisao_preco_fixo
C08388,Ranger,2024,41251,PF,Centro Oeste,,1,1,8,1023.86,6.0,0,0,2,Ligacao,1,pacote_revisoes
C08655,EcoSport,2020,125252,PJ_Frota,Nordeste,28.6,0,5,24,866.48,9.0,1,0,0,,1,revisao_preco_fixo
C06046,Ranger,2023,92309,PJ_Frota,Sul,7.9,1,7,2,,7.0,0,0,0,Ligacao,0,plano_frota
C05784,EcoSport,2021,80916,PF,Sul,39.5,0,3,5,411.61,10.0,1,0,1,App FordPass,0,revisao_preco_fixo
C04800,Ranger,2023,44396,PF,Sudeste,4.4,1,3,0,968.94,6.0,1,0,0,WhatsApp,0,pacote_revisoes
C03836,Territory,2021,36558,PF,Centro-Oeste,15.5,0,1,9,899.56,7.0,0,1,0,WhatsApp,0,checkup_gratuito
C01672,Bronco Sport,2023,33286,PF,Sul,26.0,1,2,32,1119.77,,1,0,0,WhatsApp,0,pacote_revisoes
C07565,Mustang,2014,130847,PF,Sudeste,35.5,0,3,2,1427.13,7.0,0,0,0,Ligacao,0,revisao_preco_fixo
C02283,Bronco Sport,2015,169699,PF,Sudeste,13.6,0,5,20,997.12,9.0,0,0,0,Ligacao,1,revisao_preco_fixo
C01527,Ranger,2014,214095,PF,Nordeste,25.0,0,6,9,2132.63,6.0,0,0,0,E-mail,1,desconto_pecas
C09130,Ka,2016,124908,PF,Sudeste,7.4,0,10,8,379.19,8.0,0,1,0,WhatsApp,0,desconto_pecas
C04414,EcoSport,2021,85820,PF,Sudeste,15.6,0,3,21,986.7,7.0,0,0,0,WhatsApp,1,revisao_preco_fixo
C04768,EcoSport,2017,175381,PF,Sudeste,,0,4,12,624.21,10.0,0,0,0,App FordPass,0,desconto_pecas
C07108,EcoSport,2015,162537,PF,Sudeste,16.7,0,10,60,706.89,7.0,0,0,0,App FordPass,1,checkup_gratuito
C05380,EcoSport,2019,52132,PF,Sudeste,2.9,0,2,37,1213.7,5.0,1,0,2,E-mail,1,revisao_preco_fixo
C06909,Ranger,2016,134933,PF,Nordeste,9.6,0,6,60,1327.52,3.0,0,0,0,WhatsApp,1,checkup_gratuito
C07883,Bronco Sport,2019,95882,PF,Sudeste,5.1,0,5,28,818.45,7.0,0,0,0,App FordPass,1,revisao_preco_fixo
C00623,Ranger,2023,64846,PF,Sul,7.6,1,6,3,1562.06,9.0,0,0,0,E-mail,0,pacote_revisoes
C09422,Territory,2014,124285,PF,Norte,18.2,0,3,17,1405.68,6.0,0,0,0,E-mail,1,desconto_pecas
C08856,Mustang,2025,8943,PF,Sul,12.1,1,1,0,1543.83,8.0,1,0,1,WhatsApp,0,pacote_revisoes
C03351,Ka,2015,87917,PF,Centro-Oeste,13.8,0,3,1,,6.0,0,0,0,Ligacao,1,desconto_pecas
C01507,Ranger,2020,54826,PF,Sudeste,8.3,0,6,22,930.78,6.0,0,0,1,WhatsApp,0,revisao_preco_fixo
C06950,Territory,2025,19320,PF,Centro-Oeste,27.0,1,1,2,1107.52,9.0,0,1,0,E-mail,0,pacote_revisoes
C09805,Maverick,2015,157253,PF,Nordeste ,10.3,0,6,42,1006.94,6.0,0,0,0,WhatsApp,1,desconto_pecas
C03016,Transit,2014,372965,PJ_Frota,Nordeste,37.5,0,11,6,1726.19,,0,0,0,WhatsApp,1,desconto_pecas
C03830,Ranger,2021,92247,PJ_Frota,Sudeste,5.9,0,4,4,1115.48,8.0,1,0,0,WhatsApp,0,plano_frota
C05235,Territory,2018,144509,PF,Norte,9.1,0,8,0,805.59,7.0,0,0,0,E-mail,0,pacote_revisoes
C00799,Bronco Sport,2021,63961,PF,Centro-Oeste,39.6,0,0,17,1221.32,5.0,0,0,1,WhatsApp,1,pacote_revisoes
C01716,EcoSport,2017,168478,PF,Sudeste,7.3,0,12,10,961.81,9.0,0,1,0,App FordPass,0,desconto_pecas
C08422,Territory,2015,199241,PF,Nordeste,19.7,0,15,27,1192.84,9.0,0,0,0,E-mail,0,desconto_pecas
C08550,Territory,2022,39389,PF,Nordeste,9.4,0,1,7,1249.73,4.0,1,0,0,WhatsApp,1,revisao_preco_fixo
C05676,Ka,2014,149871,PF,Centro-Oeste,35.5,0,6,36,815.02,10.0,0,0,0,WhatsApp,1,checkup_gratuito
C00788,Maverick,2023,49740,PF,Sudeste,8.7,1,4,8,733.04,7.0,0,0,0,WhatsApp,0,pacote_revisoes
C08197,EcoSport,2017,75752,PF,Sudeste,,0,7,6,28606.75,,0,0,0,WhatsApp,0,desconto_pecas
C00328,Territory,2022,130158,PF,Sudeste,1.4,0,5,2,861.84,,0,0,0,E-mail,0,desconto_pecas
C00976,Ranger,2023,54372,PJ_Frota,Sul,9.0,1,3,4,891.94,6.0,0,0,0,App FordPass,0,plano_frota
C00091,Territory,2026,3480,PF,Sudeste,5.7,1,0,2,17179.25,6.0,1,0,0,E-mail,0,pacote_revisoes
C03223,Territory,2023,42485,PF,Sudeste,9.3,1,3,8,962.56,5.0,0,0,1,WhatsApp,0,pacote_revisoes
C04418,Ka,2014,143269,PF,Sudeste,7.4,0,8,60,586.2,,0,0,1,Ligacao,1,checkup_gratuito
C04117,Maverick,2020,58515,PF,Sudeste,4.8,0,3,18,706.01,,1,0,0,App FordPass,0,revisao_preco_fixo
C03807,Territory,2020,68266,PF,Sudeste,3.6,0,2,7,1143.19,8.0,0,0,2,E-mail,0,pacote_revisoes
C01287,EcoSport,2017,82782,PF,Norte,19.5,0,6,6,1495.49,9.0,0,0,2,WhatsApp,0,desconto_pecas
C07000,Bronco Sport,2025,15849,PF,sul,8.8,1,0,0,893.98,6.0,1,0,0,WhatsApp,0,pacote_revisoes
C08163,EcoSport,2014,238667,PF,Nordeste,12.4,0,14,47,760.24,8.0,0,0,1,WhatsApp,1,desconto_pecas
C06217,Territory,2020,53498,PF,Sudeste,,0,4,3,1330.07,5.0,0,0,0,E-mail,1,revisao_preco_fixo
C09185,Transit,2021,198390,PJ_Frota,Nordeste,41.6,0,8,45,1448.94,,1,0,0,App FordPass,1,plano_frota
C01832,Ranger,2014,111404,PF,Sul,9.9,0,3,56,1455.86,8.0,0,0,1,E-mail,1,checkup_gratuito
C08314,EcoSport,2021,65464,PF,Sudeste,12.6,0,1,26,573.6,,1,0,0,App FordPass,1,revisao_preco_fixo
C09200,Ka,2016,104953,PF,Nordeste,5.8,0,7,5,595.77,8.0,0,1,0,WhatsApp,0,checkup_gratuito
C00391,Ka,2016,134646,PF,Norte,39.5,0,6,0,564.81,5.0,0,0,0,WhatsApp,0,desconto_pecas
C08960,EcoSport,2015,46389,PF,Sudeste,4.7,0,5,60,1379.0,3.0,0,0,0,App FordPass,1,checkup_gratuito
C00494,Maverick,2020,152819,PF,Norte,62.1,0,8,33,1593.56,8.0,1,0,0,WhatsApp,1,revisao_preco_fixo
C05387,Ka,2021,25828,PF,Sudeste,4.1,0,2,4,512.87,4.0,0,0,0,E-mail,1,pacote_revisoes
C06037,EcoSport,2015,186426,PF,Sudeste,5.9,0,7,60,530.37,8.0,0,0,0,App FordPass,1,desconto_pecas
C05705,Ranger,2021,50465,PF,Sudeste,6.8,0,1,7,810.56,7.0,1,0,0,App FordPass,0,desconto_pecas
C06074,Maverick,2016,86275,PF,Nordeste,21.0,0,1,5,1070.42,6.0,1,0,0,WhatsApp,0,pacote_revisoes
C04466,Ka,2019,321026,PJ_Frota,Sudeste,4.8,0,11,41,746.54,,0,0,0,E-mail,0,desconto_pecas
C03191,Ka,2020,69527,PF,Norte,22.1,0,1,4,422.71,7.0,1,0,0,App FordPass,1,revisao_preco_fixo
C06705,Ranger,2014,141234,PF,Sudeste,23.4,0,7,16,1314.18,7.0,0,0,0,Ligacao,1,desconto_pecas
C04867,EcoSport,2020,-147967,PF,Sudeste,11.5,0,6,10,,,0,0,1,App FordPass,0,desconto_pecas
C02639,Ka,2020,59694,PF,Sul,8.3,0,1,2,1091.28,10.0,1,0,0,App FordPass,0,revisao_preco_fixo
C07817,Territory,2020,267864,PJ_Frota,Sudeste,5.1,0,16,2,1074.57,,0,0,0,WhatsApp,0,desconto_pecas
C05496,Transit,2014,230180,PJ_Frota,Nordeste,33.0,0,18,45,1175.29,7.0,0,0,1,Ligacao,1,desconto_pecas
C05799,Ranger,2015,86955,PF,Norte,19.4,0,3,51,1678.54,8.0,0,0,0,WhatsApp,1,revisao_preco_fixo
C08394,Ka,2019,137001,PF,Sudeste,10.0,0,4,20,431.7,10.0,1,0,0,App FordPass,1,desconto_pecas
C09229,Ranger,2017,97606,PF,Sudeste,5.6,0,6,11,1143.27,5.0,0,0,0,E-mail,1,revisao_preco_fixo
C04401,Bronco Sport,2023,68417,PJ_Frota,Sudeste,6.1,1,6,2,752.63,6.0,0,0,0,App FordPass,0,plano_frota
C08078,Transit,2014,193576,PF,Sudeste,3.7,0,13,19,1709.92,,0,0,0,Ligacao,0,checkup_gratuito
C08335,Territory,2017,100246,PF,Sul,15.1,0,8,27,984.33,9.0,0,0,0,Ligacao,1,revisao_preco_fixo
C09556,Ranger,2021,92535,PF,Sudeste,24.6,0,2,55,1511.85,7.0,1,0,0,App FordPass,0,checkup_gratuito
C06384,Ka,2018,144519,PF,Sul,5.5,0,0,48,762.33,5.0,0,0,0,WhatsApp,1,checkup_gratuito
C04053,Ranger,2016,629613,PJ_Frota,Centro-Oeste,25.8,0,32,54,1308.0,8.0,0,0,1,App FordPass,1,desconto_pecas
C06001,Ka,2020,74699,PF,Sudeste,6.8,0,3,20,409.06,7.0,0,0,1,WhatsApp,1,desconto_pecas
C03387,Transit,2016,318640,PJ_Frota,Centro-Oeste,14.3,0,19,34,726.76,7.0,0,0,0,Ligacao,1,desconto_pecas
C03514,Mustang,2017,114073,PF,Sudeste,18.3,0,10,34,1521.64,5.0,0,0,0,WhatsApp,0,checkup_gratuito
C05982,Maverick,2017,141583,PF,Nordeste,10.0,0,12,60,677.85,10.0,0,0,0,App FordPass,1,checkup_gratuito
C02280,Ranger,2026,3433,PF,Sudeste,10.4,1,0,6,622.47,8.0,1,0,0,Ligacao,0,pacote_revisoes
C07709,Territory,2023,43709,PF,Nordeste ,12.6,1,0,2,1233.24,6.0,1,0,0,App FordPass,0,pacote_revisoes
C04477,EcoSport,2017,89710,PF,Centro-Oeste,25.2,0,2,37,631.44,7.0,0,0,0,WhatsApp,1,desconto_pecas
C00444,EcoSport,2017,105411,PF,Sul,28.8,0,4,39,900.82,,0,0,1,WhatsApp,1,revisao_preco_fixo
C09221,EcoSport,2015,151203,PF,Sudeste,7.1,0,2,20,1436.64,5.0,0,0,1,WhatsApp,1,desconto_pecas
C08495,Ranger,2019,65528,PF,Nordeste,14.6,0,2,1,1506.66,3.0,0,0,1,WhatsApp,0,revisao_preco_fixo
C01853,Bronco Sport,2024,24966,PF,Centro-Oeste,11.6,1,1,7,1054.01,4.0,1,0,0,App FordPass,0,pacote_revisoes
C03476,Maverick,2022,57581,PF,Sul,3.5,0,2,23,741.3,6.0,0,0,0,E-mail,0,revisao_preco_fixo
C06343,Ranger,2014,293288,PF,Sudeste,13.5,0,12,51,1028.94,3.0,0,0,0,App FordPass,1,checkup_gratuito
C08701,Ranger,2023,36983,PF,Nordeste,5.6,1,0,15,746.69,5.0,1,0,2,App FordPass,1,pacote_revisoes
C03750,Ka,2017,100609,PF,Nordeste,30.9,0,1,60,792.73,7.0,0,0,0,WhatsApp,1,checkup_gratuito
C02937,Ka,2014,146696,PF,Sudeste,5.3,0,9,36,625.41,9.0,1,0,1,App FordPass,1,revisao_preco_fixo
C04082,Bronco Sport,2026,4064,PF,Sudeste,8.5,1,0,2,1393.31,6.0,0,0,0,WhatsApp,0,pacote_revisoes
C07128,Maverick,2019,139430,PF,Sudeste,11.4,0,5,2,1397.61,8.0,1,0,0,WhatsApp,1,desconto_pecas
C08278,Transit,2023,28971,PF,SUDESTE,8.2,1,1,2,646.3,6.0,0,0,0,Ligacao,0,pacote_revisoes
C04764,Ranger,2018,69089,PF,SUDESTE,4.6,0,4,60,1247.54,8.0,0,0,1,E-mail,1,checkup_gratuito
C00011,Transit,2019,93646,PF,Sul,15.2,0,7,6,1036.95,6.0,0,0,0,App FordPass,0,revisao_preco_fixo
C06978,Maverick,2016,192968,PF,Norte,10.6,0,4,60,1279.0,5.0,1,0,0,App FordPass,1,checkup_gratuito
C01607,EcoSport,2015,124417,PF,Sudeste,8.0,0,10,45,826.07,7.0,0,1,1,App FordPass,1,checkup_gratuito
C03754,Ranger,2019,117428,PF,Sudeste,8.3,0,8,19,1133.32,6.0,0,0,0,,0,revisao_preco_fixo
C07341,EcoSport,2020,105029,PF,Sudeste,8.1,0,2,15,807.15,9.0,0,1,0,WhatsApp,1,revisao_preco_fixo
C08338,Ranger,2025,31855,PJ_Frota,Centro Oeste,16.5,1,3,0,715.07,8.0,1,0,0,App FordPass,0,plano_frota
C08559,Maverick,2022,66344,PF,Nordeste,25.4,0,4,1,1182.18,,1,1,0,App FordPass,0,revisao_preco_fixo
C04180,Bronco Sport,2018,115503,PF,Sul,14.6,0,0,36,1080.82,,0,0,0,WhatsApp,1,checkup_gratuito
C04553,Territory,2020,80348,PF,Centro Oeste,16.2,0,5,5,,5.0,0,0,0,Ligacao,1,pacote_revisoes
C03904,Ranger,2016,88999,PF,Sudeste,4.2,0,3,7,860.99,,0,0,0,WhatsApp,1,desconto_pecas
C00041,Maverick,2022,64470,PF,Sul,12.6,0,4,24,788.13,,0,0,0,WhatsApp,1,revisao_preco_fixo
C01990,Ka,2018,240261,PJ_Frota,Norte,,0,1,2,696.69,5.0,0,0,0,E-mail,0,plano_frota
C06004,Ka,2016,80646,PF,Sudeste,9.7,0,6,60,798.27,9.0,0,0,0,App FordPass,1,checkup_gratuito
C08345,Ranger,2014,307308,PJ_Frota,Sudeste,7.1,0,12,37,1312.84,5.0,0,0,0,E-mail,1,desconto_pecas
C00311,Ranger,2021,91252,PF,Sul,10.6,0,8,6,1251.54,5.0,0,0,0,WhatsApp,0,checkup_gratuito
C05855,Maverick,2016,126040,PJ_Frota,Norte,32.5,0,8,8,1468.98,,0,0,1,E-mail,1,plano_frota
C06704,Ranger,2019,105769,PF,Sudeste,9.2,0,4,30,1718.33,10.0,0,0,1,App FordPass,0,desconto_pecas
C04738,Ka,2021,91717,PF,Sudeste,1.9,0,3,18,643.41,6.0,1,0,0,App FordPass,1,pacote_revisoes
C02229,Territory,2025,18622,PF,Nordeste,9.9,1,1,5,1584.87,,0,0,0,WhatsApp,0,revisao_preco_fixo
C04927,Ranger,2019,102963,PF,Centro-Oeste,31.3,0,3,47,1149.34,6.0,0,0,1,E-mail,1,checkup_gratuito
C01160,Ka,2014,322183,PF,Sudeste,34.7,0,19,31,734.16,,0,0,0,WhatsApp,1,desconto_pecas
C09692,Bronco Sport,2017,353808,PJ_Frota,Nordeste,26.5,0,17,28,1249.2,7.0,1,0,0,App FordPass,0,desconto_pecas
C02490,Transit,2023,207695,PJ_Frota,Sudeste,4.7,1,15,5,1068.08,,1,0,0,E-mail,0,plano_frota
C03289,Ranger,2021,83273,PJ_Frota,Norte,,0,1,0,1007.69,8.0,0,0,0,E-mail,1,desconto_pecas
C09140,Ranger,2016,151662,PF,Nordeste,4.0,0,7,6,1048.28,5.0,0,0,0,App FordPass,1,desconto_pecas
C05149,EcoSport,2015,181124,PF,Norte,63.0,0,5,1,461.04,9.0,0,0,1,WhatsApp,0,desconto_pecas
C09684,Ka,2019,60211,PF,Sudeste,15.2,0,5,1,1006.46,7.0,1,0,1,App FordPass,0,revisao_preco_fixo
C05086,Maverick,2014,112593,PF,Sudeste,18.7,0,10,36,1189.04,8.0,0,0,1,App FordPass,1,revisao_preco_fixo
C04506,Ranger,2020,71177,PF,Nordeste,,0,5,40,1476.15,,0,0,0,WhatsApp,1,revisao_preco_fixo
C04718,Ranger,2017,181706,PF,Sudeste,10.6,0,13,10,1340.24,7.0,0,0,0,WhatsApp,0,desconto_pecas
C03186,Bronco Sport,2026,4886,PF,Sudeste,7.7,1,0,2,1410.76,9.0,1,0,1,App FordPass,0,pacote_revisoes
C09478,EcoSport,2016,114068,PF,Sudeste,8.3,0,4,59,580.38,8.0,0,0,0,App FordPass,1,checkup_gratuito
C07970,Territory,2025,16338,PF,Centro-Oeste,18.3,1,1,12,667.05,8.0,0,0,0,E-mail,0,pacote_revisoes
C06809,Maverick,2014,89995,PF,Sudeste,20.4,0,5,59,657.32,7.0,0,0,0,Ligacao,1,checkup_gratuito
C07259,Ka,2016,113605,PF,Nordeste,7.0,0,4,22,485.99,8.0,0,0,0,WhatsApp,0,desconto_pecas
C02756,Maverick,2015,178782,PF,Sudeste,1.8,0,15,60,833.57,10.0,0,0,0,WhatsApp,1,revisao_preco_fixo
C09090,Territory,2020,34782,PF,Centro-Oeste,25.0,0,4,11,890.93,,1,0,0,WhatsApp,0,desconto_pecas
C05043,Ranger,2025,10428,PF,Sul,10.5,1,1,6,912.24,8.0,1,1,0,App FordPass,0,pacote_revisoes
C09707,Transit,2017,122017,PJ_Frota,Centro-Oeste,12.4,0,4,12,1040.9,7.0,1,0,0,App FordPass,1,plano_frota
C08654,EcoSport,2017,121453,PF,Centro-Oeste,24.9,0,4,8,826.72,10.0,0,0,1,WhatsApp,1,desconto_pecas
C07123,Maverick,2014,144122,PF,Norte,17.8,0,14,60,1280.59,6.0,0,1,1,App FordPass,1,checkup_gratuito
C03265,EcoSport,2016,67929,PF,Sul,16.6,0,6,60,1793.45,7.0,0,0,0,WhatsApp,1,checkup_gratuito
C09290,Ranger,2018,117237,PF,Sudeste,12.6,0,3,17,1964.17,7.0,0,0,0,WhatsApp,0,desconto_pecas
C07099,Ka,2021,48599,PF,Norte,63.1,0,2,34,,7.0,0,0,1,E-mail,1,revisao_preco_fixo
C04381,EcoSport,2014,163428,PF,Sudeste,5.8,0,10,60,766.57,8.0,0,0,0,App FordPass,1,desconto_pecas
C00680,Ka,2021,50533,PF,Sul,12.0,0,4,10,690.94,7.0,0,0,3,E-mail,1,revisao_preco_fixo
C08372,EcoSport,2018,57757,PF,norte,54.6,0,8,17,674.05,10.0,0,0,0,WhatsApp,0,pacote_revisoes
C09101,Ranger,2026,6288,PJ_Frota,Sudeste,17.5,1,0,10,729.32,6.0,1,0,0,App FordPass,0,plano_frota
C04668,Maverick,2023,41041,PF,Sudeste,4.9,1,2,0,1041.65,8.0,0,0,0,App FordPass,0,pacote_revisoes
C01561,Territory,2017,130030,PF,Sul,5.0,0,10,60,931.25,6.0,1,0,0,WhatsApp,1,checkup_gratuito
C09166,Territory,2019,65394,PF,Centro-Oeste,52.2,0,1,0,988.54,7.0,1,1,0,App FordPass,0,revisao_preco_fixo
C02372,EcoSport,2021,68632,PF,Sudeste,11.4,0,3,7,717.75,8.0,0,1,1,WhatsApp,0,revisao_preco_fixo
C01947,Transit,2020,148281,PJ_Frota,Sudeste,7.0,0,9,4,966.56,7.0,1,0,0,App FordPass,0,plano_frota
C09830,Maverick,2016,100702,PF,Nordeste ,11.0,0,5,41,1111.17,,0,0,1,WhatsApp,1,desconto_pecas
C01236,EcoSport,2020,87893,PF,Sudeste,12.2,0,7,0,821.89,6.0,1,0,1,WhatsApp,0,revisao_preco_fixo
C00060,Territory,2015,158105,PF,Centro-Oeste,17.7,0,7,60,1128.88,8.0,0,0,0,WhatsApp,1,checkup_gratuito
C04728,Territory,2026,3120,PF,Norte,23.1,1,0,1,964.27,6.0,1,0,1,App FordPass,0,revisao_preco_fixo
C08414,Ka,2019,113979,PF,Sudeste,4.5,0,7,11,704.9,4.0,1,0,0,WhatsApp,0,revisao_preco_fixo
C00820,Ka,2020,40556,PF,norte,119.2,0,1,5,439.66,,0,0,0,Ligacao,1,checkup_gratuito
C05191,Territory,2024,55273,PJ_Frota,Sudeste,5.7,1,4,5,589.44,,0,0,1,Ligacao,1,plano_frota
C00681,EcoSport,2020,56937,PF,Centro-Oeste,32.5,0,2,23,671.08,9.0,1,0,1,App FordPass,1,revisao_preco_fixo
C00729,Ranger,2023,87459,PF,Centro-Oeste,80.5,1,4,3,1274.99,4.0,1,0,1,Ligacao,0,pacote_revisoes
C09934,Maverick,2026,3595,PF,Nordeste,7.4,1,0,1,789.63,6.0,1,0,0,App FordPass,0,pacote_revisoes
C01467,EcoSport,2021,62131,PF,Sudeste,7.1,0,1,9,855.69,9.0,1,0,0,App FordPass,0,revisao_preco_fixo
C06262,Ka,2021,70287,PF,Norte,109.9,0,0,2,593.31,7.0,0,0,0,WhatsApp,1,revisao_preco_fixo
C00954,Transit,2022,171574,PJ_Frota,Norte,116.3,0,9,5,,9.0,1,0,0,App FordPass,0,plano_frota
C09731,Ranger,2014,156662,PF,Sudeste,3.1,0,14,27,1356.7,5.0,0,0,1,WhatsApp,0,checkup_gratuito
C02563,Ranger,2023,74317,PJ_Frota,Norte,22.8,1,4,4,709.97,9.0,0,0,0,E-mail,1,plano_frota
C08480,Ka,2016,114527,PF,Nordeste,20.0,0,7,7,1211.62,4.0,1,0,1,App FordPass,1,desconto_pecas
C06220,Ranger,2016,101145,PF,Sudeste,8.6,0,9,10,1364.79,6.0,1,1,0,App FordPass,0,checkup_gratuito
C07747,Territory,2015,158235,PF,Nordeste,16.9,0,3,28,1937.01,7.0,0,0,0,App FordPass,1,revisao_preco_fixo
C03822,Ranger,2022,88708,PF,SUDESTE,7.5,0,1,14,714.36,6.0,1,0,0,WhatsApp,0,desconto_pecas
C06111,Ranger,2015,154507,PF,Sul,10.0,0,6,51,1033.72,8.0,0,0,2,Ligacao,1,checkup_gratuito
C02387,Ka,2020,119887,PF,Sul,7.2,0,6,19,432.38,9.0,0,0,0,WhatsApp,0,revisao_preco_fixo
C09096,Ranger,2019,213642,PJ_Frota,Sul,11.8,0,9,34,1942.13,8.0,0,0,0,Ligacao,1,plano_frota
C03225,Maverick,2018,84334,PF,Sudeste,5.7,0,5,25,741.32,,0,0,1,E-mail,1,desconto_pecas
C07666,Bronco Sport,2024,33920,PF,Sudeste,10.5,1,3,2,562.67,9.0,0,0,0,E-mail,0,pacote_revisoes
C07854,EcoSport,2015,196936,PF,Nordeste,9.3,0,12,60,776.36,8.0,0,0,0,Ligacao,1,desconto_pecas
C05681,Ranger,2023,135213,PJ_Frota,Sudeste,7.6,1,11,0,643.69,8.0,1,0,1,App FordPass,0,plano_frota
C03676,EcoSport,2018,67862,PF,sul,7.5,0,6,6,850.23,5.0,0,0,2,Ligacao,0,desconto_pecas
C08840,Ka,2017,187133,PF,Nordeste,11.7,0,4,9,738.39,4.0,1,0,1,WhatsApp,0,revisao_preco_fixo
C06940,Bronco Sport,2019,95047,PF,Centro-Oeste,22.5,0,4,0,933.81,9.0,1,0,0,App FordPass,0,pacote_revisoes
C01543,Ka,2014,142564,PF,Centro-Oeste,55.1,0,1,12,828.19,,0,0,0,WhatsApp,1,desconto_pecas
C08341,Territory,2020,76305,PF,Nordeste ,14.9,0,2,11,1028.71,9.0,0,0,0,WhatsApp,0,revisao_preco_fixo
C01089,Ranger,2019,113716,PF,Sul,7.8,0,8,8,2177.02,7.0,0,0,0,Ligacao,0,revisao_preco_fixo
C01756,Ka,2017,267665,PF,Norte,26.2,0,14,60,393.7,8.0,0,0,0,E-mail,1,desconto_pecas
C00531,Bronco Sport,2015,73126,PF,SUDESTE,7.3,0,9,53,1703.78,8.0,0,0,1,Ligacao,1,revisao_preco_fixo
C08133,Maverick,2019,138323,PF,Sudeste,8.1,0,6,15,1197.09,8.0,1,0,0,E-mail,0,desconto_pecas
C08980,Ranger,2024,40656,PF,Sudeste,6.6,1,4,3,1237.03,7.0,0,0,0,WhatsApp,0,pacote_revisoes
C03936,EcoSport,2014,140422,PF,Centro-Oeste,32.4,0,5,20,643.66,9.0,0,0,0,WhatsApp,0,desconto_pecas
C07800,Ka,2014,265372,PF,Sul,16.3,0,5,39,1396.99,6.0,0,0,0,Ligacao,1,desconto_pecas
C06056,Ka,2015,124691,PF,Centro-Oeste,17.8,0,2,31,653.06,8.0,0,0,0,Ligacao,1,desconto_pecas
C09583,Maverick,2023,37554,PF,Sudeste,13.8,1,3,6,,,1,0,1,,0,pacote_revisoes
C04265,Ranger,2015,137436,PF,Nordeste ,12.3,0,10,3,1300.7,8.0,0,0,0,E-mail,0,desconto_pecas
C00872,Transit,2026,7865,PJ_Frota,Centro-Oeste,14.5,1,0,12,998.23,9.0,1,0,0,App FordPass,1,desconto_pecas
C00201,Transit,2022,108024,PJ_Frota,Nordeste,26.2,0,8,12,535.7,7.0,0,0,1,WhatsApp,0,revisao_preco_fixo
C06634,Maverick,2019,78487,PF,Sul,11.0,0,1,6,996.04,7.0,0,0,0,WhatsApp,1,revisao_preco_fixo
C09041,Ka,2017,208612,PF,Sudeste,7.3,0,7,3,525.49,4.0,0,0,0,WhatsApp,1,desconto_pecas
C00654,Maverick,2025,18335,PF,SUDESTE,5.8,1,1,11,799.82,4.0,1,0,0,App FordPass,0,revisao_preco_fixo
C04980,Mustang,2024,17393,PF,Sudeste,10.5,1,2,2,1899.85,7.0,0,0,0,App FordPass,0,pacote_revisoes
C04443,Mustang,2024,38587,PF,Sudeste,16.6,1,3,1,1522.88,9.0,0,0,1,App FordPass,0,pacote_revisoes
C08426,Maverick,2015,208278,PF,Norte,26.2,0,15,22,1126.55,10.0,0,0,0,App FordPass,0,desconto_pecas
C06426,Ka,2015,163430,PF,Sudeste,10.2,0,5,16,983.3,5.0,0,0,0,WhatsApp,1,desconto_pecas
C09498,Transit,2022,70478,PJ_Frota,Sudeste,10.8,0,5,15,1155.11,8.0,0,0,0,Ligacao,0,plano_frota
C08436,Ranger,2025,17950,PF,Sudeste,5.0,1,0,9,455.07,7.0,0,0,1,App FordPass,0,pacote_revisoes
C01183,Ka,2019,103452,PF,Centro-Oeste,10.3,0,7,3,21608.75,8.0,0,0,0,App FordPass,0,revisao_preco_fixo
C01140,EcoSport,2020,56908,PF,Sudeste,11.5,0,2,8,501.65,8.0,0,0,0,App FordPass,1,revisao_preco_fixo
C00564,Territory,2016,133514,PF,Nordeste,10.3,0,8,30,1046.47,6.0,0,0,0,WhatsApp,0,desconto_pecas
C09826,Mustang,2016,156800,PF,Norte,123.2,0,7,20,2088.18,9.0,1,0,0,App FordPass,1,desconto_pecas
C05152,Ranger,2016,170018,PF,Centro-Oeste,34.7,0,6,14,1553.77,9.0,0,0,0,App FordPass,1,desconto_pecas
C08539,EcoSport,2014,311010,PF,Sudeste,4.3,0,12,44,1254.54,6.0,0,0,1,WhatsApp,1,desconto_pecas
C09667,Transit,2015,79492,PF,Sudeste,,0,3,36,734.35,4.0,0,0,0,App FordPass,1,checkup_gratuito
C03907,Mustang,2016,140693,PF,Sul,11.7,0,4,56,1558.41,10.0,0,0,0,WhatsApp,1,desconto_pecas
C06654,Ranger,2024,41426,PF,Sudeste,,1,1,0,892.82,7.0,1,0,0,App FordPass,0,pacote_revisoes
C03466,Territory,2016,121493,PF,Sudeste,16.6,0,6,5,1203.96,8.0,0,0,0,WhatsApp,0,revisao_preco_fixo
C02852,Maverick,2015,203702,PF,Sudeste,7.9,0,6,30,577.82,9.0,0,0,0,App FordPass,1,desconto_pecas
C03374,Ranger,2025,12963,PF,Norte,32.7,1,0,30,812.54,,0,0,0,E-mail,1,revisao_preco_fixo
C01229,Ka,2014,193676,PF,Nordeste,8.3,0,13,43,943.98,5.0,0,0,0,WhatsApp,1,desconto_pecas
C08472,Ranger,2017,124189,PF,Centro Oeste,51.7,0,5,21,2128.5,6.0,0,0,0,E-mail,1,checkup_gratuito
C07164,Transit,2015,325665,PJ_Frota,Nordeste,14.8,0,18,7,800.45,,0,0,0,WhatsApp,0,desconto_pecas
C07001,Mustang,2020,70635,PF,Sudeste,7.6,0,4,1,1622.38,6.0,1,0,0,App FordPass,0,revisao_preco_fixo
C02005,Mustang,2025,13986,PF,Sudeste,6.9,1,0,2,1538.22,8.0,1,0,0,WhatsApp,0,pacote_revisoes
C08186,Ranger,2024,28364,PF,Sudeste,7.9,1,2,18,1612.46,10.0,1,0,0,Ligacao,0,pacote_revisoes
C00446,Transit,2025,31665,PJ_Frota,Centro-Oeste,30.7,1,3,1,864.59,5.0,0,0,0,E-mail,0,plano_frota
C00335,Territory,2014,225536,PF,norte,14.0,0,4,60,880.33,6.0,0,0,1,WhatsApp,1,checkup_gratuito
C02971,Territory,2024,28207,PF,SUDESTE,7.9,1,2,6,562.03,8.0,1,0,1,WhatsApp,0,pacote_revisoes
C06720,Ranger,2019,138687,PF,Sudeste,7.5,0,6,9,617.87,,1,0,0,App FordPass,0,desconto_pecas
C01760,EcoSport,2015,167938,PF,Sudeste,4.4,0,5,10,,7.0,0,0,0,WhatsApp,1,revisao_preco_fixo
C01153,Ka,2015,122888,PF,Nordeste,6.3,0,9,2,547.25,,0,1,0,WhatsApp,0,desconto_pecas
C07083,EcoSport,2020,62241,PF,Norte,14.4,0,4,20,634.72,10.0,1,1,0,App FordPass,0,revisao_preco_fixo
C01019,Ranger,2023,36217,PF,Nordeste,13.0,1,2,3,879.9,4.0,1,0,0,App FordPass,0,pacote_revisoes
C02435,Transit,2023,178661,PJ_Frota,Sul,16.6,1,12,3,952.77,,0,0,1,Ligacao,0,plano_frota
C09144,Ka,2019,101714,PF,Nordeste,14.9,0,3,4,715.06,9.0,0,0,1,Ligacao,0,desconto_pecas
C04717,Territory,2016,99440,PF,Nordeste,15.8,0,5,28,795.87,8.0,0,0,0,App FordPass,0,desconto_pecas
C05041,Ka,2019,165049,PF,Centro-Oeste,31.1,0,5,0,550.52,10.0,0,0,0,WhatsApp,0,desconto_pecas
C06666,Maverick,2016,-71800,PF,Nordeste,11.6,0,6,27,2443.41,6.0,0,0,0,E-mail,1,revisao_preco_fixo
C00955,Mustang,2014,129112,PF,Norte,36.8,0,7,11,1893.27,7.0,0,0,0,WhatsApp,1,desconto_pecas
C04468,Transit,2021,183931,PJ_Frota,Sudeste,11.6,0,8,2,619.83,,0,0,0,E-mail,0,plano_frota
C08729,Ranger,2020,89455,PF,Nordeste,26.6,0,0,3,506.97,5.0,1,0,0,App FordPass,0,checkup_gratuito
C06003,Ka,2015,232790,PF,Sudeste,9.0,0,3,49,425.07,5.0,0,0,0,WhatsApp,1,desconto_pecas
C02430,Maverick,2015,130619,PF,Sudeste,4.3,0,8,31,1015.48,9.0,0,0,0,WhatsApp,1,desconto_pecas
C02324,EcoSport,2021,72562,PF,Sudeste,12.1,0,4,1,,6.0,1,0,0,App FordPass,0,pacote_revisoes
C05381,Territory,2014,102150,PF,SUDESTE,4.7,0,9,12,1226.25,,0,0,0,WhatsApp,0,desconto_pecas
C03454,Transit,2022,131397,PJ_Frota,Sudeste,13.9,0,6,8,840.11,8.0,1,0,0,WhatsApp,0,plano_frota
C04062,Ka,2019,185214,PF,Nordeste,6.7,0,14,12,930.18,,0,0,0,WhatsApp,0,revisao_preco_fixo
C03357,Ranger,2017,143793,PF,Sudeste,1.6,0,5,14,1021.75,7.0,0,1,0,App FordPass,1,desconto_pecas
C09100,EcoSport,2017,76077,PF,Sudeste,17.1,0,0,45,589.52,6.0,0,0,0,WhatsApp,1,checkup_gratuito
C08051,Bronco Sport,2017,333537,PJ_Frota,Sudeste,3.5,0,29,0,1088.42,8.0,0,0,0,WhatsApp,0,desconto_pecas
C07766,Bronco Sport,2019,83116,PF,Sudeste,16.1,0,5,29,869.58,5.0,1,0,0,WhatsApp,1,plano_frota
C03442,Ka,2020,51032,PF,Sudeste,4.7,0,4,37,690.49,6.0,1,0,1,WhatsApp,1,revisao_preco_fixo
C08680,Ka,2016,270581,PF,Norte,25.4,0,22,13,804.43,7.0,0,0,0,WhatsApp,1,desconto_pecas
C05224,Ranger,2017,106615,PF,Sul,12.2,0,5,60,1245.68,10.0,0,0,0,WhatsApp,1,checkup_gratuito
C01532,Ranger,2019,154942,PF,Sudeste,8.8,0,5,16,791.48,7.0,1,0,0,WhatsApp,1,desconto_pecas
C09673,Ranger,2022,38440,PF,Sudeste,7.6,0,1,4,1051.1,8.0,0,0,0,Ligacao,0,revisao_preco_fixo
C03777,Ka,2017,95589,PF,Centro-Oeste,14.5,0,4,60,508.41,,1,0,0,App FordPass,1,checkup_gratuito
C00058,Ka,2019,80742,PF,Nordeste,30.5,0,2,34,299.47,,1,0,1,WhatsApp,0,checkup_gratuito
C08996,Maverick,2021,66917,PF,Sul,12.8,0,2,0,1234.62,,1,1,0,Ligacao,0,revisao_preco_fixo
C02666,Mustang,2018,96537,PF,Sudeste,9.9,0,5,12,2059.59,7.0,0,0,1,E-mail,0,revisao_preco_fixo
C08910,Ranger,2014,390153,PJ_Frota,Sudeste,6.3,0,19,60,1560.82,4.0,0,0,1,WhatsApp,1,revisao_preco_fixo
C00555,EcoSport,2015,150274,PF,Norte,41.3,0,3,32,1080.26,7.0,1,1,0,WhatsApp,1,checkup_gratuito
C05613,Territory,2025,12763,PF,Sudeste,16.8,1,0,1,1031.08,5.0,1,0,0,App FordPass,0,pacote_revisoes
C04329,Transit,2022,170323,PJ_Frota,Sudeste,7.8,0,9,11,894.32,,0,0,0,WhatsApp,0,plano_frota
C08074,Transit,2018,239846,PJ_Frota,Sul,15.1,0,2,33,998.06,9.0,1,1,1,WhatsApp,1,checkup_gratuito
C05130,EcoSport,2021,38203,PF,Nordeste,31.2,0,2,0,477.57,7.0,1,0,0,WhatsApp,0,pacote_revisoes
C08409,Territory,2016,125231,PF,Nordeste,8.5,0,12,16,1305.68,5.0,0,0,0,WhatsApp,0,desconto_pecas
C06979,Bronco Sport,2022,49314,PF,Norte,34.1,0,4,4,957.85,5.0,1,0,1,App FordPass,0,pacote_revisoes
C04565,Territory,2020,140671,PJ_Frota,Sul,8.1,0,3,60,1006.28,6.0,1,0,0,App FordPass,1,checkup_gratuito
C08782,Transit,2025,35823,PJ_Frota,Sudeste,3.6,1,2,1,,9.0,0,0,0,App FordPass,0,plano_frota
C02857,Ranger,2025,27723,PF,Sudeste,18.1,1,2,6,869.98,5.0,1,0,0,App FordPass,0,revisao_preco_fixo
C07541,Ranger,2020,97629,PF,Sudeste,6.9,0,0,16,1054.19,6.0,0,0,0,WhatsApp,1,revisao_preco_fixo
C00480,Ranger,2023,27571,PF,Norte,77.2,1,2,3,779.28,7.0,0,0,0,WhatsApp,0,pacote_revisoes
C06423,Maverick,2021,42450,PF,Sul,17.5,0,2,8,1227.62,7.0,1,0,1,App FordPass,0,revisao_preco_fixo
C08562,Maverick,2023,35036,PF,Sudeste,5.1,1,1,14,890.58,,1,0,0,E-mail,1,pacote_revisoes
C01903,Ka,2020,115697,PF,Sudeste,10.0,0,4,12,639.59,1.0,1,0,0,WhatsApp,0,checkup_gratuito
C04359,Bronco Sport,2026,6690,PF,Sul,23.9,1,0,4,738.51,7.0,1,0,0,App FordPass,0,checkup_gratuito
C03896,EcoSport,2021,75159,PF,Sudeste,,0,2,13,926.29,10.0,0,0,0,WhatsApp,1,revisao_preco_fixo
C08957,Territory,2025,12596,PF,Sudeste,6.7,1,0,4,565.36,4.0,1,0,2,WhatsApp,1,pacote_revisoes
C01959,Territory,2019,91846,PF,Sudeste,8.6,0,6,41,1081.12,7.0,0,0,0,E-mail,0,desconto_pecas
C06121,Ranger,2015,86891,PF,Norte,47.3,0,3,60,1147.12,7.0,0,0,0,E-mail,1,checkup_gratuito
C00118,Ranger,2017,93625,PF,Sul,15.5,0,8,8,1650.33,7.0,0,0,0,WhatsApp,0,desconto_pecas
C08834,Ranger,2021,94165,PF,Sudeste,,0,6,27,961.22,4.0,0,0,1,WhatsApp,1,revisao_preco_fixo
C00112,EcoSport,2031,156670,PF,Sudeste,6.4,0,3,0,618.86,6.0,0,0,0,E-mail,0,desconto_pecas
C08992,Ka,2020,86229,PF,Nordeste ,14.3,0,7,7,559.04,9.0,1,0,0,Ligacao,0,desconto_pecas
C01017,Maverick,2023,57539,PF,Sudeste,9.5,1,4,0,1154.63,8.0,1,0,0,WhatsApp,0,pacote_revisoes
C03299,Ka,2019,113935,PF,Nordeste,21.5,0,9,13,1351.1,8.0,0,0,0,App FordPass,1,revisao_preco_fixo
C06226,Ranger,2018,162013,PF,Norte,13.5,0,10,7,1439.78,10.0,1,0,0,E-mail,0,desconto_pecas
C05852,Ka,2018,104350,PF,Centro-Oeste,17.3,0,2,34,857.0,7.0,1,0,0,WhatsApp,1,checkup_gratuito
C07126,EcoSport,2020,64514,PF,Sudeste,7.5,0,2,4,549.49,6.0,0,1,0,App FordPass,0,checkup_gratuito
C00973,Mustang,2018,124125,PF,Sudeste,10.3,0,5,19,1985.85,6.0,0,0,0,App FordPass,1,desconto_pecas
C05452,Bronco Sport,2016,107555,PF,Centro-Oeste,35.3,0,1,4,876.69,8.0,0,0,0,WhatsApp,1,desconto_pecas
C08517,Ka,2017,75657,PF,Norte,50.1,0,4,60,799.04,8.0,0,1,1,WhatsApp,1,checkup_gratuito
C03104,Territory,2017,86381,PF,Sudeste,5.6,0,7,33,1333.54,,0,0,1,WhatsApp,0,desconto_pecas
C05209,Ka,2018,121466,PF,Nordeste,15.5,0,4,60,602.01,4.0,0,0,0,App FordPass,1,checkup_gratuito
C00458,Maverick,2025,8405,PF,Sudeste,11.3,1,0,7,1215.94,10.0,0,0,0,WhatsApp,0,pacote_revisoes
C06724,Ranger,2015,207203,PF,Centro-Oeste,45.9,0,12,5,1242.98,8.0,0,0,0,WhatsApp,1,desconto_pecas
C00947,Maverick,2016,74814,PF,Centro-Oeste,10.2,0,4,15,741.29,5.0,0,0,0,WhatsApp,1,checkup_gratuito
C00241,Maverick,2026,2955,PF,Sudeste,39.8,1,0,2,,10.0,0,0,0,WhatsApp,0,pacote_revisoes
C06014,Ka,2021,97804,PF,Sul,16.7,0,8,4,550.76,6.0,0,0,1,Ligacao,0,pacote_revisoes
C00711,Territory,2020,113786,PF,Sudeste,4.9,0,11,17,1342.78,,1,0,1,E-mail,0,desconto_pecas
C01816,Bronco Sport,2022,43551,PF,Nordeste,7.9,0,1,9,1305.41,7.0,0,1,0,,1,checkup_gratuito
C06976,Maverick,2024,24412,PF,Sudeste,6.4,1,1,5,1253.53,9.0,1,0,1,App FordPass,0,pacote_revisoes
C03817,EcoSport,2016,54919,PF,Centro-Oeste,29.7,0,4,15,432.48,8.0,0,0,0,WhatsApp,0,desconto_pecas
C06283,Ka,2021,65592,PF,Sul,15.2,0,5,19,462.6,,1,0,0,App FordPass,0,revisao_preco_fixo
C09474,Ranger,2026,5872,PF,Sudeste,2.8,1,0,1,2506.42,,1,0,0,E-mail,0,revisao_preco_fixo
C05374,Territory,2024,25029,PF,Nordeste,6.8,1,1,6,1121.24,7.0,0,0,0,E-mail,0,pacote_revisoes
C09409,Territory,2023,45756,PF,Centro-Oeste,42.6,1,1,11,1144.0,7.0,0,0,0,E-mail,0,plano_frota
C08651,Transit,2025,39953,PJ_Frota,Nordeste,5.9,1,0,8,1218.27,7.0,1,0,0,WhatsApp,0,plano_frota
C02452,Territory,2021,241167,PJ_Frota,Nordeste,7.0,0,15,2,1128.93,7.0,1,0,0,App FordPass,0,desconto_pecas
C07072,EcoSport,2020,55706,PF,Sudeste,16.9,0,2,5,1021.81,,1,0,2,WhatsApp,0,revisao_preco_fixo
C06805,Bronco Sport,2017,317673,PJ_Frota,Norte,53.2,0,21,4,936.81,8.0,0,0,1,WhatsApp,0,desconto_pecas
C02554,EcoSport,2016,235734,PJ_Frota,norte,67.3,0,3,58,851.63,8.0,0,0,0,App FordPass,1,plano_frota
C02064,Ranger,2022,74245,PF,Sudeste,3.9,0,5,16,1441.38,7.0,0,0,0,WhatsApp,1,checkup_gratuito
C03253,Ranger,2026,7530,PF,Sudeste,5.8,1,0,1,1644.45,8.0,0,0,0,E-mail,0,pacote_revisoes
C02151,Ka,2017,115336,PF,Centro-Oeste,16.5,0,0,13,605.21,6.0,0,0,0,WhatsApp,0,desconto_pecas
C07627,Mustang,2014,156026,PF,Centro-Oeste,22.1,0,8,10,,8.0,0,0,0,E-mail,0,revisao_preco_fixo
C06475,Ka,2016,257142,PF,Nordeste,42.6,0,12,35,696.78,7.0,0,0,0,Ligacao,1,desconto_pecas
C09563,Territory,2026,5723,PF,Sul,19.7,1,0,8,591.45,,0,0,1,App FordPass,1,pacote_revisoes
C01833,Ka,2017,137580,PF,Sul,9.3,0,6,60,656.34,,0,0,0,WhatsApp,1,checkup_gratuito
C04598,EcoSport,2017,76675,PF,Sul,24.0,0,4,6,,6.0,0,0,0,,1,checkup_gratuito
C03097,Ranger,2015,150953,PF,Sudeste,3.2,0,9,29,1273.46,8.0,0,1,2,WhatsApp,0,checkup_gratuito
C01712,Transit,2015,283620,PJ_Frota,Sudeste,4.3,0,28,52,993.19,7.0,0,0,0,,1,desconto_pecas
C01293,EcoSport,2016,355503,PJ_Frota,sul,15.6,0,17,6,684.7,10.0,1,0,0,App FordPass,0,desconto_pecas
C08818,Bronco Sport,2017,111431,PF,Nordeste,9.9,0,5,24,813.04,9.0,0,0,0,WhatsApp,0,desconto_pecas
C07754,Ranger,2020,47759,PF,SUDESTE,13.1,0,4,7,942.47,3.0,0,0,1,,0,revisao_preco_fixo
C01766,Transit,2024,58708,PJ_Frota,Sul,5.6,1,5,6,1060.05,7.0,0,0,1,,0,pacote_revisoes
C00256,Maverick,2020,75943,PF,Centro-Oeste,18.1,0,5,12,2288.89,8.0,1,0,1,App FordPass,0,revisao_preco_fixo
C09549,Ka,2020,32627,PF,Sudeste,12.5,0,0,6,595.32,6.0,0,0,1,Ligacao,1,revisao_preco_fixo
C04295,Ranger,2017,71267,PF,Centro-Oeste,30.6,0,1,14,1321.46,8.0,0,0,1,WhatsApp,1,revisao_preco_fixo
C08112,Transit,2018,269675,PJ_Frota,Nordeste,22.4,0,18,60,1236.67,5.0,0,0,1,WhatsApp,1,checkup_gratuito
C05242,EcoSport,2017,168921,PF,Sudeste,6.7,0,3,42,1248.77,6.0,0,0,0,App FordPass,1,checkup_gratuito
C00191,EcoSport,2021,91915,PF,Sudeste,5.3,0,4,35,587.96,8.0,0,1,0,WhatsApp,0,checkup_gratuito
C09672,Transit,2018,88058,PF,Norte,22.9,0,5,1,1364.04,9.0,0,0,0,App FordPass,1,desconto_pecas
C08544,EcoSport,2016,193357,PF,Centro-Oeste,16.8,0,6,13,587.8,6.0,0,0,0,Ligacao,0,desconto_pecas
C02023,EcoSport,2018,86632,PF,Sudeste,5.1,0,4,23,421.03,7.0,1,0,0,App FordPass,1,desconto_pecas
C01172,EcoSport,2016,105907,PF,Centro-Oeste,37.0,0,3,43,883.48,9.0,0,1,0,WhatsApp,1,checkup_gratuito
C05948,Ranger,2020,205574,PJ_Frota,Sudeste,9.3,0,11,4,977.4,8.0,1,0,0,App FordPass,0,plano_frota
C06664,EcoSport,2014,101696,PF,Nordeste,24.5,0,2,46,907.99,9.0,0,0,0,WhatsApp,1,desconto_pecas
C01161,Territory,2022,43829,PF,Nordeste ,5.3,0,1,23,1042.63,10.0,0,0,0,Ligacao,0,revisao_preco_fixo
C07670,Transit,2022,232731,PJ_Frota,Sul,16.5,0,6,1,814.75,9.0,0,0,0,WhatsApp,0,desconto_pecas
C07085,Bronco Sport,2015,172544,PF,Sudeste,3.1,0,5,36,1342.09,6.0,0,0,0,WhatsApp,1,revisao_preco_fixo
C01735,Bronco Sport,2020,52111,PF,Norte,42.6,0,0,0,1365.52,6.0,0,0,0,WhatsApp,1,revisao_preco_fixo
C01968,Ranger,2023,34461,PF,Sul,13.8,1,3,17,762.99,8.0,0,0,1,WhatsApp,0,pacote_revisoes
C03608,Ka,2016,143127,PF,Sudeste,4.7,0,5,55,588.09,9.0,0,0,0,WhatsApp,1,desconto_pecas
C03938,Ranger,2021,91291,PF,Nordeste,19.5,0,4,8,1720.03,10.0,0,0,0,WhatsApp,0,revisao_preco_fixo
C05584,Bronco Sport,2018,62930,PF,Centro-Oeste,64.2,0,0,3,942.69,9.0,1,0,1,E-mail,1,revisao_preco_fixo
C05271,Maverick,2018,82197,PF,Nordeste,24.5,0,2,12,768.22,2.0,1,0,0,App FordPass,1,desconto_pecas
C09596,Ka,2021,77685,PF,Sul,8.1,0,4,3,507.01,4.0,0,0,0,WhatsApp,0,desconto_pecas
C06668,Ka,2016,164449,PF,Sul,7.3,0,14,9,565.24,8.0,0,0,0,E-mail,0,desconto_pecas
C08412,Territory,2016,129774,PF,Norte,28.8,0,9,16,,8.0,0,0,0,Ligacao,0,desconto_pecas
C08270,Ranger,2021,90499,PF,Sudeste,19.8,0,7,3,904.18,9.0,1,0,0,App FordPass,0,desconto_pecas
C06755,Ka,2021,78171,PF,Sul,13.9,0,1,18,709.06,8.0,0,1,0,App FordPass,1,revisao_preco_fixo
C06560,Ranger,2026,4166,PF,Nordeste,24.8,1,0,4,648.88,,0,0,0,WhatsApp,0,pacote_revisoes
C03342,Ka,2014,123000,PF,Sudeste,9.2,0,3,15,486.73,7.0,0,0,0,WhatsApp,0,desconto_pecas
C02074,Ranger,2015,155064,PF,Sul,7.9,0,7,37,1017.07,10.0,0,0,1,WhatsApp,0,revisao_preco_fixo
C04964,EcoSport,2015,167055,PF,Sul,8.9,0,5,60,856.99,8.0,0,0,0,Ligacao,1,desconto_pecas
C06024,Maverick,2021,69293,PF,Norte,51.3,0,4,35,804.7,7.0,1,0,1,WhatsApp,1,revisao_preco_fixo
C02106,Bronco Sport,2016,98565,PF,Nordeste,12.7,0,10,51,1134.55,5.0,0,0,0,WhatsApp,1,revisao_preco_fixo
C01354,Maverick,2024,67671,PJ_Frota,Sul,11.4,1,5,10,701.37,8.0,0,0,0,App FordPass,0,plano_frota
C07509,Territory,2023,48618,PF,Sudeste,16.5,1,3,10,867.52,,1,0,0,App FordPass,0,pacote_revisoes
C08306,Territory,2016,173888,PF,Nordeste,9.7,0,8,29,931.65,6.0,1,0,0,App FordPass,1,desconto_pecas
C02646,Bronco Sport,2018,118135,PF,Sudeste,10.0,0,6,20,852.26,8.0,0,0,0,E-mail,0,checkup_gratuito
C08712,Maverick,2025,10785,PF,Sudeste,10.4,1,1,9,895.22,4.0,1,0,0,WhatsApp,0,checkup_gratuito
C01946,EcoSport,2021,105558,PF,Sudeste,2.6,0,5,44,837.6,5.0,1,0,0,WhatsApp,1,checkup_gratuito
C08807,Maverick,2026,9836,PF,Sudeste,4.2,1,0,7,918.13,7.0,1,0,1,WhatsApp,1,pacote_revisoes
C03308,Territory,2019,143756,PF,SUDESTE,5.1,0,7,27,1061.78,6.0,1,0,0,WhatsApp,0,revisao_preco_fixo
C00920,Ka,2017,118713,PF,Sul,17.3,0,5,18,823.04,6.0,1,0,0,App FordPass,1,desconto_pecas
C09935,EcoSport,2021,60068,PF,Norte,,0,2,8,969.86,7.0,0,0,0,E-mail,1,revisao_preco_fixo
C02032,EcoSport,2017,105406,PF,Nordeste,26.4,0,4,33,1019.16,8.0,0,0,0,App FordPass,1,desconto_pecas
C07103,Ka,2021,78695,PF,Norte,14.0,0,2,42,561.93,4.0,1,0,0,App FordPass,1,checkup_gratuito
C08217,Territory,2018,65767,PF,Sudeste,18.9,0,6,27,901.92,6.0,0,1,0,WhatsApp,1,checkup_gratuito
C09030,EcoSport,2020,83971,PF,Nordeste,6.3,0,4,11,574.17,5.0,0,0,1,WhatsApp,1,desconto_pecas
C02940,Transit,2019,189775,PJ_Frota,Nordeste,15.0,0,3,3,881.91,5.0,1,0,0,WhatsApp,0,plano_frota
C08668,Territory,2016,181862,PF,Sul,8.5,0,14,8,1504.6,,0,0,1,WhatsApp,0,desconto_pecas
C03675,Maverick,2025,10698,PF,Norte,29.7,1,1,0,999.15,9.0,0,0,1,E-mail,0,pacote_revisoes
C02801,Ranger,2024,11700,PF,Nordeste,10.6,1,0,5,888.59,10.0,1,0,1,App FordPass,0,pacote_revisoes
C02481,EcoSport,2016,171211,PF,Nordeste,11.2,0,8,37,1108.0,5.0,0,0,0,Ligacao,1,checkup_gratuito
C07107,Territory,2015,132188,PF,Sudeste,18.3,0,4,2,1343.31,4.0,0,0,1,E-mail,1,desconto_pecas
C09007,Ranger,2017,112659,PF,Sul,4.6,0,10,15,824.39,7.0,0,0,0,App FordPass,0,checkup_gratuito
C09315,Transit,2025,28725,PJ_Frota,SUDESTE,8.6,1,1,3,1126.03,,1,0,0,Ligacao,0,plano_frota
C08639,Ka,2016,237913,PJ_Frota,Norte,54.7,0,10,22,723.91,8.0,0,0,0,Ligacao,0,desconto_pecas
C06838,Transit,2024,52238,PJ_Frota,Sudeste,21.1,1,0,7,991.53,9.0,0,0,0,WhatsApp,0,pacote_revisoes
C02635,Ranger,2018,108845,PJ_Frota,Nordeste,26.8,0,6,5,1386.48,5.0,0,0,0,,0,plano_frota
C03301,EcoSport,2020,75289,PF,Centro-Oeste,25.8,0,5,11,1195.97,7.0,1,0,0,WhatsApp,0,desconto_pecas
C06436,Ranger,2016,319127,PJ_Frota,Sul,56.2,0,12,52,1154.7,7.0,0,0,0,WhatsApp,0,desconto_pecas
C04866,EcoSport,2018,92436,PF,Sudeste,4.1,0,8,22,563.3,10.0,0,0,0,E-mail,0,desconto_pecas
C06665,Bronco Sport,2020,39289,PF,Sudeste,28.6,0,6,9,1019.29,10.0,0,0,0,App FordPass,0,pacote_revisoes
C08521,Ranger,2025,12525,PF,Sudeste,4.7,1,0,3,889.34,,0,0,0,Ligacao,0,pacote_revisoes
C05915,Territory,2017,65396,PF,Sudeste,7.8,0,5,41,897.66,4.0,0,0,1,WhatsApp,1,checkup_gratuito
C08514,Ranger,2024,27664,PF,Sudeste,14.7,1,2,0,1262.21,4.0,1,0,0,App FordPass,0,pacote_revisoes
C00887,Ka,2014,135973,PF,Centro-Oeste,25.4,0,8,60,775.46,9.0,0,0,0,WhatsApp,1,checkup_gratuito
C01547,Bronco Sport,2023,39565,PF,Sudeste,3.5,1,3,3,1132.86,,1,0,0,E-mail,0,pacote_revisoes
C06568,Territory,2025,12334,PF,Norte,31.0,1,1,1,839.42,8.0,1,0,0,App FordPass,0,pacote_revisoes
C06686,Transit,2021,214304,PJ_Frota,Norte,19.1,0,16,21,971.34,,1,0,0,App FordPass,0,plano_frota
C04104,Mustang,2018,139138,PF,Centro-Oeste,12.4,0,13,3,1578.93,6.0,0,0,0,App FordPass,0,desconto_pecas
C04953,Transit,2017,97620,PF,Sudeste,6.9,0,4,0,882.04,5.0,0,0,0,E-mail,0,pacote_revisoes
C08168,EcoSport,2019,53074,PF,Centro-Oeste,61.1,0,7,32,795.77,7.0,0,0,0,WhatsApp,0,checkup_gratuito
C00558,Territory,2023,45134,PF,Centro-Oeste,17.8,1,3,2,1027.81,8.0,0,0,0,Ligacao,0,pacote_revisoes
C09668,Transit,2022,178242,PJ_Frota,Nordeste,10.6,0,6,2,907.64,9.0,1,0,1,WhatsApp,0,plano_frota
C06400,Ka,2018,119427,PF,Centro-Oeste,51.2,0,6,60,1105.04,6.0,0,0,0,Ligacao,1,checkup_gratuito
C09515,Transit,2016,145688,PF,Sudeste,10.4,0,7,32,956.91,9.0,0,0,2,WhatsApp,1,desconto_pecas
C07197,Mustang,2022,51123,PF,Sudeste,4.8,0,4,10,2357.86,8.0,1,0,0,App FordPass,0,revisao_preco_fixo
C08646,Territory,2021,82942,PF,Sudeste,11.9,0,5,24,662.99,5.0,0,0,1,App FordPass,0,revisao_preco_fixo
C01167,Ranger,2022,78095,PF,Centro-Oeste,40.0,0,4,15,762.27,7.0,0,1,1,WhatsApp,0,checkup_gratuito
C05399,Ka,2021,49486,PF,Sudeste,,0,1,15,1609.15,5.0,1,0,0,WhatsApp,1,revisao_preco_fixo
C09946,Maverick,2019,115763,PF,Nordeste,9.7,0,5,60,664.18,6.0,1,0,0,App FordPass,1,checkup_gratuito
C08945,Territory,2015,126402,PF,Centro-Oeste,8.3,0,6,0,1113.55,7.0,1,0,0,WhatsApp,0,desconto_pecas
C09204,Ka,2021,74107,PF,Sudeste,11.3,0,6,11,547.79,7.0,0,0,0,Ligacao,0,pacote_revisoes
C01912,Mustang,2016,162342,PF,Norte,39.2,0,2,10,2316.89,6.0,0,0,0,E-mail,1,revisao_preco_fixo
C06553,Ka,2015,135081,PF,Norte,63.0,0,7,2,909.46,9.0,0,0,2,WhatsApp,1,desconto_pecas
C01291,Territory,2025,11185,PF,Sudeste,16.4,1,1,22,539.16,4.0,0,0,0,E-mail,0,revisao_preco_fixo
C07487,Ka,2019,86115,PF,Sudeste,2.1,0,3,23,590.13,6.0,0,0,0,App FordPass,1,checkup_gratuito
C09945,Ka,2018,85721,PF,Nordeste,10.2,0,7,42,785.73,10.0,0,0,0,Ligacao,1,desconto_pecas
C09057,Transit,2025,26894,PJ_Frota,Sudeste,6.2,1,1,4,581.39,,1,0,0,WhatsApp,0,plano_frota
C00290,Maverick,2015,102945,PF,Sudeste,4.9,0,11,60,973.65,9.0,0,0,0,App FordPass,0,desconto_pecas
C05745,Ka,2021,54504,PF,Sudeste,13.5,0,2,2,1021.2,5.0,1,0,0,E-mail,0,revisao_preco_fixo
C02478,Ranger,2020,72104,PF,Norte,32.8,0,1,34,1119.28,5.0,0,0,0,App FordPass,1,revisao_preco_fixo
C05612,EcoSport,2017,65817,PF,Sul,6.1,0,2,17,497.83,8.0,0,0,0,WhatsApp,1,pacote_revisoes
C03159,EcoSport,2020,72515,PF,SUDESTE,4.4,0,4,60,975.15,8.0,0,0,0,WhatsApp,1,revisao_preco_fixo
C03639,Ranger,2019,112329,PF,Sudeste,8.6,0,8,14,1395.81,8.0,1,0,0,App FordPass,0,revisao_preco_fixo
C04029,Mustang,2016,83555,PF,Nordeste,23.5,0,2,5,1457.08,6.0,0,1,0,WhatsApp,1,revisao_preco_fixo
C00899,Ranger,2022,67770,PJ_Frota,Sudeste,10.7,0,2,1,881.41,8.0,1,0,0,WhatsApp,0,plano_frota
C00248,Ranger,2014,334256,PJ_Frota,Sudeste,16.3,0,13,39,1193.24,8.0,0,0,0,WhatsApp,1,plano_frota
C08943,Bronco Sport,2014,144784,PF,sul,19.8,0,4,60,646.57,8.0,0,1,0,Ligacao,1,checkup_gratuito
C04487,Ka,2020,63215,PF,Centro-Oeste,15.3,0,1,5,1192.75,7.0,0,0,1,WhatsApp,1,revisao_preco_fixo
C02509,Territory,2024,24854,PF,Nordeste,10.1,1,1,15,575.65,,0,0,1,App FordPass,0,pacote_revisoes
C08106,EcoSport,2018,91930,PF,Sudeste,8.6,0,4,46,1072.02,7.0,0,0,2,App FordPass,1,checkup_gratuito
C05969,Maverick,2014,118622,PF,Nordeste,38.8,0,5,45,,6.0,0,0,0,E-mail,1,revisao_preco_fixo
C06850,Transit,2018,337601,PJ_Frota,Nordeste,19.1,0,26,11,1480.95,7.0,0,0,1,App FordPass,0,revisao_preco_fixo
C00855,Ranger,2020,149252,PF,Sudeste,6.4,0,7,4,752.48,7.0,0,0,1,,0,revisao_preco_fixo
C07894,Ranger,2014,192460,PF,Sudeste,8.4,0,13,2,816.78,7.0,0,1,0,App FordPass,1,desconto_pecas
C05195,Transit,2020,166214,PJ_Frota,Nordeste,15.2,0,11,6,741.41,,0,0,1,WhatsApp,0,plano_frota
C07207,Ka,2019,127509,PF,Sudeste,3.8,0,10,14,408.44,8.0,1,0,0,E-mail,0,revisao_preco_fixo
C09662,EcoSport,2016,82096,PF,Sul,7.3,0,5,41,1059.15,6.0,0,0,0,App FordPass,1,revisao_preco_fixo
C07808,Transit,2021,56427,PF,Sudeste,4.5,0,1,17,892.15,7.0,1,0,1,App FordPass,1,revisao_preco_fixo
C09210,Transit,2017,296524,PJ_Frota,Nordeste,33.8,0,8,37,793.37,6.0,0,0,0,App FordPass,1,desconto_pecas
C05296,Transit,2024,41739,PJ_Frota,Sudeste,19.1,1,4,0,878.76,,1,0,1,Ligacao,0,plano_frota
C03314,EcoSport,2014,293226,PF,Sudeste,15.4,0,8,21,887.31,6.0,0,0,0,App FordPass,1,desconto_pecas
C05060,Ka,2017,156486,PF,Sudeste,7.5,0,6,5,768.3,7.0,0,0,0,WhatsApp,0,desconto_pecas
C06044,Ranger,2019,103928,PF,Nordeste,11.2,0,2,26,,6.0,0,0,0,WhatsApp,1,checkup_gratuito
C04895,Ranger,2014,182640,PF,Centro-Oeste,16.4,0,12,57,1687.95,9.0,0,0,0,E-mail,1,desconto_pecas
C08603,Transit,2026,5437,PJ_Frota,Nordeste,6.5,1,0,2,616.24,7.0,0,0,1,E-mail,0,plano_frota
C00208,Ka,2014,95492,PF,Sudeste,3.6,0,1,60,859.53,7.0,0,0,0,App FordPass,1,revisao_preco_fixo
C01539,Ranger,2016,183400,PJ_Frota,Centro-Oeste,30.5,0,9,30,1963.2,7.0,0,0,0,,0,plano_frota
C09027,Maverick,2026,3549,PF,Sudeste,3.6,1,0,1,1313.86,10.0,0,0,0,,0,pacote_revisoes
C05814,Ranger,2016,185702,PF,Sudeste,3.4,0,8,0,,,0,0,0,App FordPass,0,desconto_pecas
C06960,EcoSport,2015,130256,PF,Norte,11.3,0,8,22,1364.93,8.0,0,0,1,E-mail,1,desconto_pecas
C06730,Maverick,2016,204544,PF,SUDESTE,8.5,0,12,60,935.69,,0,1,0,WhatsApp,1,checkup_gratuito
C01803,Territory,2023,25058,PF,Nordeste,4.4,1,1,3,1238.73,9.0,1,0,0,WhatsApp,0,pacote_revisoes
C01263,Transit,2026,8070,PJ_Frota,Sudeste,9.7,1,0,3,,,1,0,0,WhatsApp,0,plano_frota
C06604,Bronco Sport,2020,143855,PJ_Frota,Nordeste,14.9,0,5,21,846.11,7.0,0,0,1,App FordPass,0,plano_frota
C03029,Ranger,2018,149025,PF,Sudeste,10.2,0,8,36,1029.73,,0,0,0,WhatsApp,1,revisao_preco_fixo
C08927,Transit,2025,16629,PJ_Frota,Nordeste,11.1,1,0,10,1109.04,8.0,1,0,0,Ligacao,0,plano_frota
C08289,EcoSport,2018,53926,PF,Centro-Oeste,,0,3,8,464.37,6.0,0,0,0,E-mail,1,checkup_gratuito
C04761,Ranger,2017,115536,PF,Sul,9.6,0,6,22,1084.77,7.0,0,0,0,App FordPass,1,revisao_preco_fixo
C02080,Ranger,2022,72338,PF,Norte,21.6,0,4,30,841.4,7.0,0,0,0,WhatsApp,1,checkup_gratuito
C03659,Ka,2019,90878,PF,Sudeste,7.9,0,7,3,615.76,10.0,1,0,0,App FordPass,0,revisao_preco_fixo
C08315,Ranger,2021,132217,PJ_Frota,Nordeste,18.6,0,5,3,569.46,8.0,1,0,0,E-mail,1,desconto_pecas
C07104,EcoSport,2019,61878,PF,Sudeste,6.8,0,2,11,1254.16,10.0,0,1,0,E-mail,0,revisao_preco_fixo
C04302,Transit,2025,65420,PJ_Frota,Nordeste,10.7,1,4,15,926.3,6.0,1,0,0,E-mail,0,plano_frota
C09192,Ranger,2017,131849,PF,Sudeste,12.2,0,3,57,1617.52,,0,0,0,App FordPass,1,checkup_gratuito
C03727,EcoSport,2016,161322,PF,Nordeste,13.1,0,7,2,597.57,8.0,0,0,1,WhatsApp,0,desconto_pecas
C07199,Territory,2020,43374,PF,Norte,25.4,0,1,9,2082.54,7.0,0,0,0,WhatsApp,0,revisao_preco_fixo
C05651,Ranger,2023,21095,PF,Nordeste ,8.4,1,3,4,700.28,8.0,1,0,0,E-mail,0,pacote_revisoes
C03593,Ka,2018,123659,PF,Sudeste,6.9,0,7,23,884.56,,1,0,0,App FordPass,0,checkup_gratuito
C08504,Territory,2025,14204,PF,Nordeste,8.4,1,1,4,718.43,6.0,0,0,1,WhatsApp,0,revisao_preco_fixo
C01970,EcoSport,2016,186099,PF,Nordeste,9.9,0,10,0,674.42,6.0,0,0,0,WhatsApp,0,desconto_pecas
C05372,Ka,2015,144888,PF,Norte,28.1,0,11,27,569.44,7.0,0,0,0,Ligacao,1,desconto_pecas
C08866,Ka,2020,82257,PF,Sudeste,6.5,0,6,45,393.75,9.0,0,0,0,Ligacao,1,revisao_preco_fixo
C00994,Transit,2018,166090,PJ_Frota,Centro-Oeste,24.0,0,10,10,1391.89,7.0,0,0,0,WhatsApp,0,plano_frota
C06183,Territory,2014,218441,PF,Sudeste,19.4,0,6,25,858.03,6.0,0,0,0,WhatsApp,1,desconto_pecas
C03796,Territory,2022,48104,PF,Sudeste,4.9,0,2,5,1496.49,6.0,1,0,0,WhatsApp,0,pacote_revisoes
C02310,Transit,2026,6716,PJ_Frota,Norte,10.9,1,0,43,1100.32,6.0,1,0,0,E-mail,1,checkup_gratuito
C02685,Bronco Sport,2018,71921,PF,Sul,27.3,0,4,1,1307.77,6.0,1,0,2,Ligacao,1,revisao_preco_fixo
C02365,Territory,2024,-20155,PF,Centro-Oeste,50.1,1,2,3,809.42,7.0,1,0,0,WhatsApp,0,pacote_revisoes
C02264,Territory,2021,50114,PF,Nordeste,28.5,0,4,10,1107.75,5.0,0,0,1,App FordPass,0,revisao_preco_fixo
C08323,Transit,2025,15469,PF,Sudeste,10.8,1,1,10,906.54,8.0,0,0,0,App FordPass,0,pacote_revisoes
C06293,Transit,2019,153513,PJ_Frota,Nordeste,30.9,0,14,13,684.32,7.0,1,0,0,App FordPass,0,plano_frota
C08789,Maverick,2024,38990,PJ_Frota,Centro-Oeste,12.4,1,3,0,893.5,,1,0,0,App FordPass,0,revisao_preco_fixo
C09039,Ka,2020,69824,PF,Nordeste,21.9,0,2,21,929.27,9.0,0,0,0,App FordPass,0,revisao_preco_fixo
C00559,Ranger,2019,85656,PF,Centro-Oeste,14.3,0,3,3,1732.22,9.0,0,0,1,App FordPass,1,revisao_preco_fixo
C03755,EcoSport,2015,100614,PF,Centro-Oeste,60.2,0,6,34,489.81,5.0,0,0,0,App FordPass,1,checkup_gratuito
C01250,Ka,2015,272017,PF,Sul,5.4,0,18,36,873.77,,0,0,0,E-mail,1,desconto_pecas
C07741,Ranger,2015,146236,PF,Nordeste,7.7,0,3,51,1309.8,7.0,0,0,1,WhatsApp,1,desconto_pecas
C04685,EcoSport,2018,108027,PF,Norte,37.1,0,6,25,625.92,7.0,0,0,0,Ligacao,1,checkup_gratuito
C07244,Ranger,2025,9033,PF,Centro Oeste,35.5,1,1,1,801.79,10.0,0,0,1,WhatsApp,0,pacote_revisoes
C06348,Ranger,2021,99422,PJ_Frota,Norte,21.5,0,3,17,909.19,7.0,0,0,0,WhatsApp,0,plano_frota
C05627,Bronco Sport,2015,137003,PF,Nordeste,,0,3,38,1355.07,4.0,0,0,1,WhatsApp,1,revisao_preco_fixo
C07115,Mustang,2023,26888,PF,Centro-Oeste,36.9,1,3,9,1111.6,10.0,1,0,0,E-mail,0,pacote_revisoes
C09055,Transit,2025,10558,PJ_Frota,Sul,10.6,1,0,2,835.4,7.0,0,0,0,WhatsApp,1,plano_frota
C09458,Territory,2023,43429,PF,Nordeste,43.6,1,2,5,1331.12,7.0,1,0,0,App FordPass,0,pacote_revisoes
C04646,Mustang,2021,82127,PF,Sudeste,5.3,0,5,30,1271.04,8.0,0,0,1,WhatsApp,1,revisao_preco_fixo
C01852,Ranger,2022,183176,PJ_Frota,Sudeste,16.4,0,10,1,1104.15,6.0,0,0,1,App FordPass,0,revisao_preco_fixo
C02933,Mustang,2019,56155,PF,Nordeste,9.4,0,1,14,1867.4,8.0,0,0,0,Ligacao,0,revisao_preco_fixo
C04326,Ka,2017,70445,PF,Sudeste,11.0,0,6,19,926.37,5.0,0,0,0,WhatsApp,1,checkup_gratuito
C01649,Maverick,2015,277127,PF,Centro-Oeste,8.5,0,9,36,768.67,10.0,0,0,0,App FordPass,1,desconto_pecas
C09790,EcoSport,2017,139858,PF,Sudeste,12.5,0,11,20,1039.66,7.0,0,0,0,WhatsApp,0,desconto_pecas
C07352,Transit,2025,39385,PJ_Frota,Sul,5.3,1,2,1,1209.54,9.0,0,1,0,WhatsApp,0,pacote_revisoes
C02907,Ka,2021,74125,PF,Nordeste,15.5,0,3,5,473.24,,0,0,0,E-mail,0,revisao_preco_fixo
C02453,Maverick,2017,117333,PF,Nordeste,15.7,0,6,1,854.2,7.0,0,0,0,Ligacao,0,desconto_pecas
C06367,EcoSport,2019,63263,PF,sul,15.0,0,3,9,677.13,4.0,0,0,1,WhatsApp,1,desconto_pecas
C06810,Ka,2014,267396,PF,Norte,50.1,0,8,5,693.1,7.0,0,1,0,Ligacao,1,desconto_pecas
C03847,Bronco Sport,2018,319940,PJ_Frota,Sudeste,5.0,0,12,16,1241.92,8.0,0,0,0,E-mail,0,desconto_pecas
C03192,Ranger,2019,79261,PF,Sudeste,6.9,0,3,7,,7.0,1,0,0,WhatsApp,1,revisao_preco_fixo
C00405,Maverick,2026,3302,PF,Sudeste,12.7,1,0,14,,6.0,1,0,2,App FordPass,0,pacote_revisoes
C08246,Ka,2016,168486,PF,Nordeste,11.4,0,8,25,844.46,6.0,0,1,0,WhatsApp,0,desconto_pecas
C09725,Maverick,2014,186301,PF,Sul,13.5,0,6,12,951.18,,0,0,1,App FordPass,1,desconto_pecas
C01898,Ka,2020,75426,PF,Sudeste,8.3,0,4,27,859.15,5.0,1,0,0,WhatsApp,0,checkup_gratuito
C02473,Ranger,2020,75494,PJ_Frota,Sudeste,7.3,0,3,3,942.98,9.0,0,0,0,E-mail,0,plano_frota
C02398,Ka,2020,130393,PF,Sudeste,9.1,0,5,28,521.99,5.0,0,0,0,WhatsApp,1,revisao_preco_fixo
C02401,Maverick,2024,27504,PF,Nordeste,21.2,1,1,2,683.48,5.0,0,0,0,WhatsApp,0,pacote_revisoes
C01908,Maverick,2014,332824,PF,Sudeste,12.0,0,5,60,1376.8,6.0,0,0,0,App FordPass,1,desconto_pecas
C08954,Ranger,2023,137037,PJ_Frota,Nordeste,13.0,1,6,1,536.38,,1,0,0,E-mail,0,plano_frota
C04978,Maverick,2015,210725,PF,Centro-Oeste,43.9,0,8,60,1163.08,7.0,1,0,0,App FordPass,1,desconto_pecas
C05376,EcoSport,2014,138382,PF,Norte,38.8,0,4,23,1093.23,6.0,0,0,0,WhatsApp,1,revisao_preco_fixo
C01151,Maverick,2023,31766,PF,Sudeste,7.0,1,2,2,962.82,8.0,1,0,0,App FordPass,0,pacote_revisoes
C02433,EcoSport,2021,26646,PF,Norte,48.3,0,1,13,719.95,,0,0,0,E-mail,0,revisao_preco_fixo
C08153,Mustang,2018,151943,PJ_Frota,Sudeste,6.3,0,12,12,2462.62,,1,0,0,Ligacao,0,plano_frota
C01580,Mustang,2022,67079,PF,Sul,10.8,0,3,1,1138.25,9.0,1,0,0,App FordPass,0,revisao_preco_fixo
C05141,Territory,2019,78129,PF,Norte,85.8,0,1,60,987.85,,0,0,0,WhatsApp,1,revisao_preco_fixo
C04596,Ranger,2017,118110,PF,Sudeste,6.5,0,8,27,1579.68,9.0,0,0,0,E-mail,1,desconto_pecas
C09417,Bronco Sport,2021,78094,PF,Sudeste,8.9,0,6,9,840.4,4.0,0,0,1,WhatsApp,0,pacote_revisoes
C09643,Ka,2014,193787,PF,Sudeste,4.3,0,15,25,929.98,8.0,0,0,0,E-mail,0,desconto_pecas
C01379,Ranger,2026,3791,PF,Sudeste,7.1,1,0,3,508.77,5.0,0,0,0,WhatsApp,0,pacote_revisoes
C08384,Ka,2015,173328,PF,Nordeste,88.0,0,0,57,658.54,7.0,0,0,0,App FordPass,1,desconto_pecas
C04077,Territory,2022,41765,PF,Sudeste,6.4,0,4,0,913.61,5.0,1,0,2,Ligacao,0,revisao_preco_fixo
C08768,Territory,2023,37138,PF,Nordeste,8.3,1,3,11,1048.06,9.0,0,0,0,,0,pacote_revisoes
C06688,Ranger,2020,69801,PF,Sul,5.0,0,5,19,749.39,9.0,1,0,1,App FordPass,1,revisao_preco_fixo
C05284,Ka,2017,95833,PF,Sudeste,12.0,0,4,42,1003.27,6.0,0,0,1,WhatsApp,1,checkup_gratuito
C08824,Maverick,2020,93919,PF,Sudeste,5.4,0,2,0,895.83,6.0,1,0,0,E-mail,1,revisao_preco_fixo
C02382,Ka,2016,99608,PF,Nordeste,6.9,0,3,4,557.19,7.0,0,0,0,App FordPass,0,desconto_pecas
C07770,Ka,2014,195361,PF,Norte,38.3,0,11,60,925.13,10.0,0,0,0,E-mail,1,revisao_preco_fixo
C07097,EcoSport,2014,88009,PF,Sul,5.9,0,10,60,912.13,,0,0,1,E-mail,1,checkup_gratuito
C05491,Territory,2019,107885,PF,Sudeste,3.1,0,9,3,1440.92,7.0,1,0,1,App FordPass,0,revisao_preco_fixo
C09522,Ka,2017,152380,PF,Sudeste,15.6,0,13,50,1074.31,6.0,0,0,1,WhatsApp,1,revisao_preco_fixo
C02455,Ranger,2014,141828,PF,Centro-Oeste,61.1,0,8,60,1166.97,8.0,1,0,0,App FordPass,1,checkup_gratuito
C06068,EcoSport,2021,26113,PF,Sudeste,13.4,0,5,0,1022.99,8.0,0,0,0,WhatsApp,0,revisao_preco_fixo
C02060,Transit,2018,148889,PJ_Frota,Sudeste,4.6,0,1,60,1837.58,5.0,0,0,0,WhatsApp,1,plano_frota
C04944,Ranger,2024,22184,PF,Nordeste,25.3,1,1,5,957.87,6.0,0,0,0,,0,pacote_revisoes
C05312,EcoSport,2020,99014,PF,Sudeste,6.3,0,6,8,724.4,6.0,0,0,0,WhatsApp,0,revisao_preco_fixo
C00087,Ranger,2017,313346,PJ_Frota,Centro-Oeste,39.1,0,26,55,1337.17,,0,0,0,WhatsApp,1,checkup_gratuito
C03738,Maverick,2022,49398,PF,Norte,62.4,0,1,5,900.98,5.0,1,0,0,E-mail,1,checkup_gratuito
C04123,Ranger,2015,83998,PF,Sul,9.4,0,7,4,1363.86,7.0,0,0,0,Ligacao,0,desconto_pecas
C06448,Territory,2020,52157,PF,Sudeste,,0,5,4,1017.33,10.0,0,0,0,WhatsApp,0,revisao_preco_fixo
C06478,EcoSport,2021,84486,PF,Nordeste,34.7,0,3,4,704.25,,0,0,0,WhatsApp,1,desconto_pecas
C05778,Bronco Sport,2014,332227,PF,Sul,8.9,0,28,5,2319.3,9.0,0,0,0,WhatsApp,0,desconto_pecas
C03300,Transit,2017,241990,PJ_Frota,Nordeste,8.7,0,10,16,1016.5,7.0,1,0,0,WhatsApp,0,desconto_pecas
C04970,Territory,2019,88160,PF,Nordeste,15.1,0,6,8,990.16,6.0,0,0,0,Ligacao,0,revisao_preco_fixo
C07653,Ka,2014,162507,PF,Centro-Oeste,53.6,0,13,40,765.77,10.0,0,0,0,Ligacao,1,desconto_pecas
C05634,Ka,2021,51990,PF,Nordeste ,6.0,0,2,2,877.36,,0,0,1,App FordPass,0,checkup_gratuito
C06500,Mustang,2014,114421,PF,Centro-Oeste,23.2,0,12,60,4016.16,10.0,0,0,0,App FordPass,1,revisao_preco_fixo
C04260,Transit,2014,189758,PF,Sul,13.1,0,9,28,955.98,8.0,0,0,0,App FordPass,1,desconto_pecas
C02947,Maverick,2024,29266,PF,Sul,17.8,1,2,25,762.2,5.0,0,0,0,App FordPass,1,pacote_revisoes
C02358,Transit,2019,235422,PJ_Frota,Norte,13.9,0,1,21,1584.66,,0,0,0,WhatsApp,1,revisao_preco_fixo
C01261,Ranger,2024,25053,PF,Centro-Oeste,32.1,1,2,5,1004.28,5.0,0,0,1,App FordPass,0,pacote_revisoes
C06592,Ranger,2023,43034,PF,Sudeste,5.5,1,4,1,822.89,6.0,0,0,2,WhatsApp,0,pacote_revisoes
C01224,Ka,2017,111955,PF,Sudeste,11.5,0,7,60,312.33,9.0,1,1,0,App FordPass,1,checkup_gratuito
C04013,Ka,2016,89126,PF,Norte,14.7,0,6,0,647.8,4.0,0,0,1,Ligacao,1,revisao_preco_fixo
C01775,Ranger,2014,313562,PJ_Frota,Sudeste,2.6,0,11,33,1106.95,7.0,0,0,0,WhatsApp,1,desconto_pecas
C04577,Ka,2017,162038,PF,Sudeste,8.8,0,9,3,597.89,8.0,1,1,0,WhatsApp,0,desconto_pecas
C03112,Bronco Sport,2014,137155,PF,Sudeste,15.0,0,4,2,1204.66,7.0,0,0,0,E-mail,1,desconto_pecas
C03065,Ranger,2019,43322,PF,Sudeste,6.1,0,5,11,621.17,6.0,0,0,1,App FordPass,0,revisao_preco_fixo
C04674,Territory,2017,100821,PF,Norte,43.7,0,7,26,1145.82,7.0,0,0,0,WhatsApp,1,checkup_gratuito
C00355,Ranger,2020,137561,PJ_Frota,Nordeste,11.4,0,12,3,1199.14,9.0,1,0,0,WhatsApp,0,plano_frota
C09896,Territory,2019,88559,PF,Nordeste,30.9,0,1,4,1125.38,9.0,1,0,0,,0,revisao_preco_fixo
C09156,Ranger,2014,238503,PJ_Frota,Nordeste,49.1,0,3,53,1028.77,8.0,0,0,0,,1,desconto_pecas
C07673,Ranger,2014,106019,PF,Sudeste,25.1,0,10,3,1573.09,9.0,0,0,0,App FordPass,0,desconto_pecas
C02898,Territory,2016,149112,PF,Nordeste,41.0,0,4,15,929.0,5.0,0,0,1,WhatsApp,1,checkup_gratuito
C02120,EcoSport,2015,100107,PF,Sudeste,4.8,0,5,60,592.77,9.0,1,0,0,E-mail,1,checkup_gratuito
C02325,Transit,2026,4558,PF,Sudeste,4.3,1,0,3,860.8,8.0,1,0,0,Ligacao,0,pacote_revisoes
C09083,EcoSport,2014,127865,PF,Sudeste,17.3,0,5,12,597.34,3.0,0,0,0,App FordPass,1,desconto_pecas
C00696,Bronco Sport,2017,69945,PF,Sul,9.1,0,7,23,1609.55,6.0,0,0,2,WhatsApp,1,revisao_preco_fixo
C04217,Ka,2020,86202,PF,Nordeste ,,0,5,27,399.81,5.0,0,0,1,WhatsApp,1,revisao_preco_fixo
C00137,Ranger,2015,283857,PJ_Frota,Nordeste,10.5,0,11,60,997.71,8.0,0,0,0,WhatsApp,1,checkup_gratuito
C09981,Ka,2021,36728,PF,sul,25.8,0,2,13,547.89,8.0,1,1,0,WhatsApp,0,pacote_revisoes
C01277,Ka,2017,122895,PF,Sudeste,11.5,0,4,9,628.56,,0,0,0,WhatsApp,1,desconto_pecas
C06880,Ka,2021,120870,PF,Sudeste,12.8,0,8,16,625.44,,1,0,0,WhatsApp,0,desconto_pecas
C00066,Ranger,2026,4440,PF,Sudeste,17.6,1,0,6,1070.29,4.0,1,0,0,WhatsApp,1,revisao_preco_fixo
C06528,Ranger,2024,25568,PF,Sudeste,10.4,1,2,6,859.98,,0,0,0,E-mail,0,pacote_revisoes
C05822,Bronco Sport,2015,125688,PF,Sul,12.1,0,12,11,1338.55,6.0,0,0,1,E-mail,0,desconto_pecas
C09978,Ka,2021,47537,PF,Nordeste,10.3,0,4,22,,8.0,1,0,0,App FordPass,1,checkup_gratuito
C07528,Ranger,2021,175009,PJ_Frota,Sudeste,15.5,0,15,24,898.67,10.0,1,0,0,E-mail,0,plano_frota
C07764,Territory,2020,84731,PF,Sudeste,14.4,0,6,60,1095.74,8.0,1,1,0,E-mail,1,checkup_gratuito
C06407,EcoSport,2021,129671,PF,Sudeste,13.9,0,11,13,632.6,8.0,0,0,0,E-mail,0,revisao_preco_fixo
C09886,Bronco Sport,2021,69340,PF,Sudeste,3.9,0,6,35,1165.65,10.0,0,1,1,Ligacao,0,revisao_preco_fixo
C08087,Ka,2021,106751,PF,Centro-Oeste,33.0,0,2,5,908.14,7.0,0,0,0,WhatsApp,0,revisao_preco_fixo
C08154,Territory,2016,113087,PF,Sul,29.2,0,7,51,1183.99,,0,0,0,App FordPass,1,revisao_preco_fixo
C03284,Ka,2015,140906,PF,norte,45.2,0,3,24,549.8,8.0,0,0,0,WhatsApp,1,checkup_gratuito
C09787,Ranger,2017,79856,PF,Norte,43.3,0,4,20,1921.92,9.0,0,0,0,E-mail,1,revisao_preco_fixo
C03044,Bronco Sport,2022,23075,PF,Norte,22.7,0,3,4,832.08,4.0,1,0,1,App FordPass,0,checkup_gratuito
C01139,Territory,2017,196661,PF,Sudeste,8.4,0,13,1,1125.1,,1,0,0,WhatsApp,0,desconto_pecas
C01839,Bronco Sport,2026,5031,PF,Sudeste,9.1,1,0,12,767.7,6.0,0,0,0,E-mail,0,pacote_revisoes
C05987,Ranger,2025,7908,PF,Sul,8.3,1,1,0,1136.62,4.0,1,0,1,WhatsApp,0,desconto_pecas
C01249,Transit,2025,18520,PF,Sul,30.4,1,0,9,1222.39,10.0,1,0,0,Ligacao,0,pacote_revisoes
C01389,Ka,2019,82546,PF,Sudeste,14.8,0,3,23,982.21,6.0,0,0,1,WhatsApp,1,pacote_revisoes
C05577,Territory,2024,28022,PF,Sudeste,16.7,1,2,8,1173.84,8.0,1,0,0,WhatsApp,0,pacote_revisoes
C07024,Ka,2014,256236,PF,Sudeste,10.6,0,12,17,1071.67,9.0,0,1,1,E-mail,1,desconto_pecas
C01442,Ka,2020,156568,PJ_Frota,Sudeste,12.1,0,7,15,954.27,8.0,1,0,0,Ligacao,1,plano_frota
C04805,Bronco Sport,2026,7740,PF,Nordeste,3.1,1,0,2,677.13,7.0,0,0,0,Ligacao,0,pacote_revisoes
C09511,Ranger,2017,70904,PF,Sudeste,18.1,0,2,60,1058.61,8.0,0,0,0,Ligacao,1,checkup_gratuito
C05819,Ranger,2026,4308,PF,Nordeste ,14.1,1,0,6,828.53,8.0,1,0,0,WhatsApp,0,pacote_revisoes
C01744,Bronco Sport,2024,21349,PF,Sudeste,7.2,1,2,1,828.93,8.0,1,0,0,WhatsApp,0,pacote_revisoes
C05157,Territory,2015,123750,PF,Sudeste,11.4,0,6,60,895.52,7.0,0,0,0,WhatsApp,1,checkup_gratuito
C04454,Ranger,2015,171874,PF,Nordeste,11.3,0,9,31,1991.98,6.0,1,0,0,WhatsApp,1,desconto_pecas
C04584,Territory,2022,55296,PF,Nordeste,15.5,0,1,21,862.92,6.0,1,0,1,E-mail,0,checkup_gratuito
C06057,Territory,2026,4290,PF,Nordeste,7.9,1,0,0,1286.16,8.0,0,1,0,E-mail,0,pacote_revisoes
C09477,Bronco Sport,2020,120453,PJ_Frota,Sul,11.0,0,5,13,864.65,6.0,0,0,1,Ligacao,0,plano_frota
C05308,Ka,2017,114974,PF,Nordeste,15.9,0,4,42,838.09,3.0,0,0,1,App FordPass,0,checkup_gratuito
C05774,EcoSport,2021,64402,PF,sul,32.8,0,1,25,473.4,7.0,0,0,0,App FordPass,1,checkup_gratuito
C06691,Ka,2018,123403,PF,Nordeste,11.5,0,2,10,875.92,9.0,0,0,0,App FordPass,0,desconto_pecas
C04437,EcoSport,2021,84637,PF,Nordeste,28.3,0,2,7,1058.95,8.0,1,0,0,WhatsApp,0,revisao_preco_fixo
C02675,Ranger,2014,203920,PF,SUDESTE,25.1,0,3,2,1719.39,7.0,0,0,0,,0,revisao_preco_fixo
C05359,Maverick,2016,154520,PF,Sudeste,4.7,0,8,8,997.59,10.0,0,0,0,E-mail,0,desconto_pecas
C09989,EcoSport,2016,159423,PF,Sudeste,15.3,0,5,16,679.86,5.0,0,0,0,WhatsApp,1,desconto_pecas
C01338,Maverick,2020,58027,PF,Sul,14.6,0,3,2,884.76,,0,0,0,WhatsApp,0,revisao_preco_fixo
C08482,Maverick,2023,46404,PF,Sul,12.2,1,3,3,1662.04,8.0,0,0,0,Ligacao,0,pacote_revisoes
C01208,EcoSport,2019,81831,PF,Centro-Oeste,37.6,0,2,7,413.63,,0,0,2,App FordPass,1,checkup_gratuito
C06591,Territory,2022,89382,PF,Nordeste,7.5,0,3,2,892.47,7.0,0,0,0,WhatsApp,0,revisao_preco_fixo
C01120,Territory,2023,35216,PJ_Frota,Norte,33.3,1,2,2,985.39,9.0,0,0,0,WhatsApp,0,revisao_preco_fixo
C09340,Ka,2020,129486,PF,Nordeste,27.8,0,2,24,444.25,9.0,0,0,0,WhatsApp,1,revisao_preco_fixo
C03241,Territory,2014,107150,PF,Sudeste,9.4,0,5,32,1452.82,7.0,0,0,0,WhatsApp,1,desconto_pecas
C09003,Ka,2021,68001,PF,Sudeste,9.9,0,3,7,607.05,10.0,0,0,0,WhatsApp,0,revisao_preco_fixo
C08380,Ranger,2018,88644,PF,Sudeste,4.7,0,2,1,1510.51,5.0,0,0,0,E-mail,0,desconto_pecas
C05318,Ranger,2018,68363,PF,Sul,70.3,0,4,16,1689.63,8.0,1,0,0,WhatsApp,1,revisao_preco_fixo
C09904,Territory,2022,70130,PF,Sul,7.8,0,6,18,663.27,9.0,0,0,0,Ligacao,1,revisao_preco_fixo
C02116,EcoSport,2018,120816,PF,Sudeste,4.0,0,3,4,969.39,8.0,0,0,0,E-mail,1,desconto_pecas
C04529,Ranger,2016,272127,PF,Sudeste,10.7,0,12,15,1058.3,8.0,0,0,0,E-mail,0,desconto_pecas
C09291,Maverick,2024,24499,PF,Centro-Oeste,33.9,1,2,8,931.54,10.0,1,0,0,App FordPass,0,pacote_revisoes
C08681,Territory,2017,83106,PF,Nordeste,20.4,0,1,50,1047.35,8.0,1,0,1,WhatsApp,1,checkup_gratuito
C01421,Ranger,2015,124130,PF,Sudeste,16.4,0,4,22,900.21,8.0,0,0,0,WhatsApp,1,revisao_preco_fixo
C02031,Ranger,2014,119936,PF,Nordeste,7.1,0,6,3,880.52,6.0,1,1,0,App FordPass,0,desconto_pecas
C08044,Transit,2017,176423,PJ_Frota,Centro-Oeste,7.9,0,12,56,1050.44,5.0,0,0,1,WhatsApp,1,revisao_preco_fixo
C09157,Ka,2018,89140,PF,Nordeste,14.5,0,2,7,743.1,,1,0,0,E-mail,0,pacote_revisoes
C01247,EcoSport,2020,64120,PF,Sul,17.4,0,4,6,454.24,8.0,0,0,0,E-mail,1,desconto_pecas
C02601,Territory,2015,72286,PF,Norte,34.7,0,0,12,1088.79,7.0,1,0,0,WhatsApp,1,desconto_pecas
C03190,Ka,2014,170845,PF,Sudeste,17.4,0,5,38,517.6,3.0,0,0,1,WhatsApp,1,checkup_gratuito
C01399,Ranger,2020,209927,PJ_Frota,Norte,170.2,0,6,14,832.89,8.0,1,0,0,WhatsApp,0,plano_frota
C00989,Maverick,2020,45340,PF,Centro Oeste,13.2,0,3,60,677.19,5.0,0,1,0,Ligacao,1,checkup_gratuito
C07888,Bronco Sport,2025,7867,PF,Centro-Oeste,14.8,1,0,3,605.51,8.0,1,0,0,App FordPass,0,pacote_revisoes
C01230,EcoSport,2015,169515,PF,Sudeste,4.1,0,10,24,,6.0,0,0,0,WhatsApp,1,desconto_pecas
C09336,Ranger,2024,52987,PJ_Frota,Nordeste ,19.4,1,4,10,941.35,4.0,0,0,2,WhatsApp,0,plano_frota
C02800,Transit,2015,407108,PJ_Frota,Norte,11.6,0,35,60,904.87,6.0,0,0,0,WhatsApp,1,desconto_pecas
C03132,Ka,2018,148695,PF,Sudeste,3.7,0,10,53,621.14,9.0,0,1,1,App FordPass,1,checkup_gratuito
C07455,Ranger,2018,169566,PF,Norte,18.7,0,8,28,1515.35,6.0,0,0,0,App FordPass,1,desconto_pecas
C00473,Ka,2015,215821,PF,Centro-Oeste,,0,7,44,553.1,,0,0,0,App FordPass,1,checkup_gratuito
C08749,Ranger,2019,276499,PJ_Frota,Sudeste,9.0,0,19,60,1401.31,8.0,0,0,0,WhatsApp,1,revisao_preco_fixo
C02475,Ka,2015,178284,PF,Nordeste,4.6,0,10,17,994.43,7.0,0,1,1,App FordPass,0,desconto_pecas
C07570,Territory,2016,204856,PF,Sul,9.6,0,15,1,1036.33,10.0,0,0,0,Ligacao,0,desconto_pecas
C01125,Ranger,2022,49582,PF,Sudeste,11.7,0,3,2,908.31,7.0,1,0,0,,0,revisao_preco_fixo
C07495,Bronco Sport,2018,73178,PF,Sudeste,4.8,0,5,6,1189.18,7.0,0,0,0,WhatsApp,1,pacote_revisoes
C05281,EcoSport,2017,114970,PF,Sudeste,9.4,0,9,11,,8.0,0,0,0,Ligacao,1,desconto_pecas
C06934,Territory,2017,96687,PF,Nordeste,48.6,0,3,60,1067.27,9.0,0,0,0,WhatsApp,1,checkup_gratuito
C06461,Bronco Sport,2016,123352,PF,Centro-Oeste,22.1,0,6,50,1321.55,10.0,1,0,0,App FordPass,1,desconto_pecas
C05118,Ka,2021,38131,PF,Sul,14.0,0,2,1,511.52,6.0,1,0,1,E-mail,0,revisao_preco_fixo
C00669,Ranger,2020,115312,PF,Sudeste,15.9,0,8,20,1126.49,8.0,0,0,0,Ligacao,1,pacote_revisoes
C08239,Ranger,2019,95604,PF,Sudeste,5.6,0,7,10,1582.48,7.0,1,0,0,App FordPass,0,revisao_preco_fixo
C03321,Ranger,2014,163735,PF,Sudeste,7.1,0,10,4,1450.53,9.0,0,0,0,Ligacao,1,desconto_pecas
C07382,Transit,2014,443145,PJ_Frota,Norte,12.2,0,29,53,930.37,7.0,0,0,0,E-mail,1,desconto_pecas
C03347,Territory,2020,107663,PF,Nordeste,53.8,0,4,21,1060.95,,0,0,1,WhatsApp,0,revisao_preco_fixo
C08561,EcoSport,2018,145230,PF,Nordeste,11.0,0,9,2,935.78,7.0,0,0,0,WhatsApp,0,desconto_pecas
C01232,Ka,2018,95769,PF,Sudeste,2.4,0,7,8,1345.85,6.0,1,0,0,WhatsApp,0,revisao_preco_fixo
C04908,Territory,2014,143079,PF,Sudeste,13.6,0,7,50,,5.0,0,0,1,WhatsApp,0,checkup_gratuito
C07700,Ka,2021,40902,PF,Nordeste ,32.4,0,4,4,,8.0,0,0,0,WhatsApp,0,desconto_pecas
C08313,EcoSport,2019,128587,PF,Sudeste,17.5,0,3,56,1741.72,5.0,0,0,0,WhatsApp,1,revisao_preco_fixo
C03999,Ka,2020,93506,PF,Sul,24.2,0,2,16,,7.0,0,0,0,WhatsApp,1,revisao_preco_fixo
C01319,Maverick,2014,159414,PF,Sudeste,,0,3,60,1245.1,6.0,0,0,0,Ligacao,1,desconto_pecas
C06185,Bronco Sport,2019,131049,PF,Sudeste,21.7,0,8,13,,5.0,1,0,0,WhatsApp,1,desconto_pecas
C09956,Bronco Sport,2023,41334,PF,Sudeste,5.0,1,4,2,1517.64,5.0,1,0,1,App FordPass,0,pacote_revisoes
C05981,Ranger,2015,131089,PF,Sudeste,5.0,0,7,37,,7.0,0,1,1,App FordPass,1,checkup_gratuito
C06048,EcoSport,2019,73592,PF,Norte,129.1,0,0,6,1032.96,10.0,0,0,0,WhatsApp,1,revisao_preco_fixo
C05196,Ranger,2016,112883,PF,Norte,37.8,0,4,18,1209.84,7.0,0,0,0,WhatsApp,0,revisao_preco_fixo
C00677,Ranger,2024,31228,PF,Nordeste,31.2,1,2,42,956.78,8.0,1,0,0,WhatsApp,1,checkup_gratuito
C09660,Ranger,2015,425070,PJ_Frota,Sul,10.3,0,33,3,2394.46,6.0,1,0,0,App FordPass,0,desconto_pecas
C02626,Territory,2018,59545,PF,Sul,18.3,0,3,31,1508.29,10.0,0,0,0,Ligacao,1,revisao_preco_fixo
C07400,Ranger,2022,80714,PF,Centro-Oeste,8.2,0,4,10,940.42,8.0,0,0,0,App FordPass,0,revisao_preco_fixo
C04545,EcoSport,2017,142998,PF,Sul,12.3,0,10,2,870.64,6.0,0,1,0,App FordPass,0,desconto_pecas
C03829,Territory,2025,19483,PJ_Frota,Sudeste,4.2,1,1,5,599.31,9.0,1,0,0,Ligacao,0,plano_frota
C06864,Ranger,2014,116835,PF,Centro-Oeste,27.0,0,4,60,1048.13,6.0,0,0,0,E-mail,1,checkup_gratuito
C01361,Ranger,2014,140671,PF,Sul,22.3,0,4,60,1555.55,8.0,0,0,1,App FordPass,1,checkup_gratuito
C03635,Ka,2020,63003,PF,Sudeste,14.9,0,3,39,474.84,7.0,0,1,1,Ligacao,0,checkup_gratuito
C09332,Ranger,2016,187902,PF,Nordeste,8.8,0,12,13,1269.69,10.0,0,0,0,WhatsApp,0,desconto_pecas
C07366,Ka,2019,175445,PF,Norte,20.1,0,12,54,815.95,10.0,0,1,0,E-mail,0,checkup_gratuito
C00123,Ranger,2025,11794,PF,Sudeste,15.4,1,1,9,,8.0,0,1,0,App FordPass,0,pacote_revisoes
C09614,Ka,2016,117323,PF,Sudeste,2.7,0,9,47,1052.82,9.0,0,0,0,WhatsApp,1,desconto_pecas
C06290,Bronco Sport,2014,92497,PF,Sudeste,6.1,0,4,1,1143.86,3.0,0,1,2,E-mail,1,checkup_gratuito
C09967,Territory,2017,91106,PF,Sudeste,7.6,0,3,1,1736.83,6.0,0,0,0,E-mail,0,desconto_pecas
C01703,Territory,2018,83290,PF,Sul,14.4,0,2,7,1105.05,6.0,1,0,0,E-mail,0,desconto_pecas
C05840,Ranger,2018,131665,PF,Sul,8.2,0,4,17,876.15,9.0,0,0,0,WhatsApp,0,desconto_pecas
C03071,Transit,2017,85616,PF,Sudeste,12.0,0,6,36,1036.3,,0,0,0,App FordPass,1,checkup_gratuito
C02536,Maverick,2018,75650,PF,Sudeste,1.7,0,1,45,1748.75,5.0,0,0,0,Ligacao,1,checkup_gratuito
C00254,EcoSport,2017,282515,PJ_Frota,Nordeste,14.8,0,18,35,1299.78,10.0,1,0,0,App FordPass,1,desconto_pecas
C08054,Transit,2023,62762,PF,Sudeste,7.2,1,3,11,992.76,5.0,1,1,1,App FordPass,0,pacote_revisoes
C01067,Territory,2021,55577,PF,Sudeste,13.5,0,2,25,876.13,4.0,0,0,1,WhatsApp,1,checkup_gratuito
C07634,Ka,2020,82545,PF,Norte,,0,4,21,691.8,6.0,1,0,1,App FordPass,0,revisao_preco_fixo
C04699,Bronco Sport,2019,108160,PF,Sul,17.8,0,7,10,926.76,6.0,0,0,0,Ligacao,0,revisao_preco_fixo
C09032,Ranger,2016,215056,PF,Nordeste,6.4,0,9,25,1873.06,3.0,0,1,2,,0,checkup_gratuito
C00253,EcoSport,2017,202117,PF,SUDESTE,4.0,0,5,39,1048.62,7.0,1,0,0,WhatsApp,1,desconto_pecas
C09513,Maverick,2018,131972,PF,Centro-Oeste,56.3,0,4,13,676.73,,0,0,0,E-mail,1,desconto_pecas
C02240,EcoSport,2019,104304,PF,Nordeste,5.5,0,3,26,845.08,8.0,0,0,0,WhatsApp,0,revisao_preco_fixo
C06246,Transit,2018,169056,PJ_Frota,Sul,11.5,0,13,13,1172.74,8.0,0,0,0,WhatsApp,0,plano_frota
C07629,Maverick,2026,2916,PF,Nordeste,9.3,1,0,4,1154.96,8.0,1,0,1,WhatsApp,0,pacote_revisoes
C05740,Bronco Sport,2015,154321,PF,Sul,5.1,0,10,60,1355.12,9.0,0,0,0,WhatsApp,1,desconto_pecas
C02082,Territory,2031,61341,PF,Sudeste,34.2,0,1,3,16032.749999999998,9.0,0,0,0,Ligacao,0,revisao_preco_fixo
C02076,Transit,2026,4224,PF,Sudeste,5.1,1,0,43,1148.23,8.0,1,0,0,E-mail,1,checkup_gratuito
C07062,EcoSport,2019,99045,PF,Centro-Oeste,,0,6,60,1260.19,10.0,1,1,0,WhatsApp,1,checkup_gratuito
C07262,Ranger,2026,2996,PF,Sudeste,5.5,1,0,1,1128.71,8.0,1,0,0,Ligacao,0,revisao_preco_fixo
C00237,Maverick,2014,130175,PF,Sudeste,5.2,0,13,6,1732.81,9.0,0,0,2,WhatsApp,0,desconto_pecas
C05768,EcoSport,2014,263151,PF,sul,15.4,0,15,11,1521.42,9.0,0,0,0,WhatsApp,0,desconto_pecas
C04275,Ka,2019,99531,PF,Nordeste,14.5,0,2,11,553.42,8.0,0,1,0,WhatsApp,1,revisao_preco_fixo
C01881,Territory,2021,68495,PF,Centro-Oeste,33.6,0,4,15,,7.0,0,0,0,E-mail,0,revisao_preco_fixo
C01605,EcoSport,2014,142995,PF,Sudeste,3.3,0,6,18,945.65,,0,0,0,E-mail,1,desconto_pecas
C02889,Ka,2018,75433,PF,Sul,13.3,0,3,8,837.34,8.0,1,0,0,E-mail,0,pacote_revisoes
C06237,Territory,2015,213474,PF,Sul,7.5,0,6,60,1320.14,7.0,1,0,0,App FordPass,1,checkup_gratuito
C04981,EcoSport,2015,98881,PF,Nordeste,13.3,0,8,14,805.54,7.0,0,0,1,WhatsApp,1,desconto_pecas
C09931,Territory,2020,363352,PJ_Frota,Sul,10.4,0,14,15,1054.48,7.0,1,0,0,App FordPass,0,desconto_pecas
C03751,Ranger,2016,270750,PJ_Frota,Sul,18.8,0,16,13,1177.64,8.0,0,0,0,E-mail,1,desconto_pecas
C04156,Mustang,2016,142459,PF,Nordeste,7.8,0,7,10,2054.43,,0,0,1,Ligacao,0,desconto_pecas
C08408,Mustang,2024,25518,PF,Sudeste,6.0,1,2,2,913.25,6.0,1,0,0,App FordPass,0,pacote_revisoes
C04099,Mustang,2019,77181,PF,Sul,13.4,0,5,60,1951.03,7.0,0,0,2,App FordPass,1,revisao_preco_fixo
C02861,Ranger,2017,173515,PF,Centro-Oeste,51.9,0,7,29,1371.26,10.0,1,0,0,WhatsApp,0,desconto_pecas
C06450,EcoSport,2019,106488,PF,Nordeste,11.2,0,4,40,613.45,9.0,1,0,0,WhatsApp,1,revisao_preco_fixo
C09091,Ranger,2024,62150,PJ_Frota,Sul,2.9,1,5,9,991.1,7.0,0,0,0,App FordPass,0,pacote_revisoes
C07563,Ranger,2018,186963,PF,Nordeste,67.3,0,3,32,978.72,,0,0,1,E-mail,1,checkup_gratuito
C05620,Ranger,2019,168292,PJ_Frota,Centro-Oeste,52.5,0,6,38,1121.59,7.0,0,0,0,App FordPass,1,plano_frota
C09420,Ka,2015,302480,PF,Centro-Oeste,35.4,0,18,22,592.79,5.0,0,0,0,App FordPass,1,desconto_pecas
C03448,EcoSport,2020,128152,PF,Centro-Oeste,29.4,0,7,11,637.3,8.0,0,0,1,App FordPass,0,revisao_preco_fixo
C05121,EcoSport,2020,90251,PF,Sul,29.5,0,4,37,1037.11,9.0,0,0,0,App FordPass,0,checkup_gratuito
C00602,Mustang,2024,49484,PJ_Frota,Centro-Oeste,17.6,1,2,9,1796.24,7.0,1,0,0,WhatsApp,0,plano_frota
C03207,Ka,2018,119230,PF,Centro-Oeste,18.8,0,5,37,556.56,9.0,1,0,0,Ligacao,1,checkup_gratuito
C01401,Ka,2015,78321,PF,Sul,18.8,0,7,15,465.4,,0,0,1,App FordPass,1,desconto_pecas
C04498,Maverick,2023,28765,PF,Sul,18.4,1,3,1,578.85,6.0,0,0,0,E-mail,0,pacote_revisoes
C03246,EcoSport,2021,40670,PF,Norte,,0,0,2,705.13,,1,0,0,WhatsApp,1,desconto_pecas
C09544,Territory,2020,75315,PF,Sudeste,5.2,0,3,48,,,0,1,0,WhatsApp,1,checkup_gratuito
C09759,EcoSport,2019,133097,PF,Sul,16.1,0,7,45,1290.96,6.0,0,0,0,E-mail,1,revisao_preco_fixo
C04760,Ranger,2021,182280,PJ_Frota,Sudeste,12.1,0,8,32,,,0,0,0,E-mail,1,revisao_preco_fixo
C05617,Maverick,2016,157941,PF,Sudeste,10.8,0,2,11,655.62,7.0,0,0,0,WhatsApp,1,desconto_pecas
C04220,Ka,2015,389386,PJ_Frota,Sudeste,6.5,0,29,26,24964.25,10.0,0,1,0,WhatsApp,0,desconto_pecas
C07249,Territory,2014,192453,PF,Centro-Oeste,13.2,0,10,58,1097.88,9.0,1,0,0,Ligacao,1,desconto_pecas
C09450,Transit,2020,73267,PF,Centro-Oeste,12.3,0,2,24,1189.47,4.0,1,0,0,App FordPass,1,revisao_preco_fixo
C03171,Territory,2016,142377,PF,Sudeste,4.7,0,7,59,1247.24,,0,0,0,Ligacao,1,checkup_gratuito
C09353,Bronco Sport,2026,6349,PF,SUDESTE,,1,0,7,484.24,5.0,1,0,1,,0,pacote_revisoes
C02827,EcoSport,2020,67023,PF,Sudeste,10.2,0,1,15,,,1,0,0,Ligacao,0,checkup_gratuito
C08465,Ranger,2023,38121,PF,Sul,7.3,1,1,3,893.12,4.0,0,0,1,WhatsApp,0,pacote_revisoes
C00353,Territory,2024,92889,PJ_Frota,Nordeste,,1,8,3,18155.25,9.0,1,1,0,E-mail,0,plano_frota
C01754,EcoSport,2019,155647,PF,Nordeste,5.8,0,3,23,992.07,9.0,1,0,0,Ligacao,1,desconto_pecas
C02830,EcoSport,2020,71826,PF,Sudeste,11.4,0,1,4,876.35,6.0,0,0,0,E-mail,1,pacote_revisoes
C07116,Ranger,2026,3556,PF,Sudeste,4.7,1,0,12,1019.74,7.0,1,0,0,App FordPass,0,pacote_revisoes
C02645,Mustang,2019,101953,PF,Centro-Oeste,30.0,0,6,1,1816.28,7.0,0,0,0,App FordPass,0,revisao_preco_fixo
C08845,Territory,2020,50604,PF,Sul,,0,3,15,832.65,7.0,0,0,1,WhatsApp,1,revisao_preco_fixo
C06026,Ka,2019,92056,PF,Centro-Oeste,7.3,0,3,16,958.61,,0,0,1,WhatsApp,0,revisao_preco_fixo
C07616,EcoSport,2016,62738,PF,Norte,61.7,0,4,18,1226.43,3.0,1,0,0,App FordPass,1,checkup_gratuito
C03899,Ka,2021,45898,PF,Sul,,0,3,2,652.99,,0,0,0,App FordPass,0,revisao_preco_fixo
C08077,EcoSport,2021,91024,PF,Sul,13.5,0,3,1,766.11,8.0,1,0,0,E-mail,0,desconto_pecas
C08601,Ka,2015,106145,PF,Sudeste,6.0,0,7,5,481.03,9.0,0,1,0,E-mail,0,desconto_pecas
C02927,Territory,2016,119826,PF,Sudeste,5.1,0,4,8,1086.23,6.0,0,0,0,WhatsApp,1,desconto_pecas
C06510,Maverick,2020,69672,PF,Sudeste,4.7,0,5,5,1092.11,9.0,0,0,0,App FordPass,0,revisao_preco_fixo
C00929,Bronco Sport,2020,82341,PF,Sudeste,8.1,0,5,2,1398.24,7.0,0,0,0,Ligacao,0,revisao_preco_fixo
C08216,Maverick,2022,36638,PF,Nordeste,21.2,0,0,0,732.5,5.0,0,0,0,WhatsApp,0,revisao_preco_fixo
C03878,Ka,2017,96577,PF,Nordeste,12.6,0,4,9,825.12,,0,0,0,App FordPass,1,revisao_preco_fixo
C06696,EcoSport,2015,136936,PF,Sudeste,15.7,0,6,9,712.09,5.0,0,0,1,WhatsApp,1,desconto_pecas
C02154,Territory,2019,134524,PF,Nordeste,7.0,0,1,13,1129.7,10.0,1,0,0,App FordPass,1,revisao_preco_fixo
C00462,Transit,2026,3179,PF,Sudeste,19.8,1,0,0,1006.09,5.0,0,0,0,E-mail,0,pacote_revisoes
C04195,Ranger,2015,119925,PF,Nordeste,13.5,0,5,31,841.75,6.0,0,0,0,WhatsApp,0,desconto_pecas
C02098,Ka,2014,108295,PF,Centro-Oeste,14.3,0,3,37,778.68,10.0,0,0,0,WhatsApp,1,desconto_pecas
C09065,Territory,2015,325641,PF,Nordeste,,0,7,2,961.93,5.0,0,0,0,E-mail,0,desconto_pecas
C00779,Maverick,2015,112962,PF,Sul,10.2,0,8,60,765.1,,0,0,0,App FordPass,1,checkup_gratuito
C09909,Maverick,2016,178760,PF,Sudeste,12.6,0,9,60,595.76,7.0,0,0,1,E-mail,1,desconto_pecas
C03449,Maverick,2020,81964,PF,Sudeste,10.1,0,8,2,826.83,8.0,0,0,0,,0,revisao_preco_fixo
C08812,Territory,2026,6383,PF,Norte,16.0,1,0,1,554.61,7.0,1,0,0,App FordPass,0,pacote_revisoes
C04363,Transit,2019,211713,PJ_Frota,Sul,18.3,0,8,60,,6.0,1,0,1,WhatsApp,1,plano_frota
C04753,Ranger,2024,26300,PF,Centro Oeste,22.2,1,1,1,1490.47,5.0,0,0,1,E-mail,0,pacote_revisoes
C09699,EcoSport,2015,155052,PF,Nordeste,21.4,0,2,60,761.51,7.0,0,0,1,App FordPass,1,checkup_gratuito
C04717,Territory,2016,99440,PF,Nordeste,15.8,0,5,28,795.87,8.0,0,0,0,App FordPass,0,desconto_pecas
C00576,Mustang,2018,162394,PF,Nordeste,26.0,0,9,38,,10.0,0,0,0,App FordPass,1,checkup_gratuito
C08691,EcoSport,2014,108457,PF,Sudeste,15.1,0,2,60,696.18,7.0,1,1,0,App FordPass,1,checkup_gratuito
C07510,Territory,2031,253909,PF,Centro-Oeste,26.7,0,5,12,1914.15,8.0,0,1,1,Ligacao,1,desconto_pecas
C02793,Transit,2022,171587,PJ_Frota,Sudeste,26.6,0,9,20,506.56,10.0,0,0,0,Ligacao,0,plano_frota
C01928,Ka,2020,81099,PF,Nordeste,15.0,0,5,20,582.28,7.0,0,0,0,App FordPass,1,revisao_preco_fixo
C06924,EcoSport,2017,48604,PF,Nordeste,14.7,0,9,60,763.92,9.0,0,0,0,WhatsApp,1,revisao_preco_fixo
C02371,EcoSport,2017,162947,PF,Sudeste,9.0,0,2,30,501.56,6.0,0,1,0,WhatsApp,1,checkup_gratuito
C06408,Territory,2026,2782,PF,Nordeste,8.6,1,0,6,551.74,5.0,1,0,1,Ligacao,0,pacote_revisoes
C01387,EcoSport,2021,154228,PF,Nordeste,18.5,0,3,12,633.53,5.0,1,0,0,E-mail,1,desconto_pecas
C09685,Ka,2018,105556,PF,Sudeste,12.1,0,8,37,,7.0,0,0,0,Ligacao,1,desconto_pecas
C03204,Transit,2024,27824,PF,Sudeste,9.9,1,2,19,869.99,4.0,0,1,0,WhatsApp,0,pacote_revisoes
C07794,Territory,2016,99360,PF,Nordeste,77.0,0,4,60,728.43,7.0,1,1,0,E-mail,1,checkup_gratuito
C03615,Territory,2024,36319,PF,Sudeste,13.5,1,3,7,1006.22,3.0,1,0,2,Ligacao,0,pacote_revisoes
C06721,Ranger,2017,185247,PJ_Frota,Nordeste,8.0,0,15,52,,,0,0,0,App FordPass,1,desconto_pecas
C04178,Territory,2015,172741,PF,Sul,5.3,0,9,1,1008.81,3.0,0,0,0,App FordPass,0,desconto_pecas
C00027,Ka,2020,95550,PF,Sudeste,3.0,0,5,11,634.13,8.0,0,0,0,WhatsApp,0,revisao_preco_fixo
C05712,Transit,2023,86049,PJ_Frota,Sudeste,23.0,1,8,1,1254.05,7.0,1,0,0,App FordPass,0,plano_frota
C09059,Maverick,2019,177358,PF,Sudeste,8.2,0,9,16,935.16,6.0,0,0,0,WhatsApp,0,desconto_pecas
C08241,Transit,2020,141656,PJ_Frota,Sudeste,7.6,0,9,9,1127.31,8.0,1,0,0,App FordPass,0,revisao_preco_fixo
C08784,Bronco Sport,2020,80370,PF,Sudeste,4.8,0,5,8,990.34,7.0,0,0,0,E-mail,1,desconto_pecas
C00953,Ka,2021,51072,PF,Nordeste,14.3,0,5,4,522.91,7.0,0,0,0,WhatsApp,0,revisao_preco_fixo
C06424,Ka,2018,85682,PF,Nordeste,,0,2,12,702.79,,0,0,1,E-mail,1,revisao_preco_fixo
C09442,Bronco Sport,2014,258934,PF,Sudeste,9.3,0,13,50,1540.08,9.0,0,0,0,WhatsApp,1,desconto_pecas
C03128,Territory,2023,40432,PF,Sul,6.3,1,3,3,614.7,6.0,1,0,0,WhatsApp,0,pacote_revisoes
C01992,EcoSport,2021,60369,PF,Centro-Oeste,13.0,0,3,60,1301.65,4.0,1,0,0,App FordPass,1,checkup_gratuito
C09360,EcoSport,2019,95284,PF,Centro-Oeste,7.4,0,6,14,571.52,6.0,1,0,1,App FordPass,0,revisao_preco_fixo
C08792,EcoSport,2014,70610,PF,Nordeste,18.2,0,1,8,795.93,7.0,0,0,0,WhatsApp,0,desconto_pecas
C03271,Territory,2021,52510,PF,Nordeste,14.5,0,1,24,631.06,8.0,0,0,0,Ligacao,1,revisao_preco_fixo
C02460,Maverick,2019,49792,PF,Centro-Oeste,15.1,0,1,17,1667.95,6.0,0,0,0,WhatsApp,0,revisao_preco_fixo
C04465,Ka,2019,145594,PF,Nordeste,37.1,0,9,2,805.1,8.0,0,0,0,App FordPass,0,desconto_pecas
C06598,Ka,2014,126545,PF,Centro-Oeste,25.9,0,5,28,660.76,9.0,0,0,1,WhatsApp,1,pacote_revisoes
C06581,Territory,2020,83954,PF,Centro-Oeste,33.5,0,5,2,1086.76,8.0,0,0,1,WhatsApp,1,revisao_preco_fixo
C09386,Mustang,2022,57352,PF,Nordeste,11.2,0,4,1,1525.69,8.0,1,0,0,App FordPass,0,plano_frota
C00619,Ka,2020,151510,PF,Nordeste,18.2,0,12,3,770.2,8.0,0,1,0,E-mail,1,revisao_preco_fixo
C01032,Ranger,2024,59291,PJ_Frota,Norte,118.6,1,2,5,1076.65,7.0,1,0,0,Ligacao,0,plano_frota
C07215,Ka,2019,152719,PF,Sul,73.9,0,3,1,590.62,7.0,1,0,0,App FordPass,0,desconto_pecas
C00204,Ka,2016,113217,PF,Nordeste,9.6,0,6,12,716.35,6.0,0,0,0,WhatsApp,0,desconto_pecas
C07555,Mustang,2023,33482,PF,Sudeste,4.4,1,3,2,1793.87,6.0,1,0,1,App FordPass,0,pacote_revisoes
C09400,Territory,2021,80046,PF,Nordeste ,42.0,0,6,37,672.35,8.0,0,0,0,WhatsApp,0,revisao_preco_fixo
C03912,Maverick,2017,98980,PF,Centro-Oeste,32.5,0,3,37,1268.51,4.0,0,0,2,WhatsApp,1,revisao_preco_fixo
C04714,Territory,2017,250832,PF,Nordeste,20.5,0,12,31,843.36,9.0,0,0,0,Ligacao,0,desconto_pecas
C07545,EcoSport,2015,189641,PF,Sudeste,9.4,0,8,37,1026.16,7.0,0,0,1,Ligacao,1,desconto_pecas
C09453,Territory,2019,412475,PJ_Frota,Sudeste,10.3,0,30,10,856.76,10.0,0,0,0,WhatsApp,0,desconto_pecas
C09609,Ranger,2024,62181,PJ_Frota,SUDESTE,3.5,1,5,5,2077.27,7.0,1,0,0,E-mail,0,plano_frota
C05085,Ranger,2016,136653,PF,Centro-Oeste,26.3,0,2,16,1731.25,,0,0,0,WhatsApp,0,checkup_gratuito
C04308,Transit,2016,126210,PF,Sudeste,4.6,0,9,12,1711.19,7.0,0,0,1,WhatsApp,0,revisao_preco_fixo
C08370,Ranger,2017,452975,PF,Nordeste,25.3,0,11,58,1143.97,7.0,1,0,0,App FordPass,1,desconto_pecas
C05789,Ranger,2021,33707,PF,Nordeste,19.2,0,3,6,1025.42,8.0,0,1,0,App FordPass,0,revisao_preco_fixo
C02547,Ka,2014,395090,PJ_Frota,SUDESTE,23.4,0,7,13,908.43,5.0,1,0,1,E-mail,0,desconto_pecas
C03551,Ranger,2025,9218,PF,Nordeste,18.2,1,1,8,620.23,,0,0,0,WhatsApp,0,pacote_revisoes
C03989,Transit,2016,146050,PF,Sudeste,6.9,0,12,46,1933.31,7.0,0,0,1,App FordPass,1,desconto_pecas
C01466,Ranger,2014,137735,PF,Sudeste,7.0,0,12,60,1596.73,6.0,0,0,0,WhatsApp,1,checkup_gratuito
C05616,Ranger,2021,148687,PF,Norte,36.7,0,11,8,608.11,10.0,0,0,0,WhatsApp,0,pacote_revisoes
C01041,Territory,2015,125414,PF,Sudeste,7.0,0,7,2,1130.91,9.0,0,0,1,WhatsApp,0,desconto_pecas
C04368,Ka,2017,72938,PF,norte,58.8,0,4,40,1011.45,5.0,0,0,1,,1,checkup_gratuito
C07034,Ka,2017,68841,PF,Sudeste,9.4,0,6,0,536.96,8.0,0,0,0,Ligacao,0,desconto_pecas
C02674,Territory,2019,127623,PF,Sudeste,13.7,0,8,5,1163.94,10.0,1,0,0,WhatsApp,0,revisao_preco_fixo
C02621,Transit,2022,151772,PJ_Frota,Nordeste,8.6,0,10,12,1216.21,6.0,1,0,3,E-mail,1,plano_frota
C00002,Maverick,2023,47616,PJ_Frota,Sudeste,5.4,1,2,11,1198.76,7.0,1,0,0,WhatsApp,1,plano_frota
C03951,Transit,2023,124064,PJ_Frota,Nordeste,43.4,1,10,8,892.08,8.0,1,0,1,App FordPass,0,plano_frota
C06409,EcoSport,2014,104622,PF,Sul,42.9,0,7,34,1164.75,6.0,0,0,0,E-mail,1,desconto_pecas
C00324,Maverick,2018,122351,PF,Sudeste,7.4,0,5,2,992.19,6.0,0,0,1,WhatsApp,1,desconto_pecas
C00811,Ka,2019,148647,PF,Sul,7.6,0,6,2,586.92,4.0,0,0,1,E-mail,1,desconto_pecas
C06111,Ranger,2015,154507,PF,Sul,10.0,0,6,51,1033.72,8.0,0,0,2,Ligacao,1,checkup_gratuito
C08936,EcoSport,2020,123538,PF,Sudeste,5.0,0,10,8,693.92,8.0,0,0,0,WhatsApp,0,revisao_preco_fixo
C03843,Territory,2016,106904,PF,Nordeste,6.4,0,2,60,1561.32,6.0,1,0,0,Ligacao,1,revisao_preco_fixo
C07335,Mustang,2023,48966,PF,Centro-Oeste,21.9,1,3,4,828.3,9.0,0,0,0,E-mail,0,pacote_revisoes
C01668,Ka,2016,106145,PF,Sul,11.1,0,7,2,631.31,9.0,0,1,0,WhatsApp,1,checkup_gratuito
C07241,EcoSport,2017,139740,PF,Nordeste,16.8,0,12,53,1023.07,9.0,0,0,1,WhatsApp,1,revisao_preco_fixo
C02467,Territory,2026,8508,PJ_Frota,Sudeste,2.7,1,0,3,550.48,9.0,1,0,0,WhatsApp,0,pacote_revisoes
C06895,Ka,2021,52027,PF,Nordeste,47.4,0,0,35,1043.09,4.0,1,0,0,App FordPass,1,revisao_preco_fixo
C02182,Maverick,2024,41663,PF,Norte,12.0,1,2,2,931.37,9.0,0,0,0,WhatsApp,0,pacote_revisoes
C04617,Ranger,2025,15861,PF,Nordeste,7.4,1,1,0,952.4,6.0,1,0,0,E-mail,0,pacote_revisoes
C02623,Transit,2024,42274,PJ_Frota,Sul,48.1,1,3,3,1238.82,6.0,0,0,0,WhatsApp,0,plano_frota
C03591,EcoSport,2017,74581,PF,Nordeste,49.4,0,1,60,899.06,9.0,1,0,0,App FordPass,1,desconto_pecas
C09999,Ranger,2017,226269,PJ_Frota,Sudeste,10.3,0,20,16,1201.26,,0,0,0,WhatsApp,0,desconto_pecas
C06421,Ranger,2014,135446,PF,Nordeste,13.8,0,8,4,1821.0,8.0,0,0,0,E-mail,0,desconto_pecas
C08031,Ranger,2016,487776,PJ_Frota,Norte,51.1,0,20,58,2005.21,4.0,0,0,1,WhatsApp,0,desconto_pecas
C07915,Transit,2025,6693,PF,Sudeste,16.2,1,1,1,706.53,8.0,1,0,0,App FordPass,0,pacote_revisoes
C01540,Maverick,2020,58818,PF,Centro-Oeste,12.7,0,2,10,1166.21,6.0,0,0,0,WhatsApp,1,revisao_preco_fixo
C07650,Maverick,2016,199333,PF,Sudeste,14.0,0,14,15,1507.15,7.0,0,0,0,WhatsApp,1,desconto_pecas
C04968,Ka,2017,77067,PF,Nordeste,7.8,0,3,54,421.64,,0,0,1,WhatsApp,1,desconto_pecas
C07731,Ranger,2014,197518,PF,Sudeste,8.8,0,3,52,1336.56,3.0,0,0,1,E-mail,1,checkup_gratuito
C05952,Ranger,2019,80257,PF,Sul,32.6,0,3,12,1141.27,8.0,1,0,0,WhatsApp,1,revisao_preco_fixo
C04645,Transit,2021,75110,PF,Norte,39.3,0,4,1,790.23,7.0,1,0,1,App FordPass,0,revisao_preco_fixo
C06455,Bronco Sport,2025,11492,PF,Nordeste,20.6,1,1,1,1339.57,7.0,0,0,0,WhatsApp,0,revisao_preco_fixo
C04803,Ranger,2020,55294,PF,Sudeste,17.7,0,5,32,1663.78,6.0,0,1,0,WhatsApp,0,checkup_gratuito
C05053,Ka,2019,130640,PJ_Frota,Sul,9.2,0,3,49,880.9,9.0,0,0,0,WhatsApp,1,desconto_pecas
C08710,Bronco Sport,2019,49201,PF,Sul,13.3,0,4,14,1242.94,8.0,0,0,0,E-mail,0,revisao_preco_fixo
C08537,Transit,2015,117929,PF,Centro-Oeste,24.7,0,5,32,1105.31,8.0,1,0,0,WhatsApp,1,revisao_preco_fixo
C09949,Ranger,2021,72486,PF,Norte,66.3,0,5,2,675.5,7.0,0,0,0,WhatsApp,1,revisao_preco_fixo
C06974,Territory,2018,65300,PF,Norte,52.0,0,2,33,1023.68,6.0,0,0,0,WhatsApp,1,checkup_gratuito
C01812,Bronco Sport,2016,149396,PF,Norte,25.6,0,6,11,1073.53,10.0,0,0,1,App FordPass,0,desconto_pecas
C06499,Territory,2026,4183,PF,Sudeste,8.8,1,0,3,,7.0,0,0,0,WhatsApp,0,checkup_gratuito
C09788,EcoSport,2017,135492,PF,Nordeste,26.6,0,2,10,887.86,,1,0,0,WhatsApp,1,desconto_pecas
C02704,Bronco Sport,2015,186289,PF,Sudeste,7.3,0,14,4,753.29,9.0,0,0,0,E-mail,0,desconto_pecas
C05752,Bronco Sport,2022,33257,PF,Sul,14.5,0,4,7,765.85,8.0,0,0,0,Ligacao,0,revisao_preco_fixo
C07180,EcoSport,2021,198561,PJ_Frota,Nordeste,20.4,0,7,8,812.46,8.0,0,0,1,App FordPass,1,plano_frota
C09539,Ka,2017,127207,PF,Sul,,0,5,14,616.63,7.0,0,0,1,App FordPass,0,revisao_preco_fixo
C04287,EcoSport,2031,129272,PF,Sudeste,7.0,0,6,8,972.34,6.0,1,0,0,App FordPass,1,revisao_preco_fixo
C06897,Ka,2014,328995,PJ_Frota,Norte,32.7,0,7,17,993.43,8.0,0,0,0,WhatsApp,0,desconto_pecas
C00095,Territory,2026,9439,PJ_Frota,Nordeste ,22.2,1,0,6,915.92,4.0,1,1,0,WhatsApp,0,plano_frota
C00115,Maverick,2022,94988,PF,Sudeste,12.2,0,6,13,924.06,8.0,1,0,0,Ligacao,0,revisao_preco_fixo
C05377,Bronco Sport,2023,25423,PF,Sudeste,3.9,1,2,8,1234.73,,0,0,0,E-mail,0,pacote_revisoes
C03158,Mustang,2022,81320,PF,Centro-Oeste,19.1,0,3,11,1784.51,7.0,0,0,0,E-mail,0,revisao_preco_fixo
C01840,Ka,2017,168232,PF,norte,55.7,0,4,48,831.75,4.0,1,0,3,App FordPass,1,checkup_gratuito
C03858,Bronco Sport,2021,81809,PF,Sul,9.4,0,4,14,682.78,4.0,1,0,0,App FordPass,0,revisao_preco_fixo
C09954,Territory,2025,14470,PF,Nordeste,9.2,1,1,12,873.34,8.0,1,1,0,App FordPass,0,pacote_revisoes
C02011,EcoSport,2021,130539,PF,Sudeste,5.9,0,9,13,837.55,5.0,0,0,1,WhatsApp,0,revisao_preco_fixo
C08941,Ka,2018,463077,PJ_Frota,Sudeste,4.4,0,33,26,608.65,10.0,0,0,0,WhatsApp,0,desconto_pecas
C05970,Ranger,2026,2993,PF,Sudeste,6.9,1,0,5,724.72,8.0,1,0,0,App FordPass,0,pacote_revisoes
C08486,Transit,2016,441475,PJ_Frota,Centro-Oeste,23.4,0,21,2,1416.71,9.0,0,0,0,App FordPass,0,desconto_pecas
C06699,Ranger,2014,142199,PF,Norte,84.7,0,2,15,1437.6,6.0,0,0,0,WhatsApp,0,desconto_pecas
C01854,Maverick,2014,207212,PF,Sudeste,5.7,0,9,10,1190.83,8.0,0,0,0,WhatsApp,0,desconto_pecas
C08743,Bronco Sport,2017,111276,PF,Norte,28.3,0,4,4,1079.83,6.0,0,1,0,WhatsApp,1,checkup_gratuito
C09236,Ranger,2020,170443,PJ_Frota,Nordeste,12.8,0,4,13,977.28,8.0,0,0,1,WhatsApp,0,checkup_gratuito
C09495,Ka,2018,83294,PF,Sul,31.0,0,0,20,964.92,6.0,0,0,0,,1,desconto_pecas
C07927,Ranger,2023,97868,PJ_Frota,Norte,44.0,1,7,0,681.81,,0,0,0,Ligacao,0,plano_frota
C05701,Ka,2017,107440,PF,Norte,56.1,0,4,32,878.65,,0,0,0,WhatsApp,1,revisao_preco_fixo
C05663,Ka,2016,159885,PF,Nordeste,43.2,0,3,15,978.83,4.0,0,0,0,App FordPass,1,desconto_pecas
C02658,Ka,2014,112412,PF,Norte,51.4,0,9,40,778.94,9.0,0,0,0,WhatsApp,1,desconto_pecas
C08481,Ka,2016,114726,PF,Sudeste,21.5,0,5,14,686.14,8.0,0,0,0,E-mail,0,desconto_pecas
C00738,Ranger,2025,13917,PF,Nordeste ,8.9,1,0,0,1330.48,7.0,0,0,0,WhatsApp,1,pacote_revisoes
C03030,Maverick,2024,20612,PF,Sudeste,19.4,1,2,10,870.44,8.0,1,0,0,,0,pacote_revisoes
C09323,Territory,2022,30130,PF,Sudeste,6.3,0,3,2,948.98,8.0,0,0,0,WhatsApp,0,revisao_preco_fixo
C03906,Maverick,2024,22809,PF,Sudeste,10.4,1,2,3,1170.65,9.0,0,0,0,E-mail,0,pacote_revisoes
C07631,Bronco Sport,2022,34911,PF,Centro-Oeste,26.7,0,4,1,1139.15,9.0,1,0,0,E-mail,0,revisao_preco_fixo
C05217,Ka,2021,71008,PF,Nordeste,10.2,0,3,1,768.5,6.0,0,0,0,Ligacao,0,pacote_revisoes
C06649,EcoSport,2021,41097,PF,Norte,39.8,0,3,13,554.2,5.0,1,0,0,E-mail,0,checkup_gratuito
C08357,Ka,2015,437510,PJ_Frota,Sudeste,13.3,0,24,2,848.12,7.0,0,1,0,Ligacao,0,desconto_pecas
C02864,Ranger,2019,117895,PF,Nordeste ,15.4,0,9,19,1038.91,10.0,1,0,0,WhatsApp,0,desconto_pecas
C00809,Transit,2023,57850,PJ_Frota,Norte,50.4,1,0,8,769.04,5.0,0,0,0,E-mail,0,pacote_revisoes
C09657,Ka,2019,101741,PF,Sudeste,,0,5,17,300.64,8.0,0,0,0,Ligacao,0,desconto_pecas
C04071,Territory,2017,190634,PF,Nordeste,12.1,0,11,60,1523.95,6.0,0,0,1,WhatsApp,1,checkup_gratuito
C02388,Bronco Sport,2025,18796,PF,Nordeste,,1,1,10,1525.61,8.0,1,0,2,App FordPass,0,pacote_revisoes
C02278,Maverick,2024,26449,PF,Sul,16.3,1,2,7,,4.0,0,0,1,WhatsApp,0,pacote_revisoes
C08935,Transit,2026,13941,PJ_Frota,Nordeste,11.5,1,0,9,1244.04,5.0,0,0,0,App FordPass,1,plano_frota
C02034,Ka,2020,104878,PF,Sudeste,17.3,0,2,43,592.45,6.0,0,0,1,WhatsApp,1,checkup_gratuito
C09371,Ka,2021,62940,PF,Norte,30.0,0,5,9,656.43,10.0,0,0,0,App FordPass,0,revisao_preco_fixo
C03268,Transit,2014,260810,PJ_Frota,Sudeste,2.2,0,15,45,1169.48,,0,0,1,WhatsApp,1,desconto_pecas
C09962,Ka,2017,65890,PF,Norte,18.5,0,1,3,885.13,6.0,0,0,1,WhatsApp,0,checkup_gratuito
C08149,Ka,2018,107086,PF,Centro-Oeste,29.3,0,3,34,531.11,6.0,1,0,0,App FordPass,1,checkup_gratuito
C05863,Bronco Sport,2024,30471,PF,Norte,34.5,1,2,4,955.95,5.0,0,0,0,App FordPass,0,pacote_revisoes
C07216,Territory,2014,217751,PF,Sudeste,26.6,0,7,60,810.72,6.0,0,0,1,WhatsApp,1,checkup_gratuito
C02919,Bronco Sport,2020,72908,PF,Nordeste,28.3,0,4,39,1423.05,7.0,0,1,0,Ligacao,1,checkup_gratuito
C07113,Ranger,2024,22170,PF,Nordeste,14.8,1,2,6,862.07,6.0,1,0,1,App FordPass,0,pacote_revisoes
C00305,Ranger,2014,234430,PF,Nordeste,10.2,0,11,7,803.61,10.0,0,0,0,WhatsApp,0,desconto_pecas
C06087,EcoSport,2019,91350,PF,Sudeste,2.2,0,2,39,,6.0,0,0,0,App FordPass,1,desconto_pecas
C09631,Transit,2015,491314,PJ_Frota,Norte,86.2,0,12,2,1098.62,7.0,0,0,0,App FordPass,0,desconto_pecas
C02093,EcoSport,2020,80543,PF,Sudeste,3.1,0,5,31,1291.79,7.0,0,0,0,WhatsApp,0,checkup_gratuito
C06054,Ka,2019,128659,PF,Sudeste,1.9,0,9,11,317.6,,0,0,0,App FordPass,0,desconto_pecas
C07931,Ranger,2025,28511,PJ_Frota,Sudeste,5.0,1,1,3,658.16,7.0,1,0,0,App FordPass,0,plano_frota
C06879,Ka,2018,219015,PJ_Frota,Nordeste,80.3,0,1,7,948.24,6.0,0,0,1,WhatsApp,1,plano_frota
C00747,Ranger,2025,31230,PJ_Frota,Centro-Oeste,20.5,1,1,2,1252.55,7.0,0,0,0,WhatsApp,0,plano_frota
C03108,Ka,2019,34181,PF,Centro-Oeste,26.7,0,0,2,553.33,7.0,0,1,0,WhatsApp,0,desconto_pecas
C02510,Ranger,2014,98503,PF,Sudeste,8.4,0,7,10,1766.45,9.0,0,1,0,WhatsApp,1,checkup_gratuito
C06430,Ranger,2021,66812,PF,Nordeste,40.3,0,1,11,637.05,7.0,1,0,1,WhatsApp,1,desconto_pecas
C06644,Territory,2026,6293,PF,Nordeste,4.9,1,0,8,868.62,,1,0,0,WhatsApp,0,pacote_revisoes
C08196,Territory,2021,96033,PF,Sudeste,3.5,0,7,3,1045.77,9.0,0,0,0,WhatsApp,0,revisao_preco_fixo
C04456,Ka,2020,31146,PF,Sudeste,8.9,0,1,4,387.35,9.0,0,0,0,E-mail,1,revisao_preco_fixo
C03014,EcoSport,2017,193940,PF,Sudeste,17.5,0,11,11,872.63,5.0,0,1,0,App FordPass,0,checkup_gratuito
C04612,Territory,2019,89104,PF,Sudeste,9.1,0,4,50,761.84,6.0,0,0,1,E-mail,1,desconto_pecas
C04064,Ka,2015,202201,PF,Sudeste,9.4,0,14,15,1021.85,7.0,0,0,1,WhatsApp,0,desconto_pecas
C00386,Bronco Sport,2018,176125,PF,Nordeste,16.8,0,9,52,742.73,9.0,0,0,0,WhatsApp,1,checkup_gratuito
C05783,Maverick,2025,21717,PF,Sudeste,11.2,1,2,19,,6.0,1,1,0,WhatsApp,0,checkup_gratuito
C08610,Ka,2016,224184,PF,Sul,16.7,0,14,32,669.21,6.0,0,0,0,App FordPass,1,desconto_pecas
C06868,Territory,2026,3761,PF,Sudeste,3.2,1,0,4,1153.02,8.0,0,0,1,WhatsApp,0,revisao_preco_fixo
C07485,Maverick,2017,123977,PF,Sudeste,,0,9,9,1308.92,8.0,1,0,0,WhatsApp,0,desconto_pecas
C06190,Maverick,2015,145290,PF,SUDESTE,11.6,0,6,2,1140.87,8.0,0,0,0,App FordPass,0,desconto_pecas
C09799,Ranger,2019,82393,PF,Sudeste,5.5,0,2,60,1105.96,8.0,0,0,0,E-mail,1,checkup_gratuito
C08637,Ranger,2019,227941,PJ_Frota,Centro-Oeste,16.6,0,15,26,1362.75,6.0,1,0,0,App FordPass,1,checkup_gratuito
C08919,Bronco Sport,2022,62959,PF,Sudeste,2.9,0,1,12,609.57,4.0,0,0,0,WhatsApp,0,checkup_gratuito
C07871,Ka,2019,192099,PF,Norte,39.2,0,3,3,991.73,6.0,0,0,1,WhatsApp,0,desconto_pecas
C01620,EcoSport,2015,350294,PF,Nordeste,11.2,0,9,1,677.33,6.0,0,1,0,Ligacao,0,desconto_pecas
C00224,EcoSport,2017,186389,PF,Nordeste,6.3,0,9,8,830.49,10.0,0,0,0,WhatsApp,0,desconto_pecas
C00072,Maverick,2022,47365,PF,Sudeste,5.8,0,2,6,736.14,7.0,0,0,0,WhatsApp,0,desconto_pecas
C07169,Ka,2016,67204,PF,Sudeste,5.1,0,8,18,1093.58,9.0,1,0,2,Ligacao,1,desconto_pecas
C01203,Bronco Sport,2024,12331,PF,Sudeste,19.6,1,2,2,1064.68,7.0,1,1,0,WhatsApp,0,pacote_revisoes
C07398,Transit,2015,416388,PJ_Frota,Centro-Oeste,24.1,0,17,39,1857.72,8.0,0,0,0,Ligacao,1,desconto_pecas
C02931,EcoSport,2021,51018,PF,Sul,7.5,0,0,1,,5.0,0,0,0,App FordPass,1,revisao_preco_fixo
C09446,Ranger,2023,35668,PF,Sudeste,4.4,1,2,3,1024.61,5.0,0,0,1,Ligacao,1,pacote_revisoes
C04703,Ranger,2019,111947,PF,Sudeste,10.0,0,8,21,902.28,6.0,1,0,0,App FordPass,1,revisao_preco_fixo
C02997,EcoSport,2020,68873,PF,Sudeste,4.8,0,2,10,833.02,,0,0,0,WhatsApp,0,revisao_preco_fixo
C09578,Ka,2021,118989,PJ_Frota,Sudeste,10.4,0,6,17,775.73,8.0,0,0,0,WhatsApp,0,plano_frota
C07923,Territory,2017,132707,PF,Sul,5.2,0,12,0,724.15,5.0,0,0,0,Ligacao,0,desconto_pecas
C01966,Bronco Sport,2026,5166,PF,Nordeste,7.8,1,0,1,394.33,,1,0,0,WhatsApp,0,pacote_revisoes
C07533,Ka,2015,121684,PF,Sudeste,12.2,0,5,14,750.19,7.0,0,0,0,App FordPass,0,desconto_pecas
C07803,Ranger,2014,144904,PF,Nordeste,13.2,0,3,4,1177.21,6.0,1,0,0,WhatsApp,1,revisao_preco_fixo
C04778,EcoSport,2014,116188,PF,Norte,85.5,0,4,60,756.28,4.0,0,1,0,E-mail,1,checkup_gratuito
C06483,Bronco Sport,2020,68021,PF,Sudeste,5.9,0,3,10,1235.89,7.0,0,0,2,WhatsApp,0,revisao_preco_fixo
C00963,Ka,2020,96087,PF,Nordeste,36.4,0,3,23,556.29,6.0,0,1,0,WhatsApp,1,revisao_preco_fixo
C02224,Mustang,2016,125512,PF,Sudeste,12.6,0,8,60,3544.7,9.0,0,0,1,App FordPass,1,revisao_preco_fixo
C07224,Territory,2017,104556,PF,Nordeste,8.6,0,7,27,909.5,7.0,1,0,0,App FordPass,1,pacote_revisoes
C08449,Maverick,2026,3032,PF,Sudeste,9.6,1,0,5,660.13,7.0,1,0,0,WhatsApp,0,desconto_pecas
C06274,Ka,2021,41119,PF,Sudeste,15.8,0,3,1,587.47,9.0,1,0,0,,0,revisao_preco_fixo
C06681,Mustang,2025,27047,PF,Nordeste,5.8,1,2,4,968.75,6.0,0,0,0,WhatsApp,0,pacote_revisoes
C01406,Transit,2023,91486,PJ_Frota,Nordeste,41.3,1,7,9,707.81,10.0,0,0,0,WhatsApp,0,plano_frota
C02186,Maverick,2021,85386,PF,Sudeste,12.6,0,3,3,836.47,7.0,0,0,0,App FordPass,1,revisao_preco_fixo
C02392,EcoSport,2016,63314,PF,Nordeste,7.9,0,1,17,781.8,8.0,0,0,0,Ligacao,1,pacote_revisoes
C07909,Ranger,2015,108745,PF,Norte,28.1,0,7,39,1925.24,4.0,0,0,0,App FordPass,1,revisao_preco_fixo
C01176,Ranger,2017,-305743,PJ_Frota,Sudeste,5.2,0,12,3,1050.62,7.0,0,0,1,WhatsApp,0,desconto_pecas
C09893,Mustang,2021,55838,PF,Sul,7.9,0,2,4,1989.56,5.0,1,0,0,App FordPass,0,revisao_preco_fixo
C01537,Bronco Sport,2015,90496,PF,Sudeste,5.7,0,4,34,923.8,,0,0,0,WhatsApp,1,checkup_gratuito
C06653,Ranger,2017,318123,PJ_Frota,Sul,4.2,0,19,32,1191.67,7.0,0,0,0,WhatsApp,0,plano_frota
C00769,Territory,2026,5634,PF,Nordeste,6.2,1,0,1,992.04,,1,0,1,E-mail,0,pacote_revisoes
C09269,Maverick,2017,84740,PF,Sudeste,7.0,0,3,60,1054.67,9.0,0,0,0,WhatsApp,1,checkup_gratuito
C06374,EcoSport,2014,94280,PF,Nordeste,49.3,0,5,31,786.32,7.0,0,1,0,WhatsApp,1,checkup_gratuito
C09804,EcoSport,2018,29699,PF,Sudeste,4.6,0,5,18,853.44,,0,0,1,E-mail,0,checkup_gratuito
C06425,Ka,2018,89975,PF,Sudeste,8.8,0,2,8,927.86,4.0,0,0,0,App FordPass,0,revisao_preco_fixo
C05723,Mustang,2019,165619,PF,Nordeste,19.2,0,1,8,1319.19,8.0,0,0,0,App FordPass,1,revisao_preco_fixo
C03691,Territory,2016,184489,PF,Nordeste,,0,4,33,814.74,9.0,0,0,0,E-mail,1,desconto_pecas
C07041,Ka,2015,204820,PF,Nordeste,19.4,0,2,53,941.28,,0,0,0,WhatsApp,1,checkup_gratuito
C05671,Maverick,2026,2534,PF,Sudeste,11.7,1,0,26,892.04,,1,0,0,App FordPass,0,checkup_gratuito
C07369,Transit,2014,151493,PF,Sudeste,7.1,0,11,20,2001.34,8.0,1,0,2,WhatsApp,1,desconto_pecas
C08019,Territory,2019,68592,PF,Sul,4.1,0,3,27,1128.85,7.0,0,0,1,App FordPass,1,revisao_preco_fixo
C01913,Ranger,2023,35384,PF,Sudeste,9.8,1,2,1,929.24,6.0,0,1,1,App FordPass,0,pacote_revisoes
C03482,Maverick,2024,15895,PF,Sudeste,5.1,1,2,7,1011.63,6.0,0,0,0,App FordPass,0,pacote_revisoes
C01447,Ranger,2023,44239,PF,Sudeste,9.9,1,4,2,987.33,10.0,1,0,1,App FordPass,0,pacote_revisoes
C02328,Territory,2018,156983,PF,Sudeste,5.0,0,7,28,1161.27,6.0,0,0,0,App FordPass,1,desconto_pecas
C04409,Ka,2015,92887,PF,Nordeste,30.4,0,4,23,932.12,6.0,0,0,0,Ligacao,1,checkup_gratuito
C04745,Ka,2021,73568,PF,Centro-Oeste,26.5,0,5,9,736.98,10.0,0,0,0,WhatsApp,0,revisao_preco_fixo
C09359,Ka,2020,64070,PF,Sul,13.7,0,3,42,602.63,8.0,0,0,0,E-mail,1,revisao_preco_fixo
C02231,Territory,2019,96810,PF,Norte,200.2,0,0,44,1075.65,4.0,0,0,1,Ligacao,1,revisao_preco_fixo
C09124,Maverick,2018,104019,PF,Sudeste,5.4,0,5,9,944.29,8.0,0,0,0,WhatsApp,0,desconto_pecas
C01350,Maverick,2019,25834,PF,Sudeste,6.6,0,1,6,1290.63,5.0,1,0,0,E-mail,0,revisao_preco_fixo
C07193,Ranger,2025,21957,PJ_Frota,Sudeste,12.3,1,1,17,1697.55,7.0,0,0,1,WhatsApp,0,plano_frota
C02168,EcoSport,2018,46944,PF,Sudeste,13.6,0,6,4,514.28,8.0,0,0,0,,0,desconto_pecas
C03478,Transit,2024,78946,PJ_Frota,Nordeste,14.3,1,5,5,854.95,3.0,1,0,0,WhatsApp,0,pacote_revisoes
C07469,Territory,2017,153628,PF,Sudeste,18.6,0,0,1,1127.72,9.0,0,0,0,WhatsApp,1,desconto_pecas
C01664,Mustang,2022,41174,PF,Nordeste,24.7,0,3,5,1122.13,6.0,0,0,0,Ligacao,0,revisao_preco_fixo
C03997,Ranger,2017,70606,PF,Sul,23.0,0,3,10,916.43,8.0,1,0,0,App FordPass,0,desconto_pecas
C07435,Ranger,2025,15217,PF,Centro-Oeste,24.7,1,1,2,790.57,5.0,1,0,1,App FordPass,0,pacote_revisoes
C04313,Maverick,2015,110992,PF,Sul,40.3,0,4,7,809.49,7.0,0,0,0,WhatsApp,1,desconto_pecas
C00834,Bronco Sport,2020,60764,PF,Sudeste,7.8,0,4,17,1272.12,8.0,0,0,0,WhatsApp,0,revisao_preco_fixo
C08302,EcoSport,2018,66103,PF,Sudeste,8.2,0,4,56,942.58,6.0,0,0,0,WhatsApp,1,checkup_gratuito
C07293,Ka,2016,111484,PF,Sudeste,6.3,0,10,0,907.07,9.0,0,1,0,E-mail,0,desconto_pecas
C08237,Ranger,2014,115924,PF,Nordeste,19.7,0,9,12,1129.32,10.0,0,0,0,App FordPass,0,desconto_pecas
C04695,Territory,2021,55312,PF,Nordeste,,0,1,16,1040.12,5.0,1,0,0,App FordPass,1,revisao_preco_fixo
C09372,Territory,2015,208510,PF,Nordeste,12.9,0,17,26,1185.11,8.0,0,0,0,Ligacao,1,desconto_pecas
C01740,EcoSport,2014,97077,PF,Sul,7.6,0,6,1,1025.1,7.0,0,0,0,App FordPass,0,desconto_pecas
C07669,Ranger,2014,453420,PJ_Frota,Nordeste,,0,2,24,1358.4,6.0,0,0,0,WhatsApp,0,desconto_pecas
C06990,Ka,2017,143539,PF,Sudeste,15.1,0,7,18,409.1,7.0,1,0,1,E-mail,0,desconto_pecas
C09838,Maverick,2015,179300,PF,Sul,18.6,0,8,60,860.35,5.0,1,0,0,App FordPass,1,checkup_gratuito
C00341,Transit,2016,118346,PF,Norte,33.3,0,4,54,1427.92,8.0,0,0,0,App FordPass,1,revisao_preco_fixo
C08593,Ranger,2018,92725,PF,Sudeste,6.8,0,6,18,1534.2,8.0,0,0,0,WhatsApp,0,revisao_preco_fixo
C02619,Mustang,2025,13412,PF,Norte,11.9,1,1,13,1072.86,4.0,1,0,1,App FordPass,0,checkup_gratuito
C03503,Territory,2017,105182,PF,Sudeste,6.1,0,7,1,1623.89,10.0,0,0,0,Ligacao,0,revisao_preco_fixo
C02758,Territory,2016,141751,PF,Sudeste,7.3,0,6,49,893.16,3.0,0,1,0,App FordPass,1,checkup_gratuito
C00952,EcoSport,2017,142445,PF,Sudeste,27.8,0,5,32,883.68,7.0,0,1,0,WhatsApp,1,checkup_gratuito
C06835,Ka,2017,100455,PF,Sul,15.4,0,8,60,373.24,8.0,0,0,0,WhatsApp,1,checkup_gratuito
C06851,Ranger,2025,29795,PJ_Frota,Sul,7.1,1,2,1,1539.48,,0,0,0,App FordPass,0,plano_frota
C09798,Ka,2016,62579,PF,Nordeste,,0,2,27,1244.11,5.0,0,0,0,E-mail,1,revisao_preco_fixo
C09375,EcoSport,2015,151737,PF,Sul,7.0,0,8,22,756.43,4.0,0,0,0,Ligacao,1,checkup_gratuito
C04205,Bronco Sport,2020,134275,PF,Sudeste,5.3,0,4,14,959.68,,0,0,0,E-mail,0,revisao_preco_fixo
C06989,Ka,2020,78643,PF,Nordeste,13.4,0,0,17,573.95,,0,0,0,E-mail,1,desconto_pecas
C01844,Ka,2018,146873,PF,Sul,20.4,0,11,2,376.95,5.0,0,0,0,App FordPass,0,desconto_pecas
C09492,Mustang,2021,57329,PF,Sudeste,15.0,0,4,9,1244.41,10.0,0,0,0,WhatsApp,0,revisao_preco_fixo
C03793,Ka,2021,302543,PJ_Frota,Nordeste,11.0,0,14,3,645.09,6.0,0,0,0,WhatsApp,0,desconto_pecas
C05192,Ka,2020,80198,PF,Sudeste,25.3,0,4,4,1182.16,6.0,0,1,0,WhatsApp,0,checkup_gratuito
C04015,Ranger,2023,17525,PF,Sudeste,14.6,1,1,7,1330.58,,0,1,0,App FordPass,0,pacote_revisoes
C08303,Ranger,2017,241907,PJ_Frota,Sul,8.0,0,12,2,1758.41,,0,1,0,WhatsApp,0,desconto_pecas
C05049,Transit,2014,216003,PJ_Frota,Norte,27.2,0,10,10,1032.78,,0,0,0,E-mail,0,plano_frota
C05596,Mustang,2020,67172,PF,Sudeste,20.0,0,0,1,1388.52,7.0,0,0,0,WhatsApp,0,revisao_preco_fixo
C08190,Territory,2014,266465,PF,Norte,49.2,0,5,27,,6.0,0,0,0,WhatsApp,1,desconto_pecas
C01330,Bronco Sport,2016,86764,PF,Nordeste,5.6,0,6,7,1129.07,9.0,0,0,0,Ligacao,0,desconto_pecas
C04625,Territory,2015,76540,PF,Sudeste,2.4,0,6,17,1187.1,7.0,1,0,1,App FordPass,0,checkup_gratuito
C06574,Ranger,2019,66420,PF,Norte,34.1,0,2,47,1108.63,7.0,0,0,0,WhatsApp,1,revisao_preco_fixo
C00880,Ranger,2016,109577,PF,Sudeste,2.9,0,8,29,,,0,0,0,WhatsApp,1,desconto_pecas
C09334,Territory,2023,59400,PF,Nordeste,7.7,1,3,6,971.38,8.0,1,0,0,App FordPass,0,pacote_revisoes
C06294,Ka,2016,142850,PF,Sudeste,9.5,0,6,17,385.2,4.0,0,0,1,E-mail,1,checkup_gratuito
C07167,Ka,2016,118461,PF,Sudeste,5.8,0,6,60,970.52,8.0,0,0,0,App FordPass,1,checkup_gratuito
C07376,Ka,2018,49825,PF,Norte,47.5,0,2,34,867.46,,0,0,0,E-mail,1,checkup_gratuito
C07625,Ka,2017,109285,PF,Nordeste,15.3,0,9,4,703.47,,0,0,1,WhatsApp,0,revisao_preco_fixo
C04693,Maverick,2016,177033,PF,Sudeste,7.9,0,5,25,1183.1,4.0,1,0,0,WhatsApp,1,checkup_gratuito
C07806,Maverick,2025,14404,PF,Sudeste,10.3,1,1,5,1058.64,7.0,1,0,0,Ligacao,0,revisao_preco_fixo
C05026,Ranger,2017,100505,PF,Sudeste,2.9,0,9,6,1527.49,,0,0,0,Ligacao,0,desconto_pecas
C05857,Ranger,2020,120401,PJ_Frota,Sudeste,10.5,0,7,16,,9.0,0,0,0,WhatsApp,0,plano_frota
C08169,Ranger,2014,495181,PJ_Frota,Nordeste,10.2,0,37,7,1288.44,9.0,0,0,0,WhatsApp,0,desconto_pecas
C09901,EcoSport,2020,75860,PF,Sudeste,23.3,0,5,9,750.42,9.0,0,0,0,App FordPass,0,checkup_gratuito
C08256,Bronco Sport,2023,12879,PF,Sul,7.0,1,3,3,743.43,10.0,1,0,1,WhatsApp,0,pacote_revisoes
C06789,Maverick,2014,279348,PF,Sudeste,7.0,0,5,10,1130.65,,0,0,1,Ligacao,1,desconto_pecas
C09943,Territory,2025,13690,PF,Sudeste,5.9,1,1,5,910.17,,1,0,0,WhatsApp,0,pacote_revisoes
C00192,Ka,2020,48537,PF,Sudeste,2.9,0,5,6,560.93,,0,0,1,App FordPass,0,pacote_revisoes
C08042,Maverick,2014,187664,PF,Sul,17.9,0,2,7,1198.0,,0,1,1,WhatsApp,1,desconto_pecas
C02040,EcoSport,2019,73615,PF,Sudeste,5.9,0,6,8,847.12,10.0,0,1,1,WhatsApp,0,desconto_pecas
C06812,EcoSport,2020,176427,PJ_Frota,Centro-Oeste,17.3,0,7,7,820.25,8.0,1,0,1,App FordPass,0,checkup_gratuito
C05091,Bronco Sport,2024,49102,PJ_Frota,Nordeste,16.2,1,3,3,571.79,9.0,1,0,0,App FordPass,0,pacote_revisoes
C07870,Ka,2015,322329,PJ_Frota,Norte,53.3,0,13,32,1024.61,,0,0,0,Ligacao,0,desconto_pecas
C05052,Ranger,2020,84409,PF,Sul,3.2,0,3,6,1115.43,5.0,1,0,2,App FordPass,0,revisao_preco_fixo
C00936,Transit,2023,97845,PJ_Frota,Nordeste,25.2,1,7,11,956.61,8.0,0,0,1,Ligacao,0,desconto_pecas
C00514,EcoSport,2014,-100254,PF,Norte,14.8,0,7,1,972.63,7.0,0,0,0,App FordPass,0,desconto_pecas
C03213,Territory,2014,104478,PF,Sudeste,3.5,0,5,31,1144.46,9.0,0,0,0,WhatsApp,1,desconto_pecas
C06098,Territory,2014,157290,PF,Sudeste,9.4,0,4,0,918.31,6.0,0,0,0,E-mail,1,desconto_pecas
C06903,EcoSport,2015,112549,PF,Centro-Oeste,17.0,0,5,8,545.14,10.0,0,0,0,E-mail,0,desconto_pecas
C07198,Bronco Sport,2018,155192,PF,Sudeste,22.6,0,4,2,829.45,,0,0,0,Ligacao,0,desconto_pecas
C09577,Territory,2015,135372,PF,Nordeste,14.9,0,7,60,1194.93,7.0,0,0,0,Ligacao,1,checkup_gratuito
C08822,Territory,2023,42219,PF,Centro-Oeste,102.7,1,2,1,783.82,10.0,1,0,0,App FordPass,0,pacote_revisoes
C06687,Mustang,2023,22547,PF,Sudeste,7.0,1,2,1,1105.53,,1,0,1,Ligacao,0,pacote_revisoes
C07704,Ranger,2022,58574,PF,Centro-Oeste,27.3,0,4,5,1435.51,7.0,0,1,1,Ligacao,1,revisao_preco_fixo
C00411,Territory,2023,19690,PF,SUDESTE,5.2,1,2,1,1464.04,7.0,1,0,0,WhatsApp,0,pacote_revisoes
C08823,Bronco Sport,2021,104364,PF,Sul,9.3,0,6,38,856.51,7.0,1,0,0,App FordPass,1,checkup_gratuito
C05979,Territory,2020,73551,PF,Norte,94.4,0,0,15,,6.0,0,0,1,WhatsApp,1,pacote_revisoes
C00142,Transit,2020,158612,PJ_Frota,Sudeste,8.0,0,12,13,1680.89,8.0,0,0,0,E-mail,0,plano_frota
C05824,Ranger,2019,336985,PJ_Frota,Sudeste,20.8,0,18,4,1984.29,7.0,1,1,1,App FordPass,0,plano_frota
C04063,Territory,2021,34093,PF,Sudeste,3.7,0,1,18,1237.42,8.0,1,0,1,App FordPass,1,checkup_gratuito
C08275,Ranger,2015,163949,PF,Sudeste,22.7,0,7,60,923.35,,0,0,0,E-mail,1,checkup_gratuito
C06477,Ranger,2026,7182,PF,Sul,25.3,1,0,4,868.03,5.0,1,1,0,WhatsApp,0,pacote_revisoes
C00337,Bronco Sport,2023,58163,PF,Norte,21.3,1,1,6,1057.89,3.0,1,1,1,App FordPass,1,revisao_preco_fixo
C06558,Maverick,2017,111483,PF,Sudeste,5.8,0,0,15,902.01,5.0,0,0,1,Ligacao,1,desconto_pecas
C02740,Ka,2018,65700,PF,Centro-Oeste,23.3,0,6,5,572.68,6.0,0,0,0,App FordPass,1,desconto_pecas
C00084,Ka,2019,86442,PF,Nordeste,19.0,0,7,29,543.83,8.0,0,0,1,WhatsApp,0,revisao_preco_fixo
C07125,Transit,2023,84788,PJ_Frota,Norte,40.0,1,7,1,612.62,9.0,0,0,0,WhatsApp,0,plano_frota
C04041,Bronco Sport,2024,47137,PF,Centro-Oeste,39.1,1,1,5,891.0,9.0,0,0,0,E-mail,0,pacote_revisoes
C04493,Ka,2017,139893,PF,Centro-Oeste,27.5,0,1,8,503.96,6.0,0,0,0,E-mail,1,checkup_gratuito
C07394,Maverick,2021,45485,PF,Sul,,0,1,5,1637.84,4.0,0,0,0,App FordPass,0,revisao_preco_fixo
C00491,Territory,2016,156811,PF,Sul,22.5,0,10,10,1800.6,8.0,0,0,0,WhatsApp,0,desconto_pecas
C00371,EcoSport,2018,165605,PF,Sudeste,7.8,0,14,56,821.23,10.0,0,0,1,WhatsApp,1,checkup_gratuito
C02777,Ranger,2019,98202,PF,Sudeste,16.4,0,7,6,765.97,7.0,0,0,0,WhatsApp,1,revisao_preco_fixo
C08755,EcoSport,2019,75541,PF,Nordeste,25.8,0,3,6,877.04,,0,0,0,E-mail,1,revisao_preco_fixo
C06603,Ka,2019,178267,PJ_Frota,Sudeste,2.3,0,12,35,1013.21,9.0,1,0,0,App FordPass,0,plano_frota
C03865,EcoSport,2018,91584,PF,Sudeste,4.2,0,6,60,763.46,6.0,0,0,0,Ligacao,1,checkup_gratuito
C05674,Ranger,2022,38822,PF,Sudeste,5.3,0,3,6,1610.16,7.0,0,0,0,WhatsApp,0,revisao_preco_fixo
C05813,Bronco Sport,2016,122740,PF,Norte,43.5,0,6,18,958.29,5.0,0,0,1,App FordPass,1,checkup_gratuito
C03761,EcoSport,2015,200031,PF,Sul,7.8,0,17,56,1218.23,6.0,0,0,0,WhatsApp,1,checkup_gratuito
C08557,Bronco Sport,2019,108390,PF,Sudeste,6.7,0,1,60,995.55,5.0,0,0,0,E-mail,1,revisao_preco_fixo
C00778,Bronco Sport,2026,4222,PF,Nordeste,23.1,1,0,4,588.29,10.0,0,0,0,Ligacao,0,pacote_revisoes
C06925,Ka,2021,55276,PF,Norte,10.1,0,2,25,548.21,,1,0,0,WhatsApp,0,checkup_gratuito
C05996,Territory,2023,53625,PF,Norte,43.1,1,2,7,1117.76,10.0,0,0,0,E-mail,0,pacote_revisoes
C00344,Maverick,2022,75064,PF,Sudeste,2.5,0,5,2,1215.02,6.0,0,0,1,E-mail,1,revisao_preco_fixo
C01637,Transit,2020,67657,PF,Nordeste,19.4,0,0,51,1220.0,8.0,1,0,1,E-mail,1,desconto_pecas
C02246,EcoSport,2018,150901,PF,Sul,6.4,0,5,17,,6.0,0,0,0,Ligacao,1,desconto_pecas
C08200,Ka,2018,81760,PF,Centro-Oeste,6.5,0,4,23,880.42,10.0,0,0,0,App FordPass,0,desconto_pecas
C07878,Transit,2017,148362,PJ_Frota,Sudeste,2.7,0,12,27,2066.85,5.0,0,0,3,App FordPass,0,plano_frota
C04353,Ka,2019,129712,PF,Sudeste,4.3,0,10,8,312.58,6.0,0,0,0,WhatsApp,0,checkup_gratuito
C00257,Ka,2019,186286,PF,Sudeste,5.1,0,7,60,609.1,6.0,1,1,0,E-mail,1,checkup_gratuito
C09779,Maverick,2022,124003,PJ_Frota,Sudeste,23.6,0,10,8,852.27,6.0,0,0,1,WhatsApp,0,revisao_preco_fixo
C06067,EcoSport,2020,61279,PF,Centro-Oeste,4.9,0,6,60,762.15,6.0,0,0,1,WhatsApp,1,checkup_gratuito
C01557,Ranger,2022,147174,PJ_Frota,Norte,9.6,0,7,9,2742.73,6.0,1,0,0,WhatsApp,0,revisao_preco_fixo
C09048,Transit,2026,5720,PF,Sudeste,21.3,1,0,0,755.98,9.0,0,0,0,WhatsApp,0,pacote_revisoes
C04757,Transit,2016,468445,PJ_Frota,Centro-Oeste,20.3,0,26,60,994.81,7.0,0,1,1,,0,desconto_pecas
C04792,EcoSport,2018,82723,PF,Centro-Oeste,47.5,0,3,8,630.54,6.0,0,0,1,App FordPass,1,desconto_pecas
C00448,Ka,2021,54995,PF,Sudeste,,0,2,7,917.81,6.0,0,0,0,WhatsApp,1,checkup_gratuito
C01436,EcoSport,2018,99245,PF,Sudeste,6.9,0,3,12,522.12,9.0,0,1,0,Ligacao,0,desconto_pecas
C08221,Maverick,2016,155144,PF,Nordeste,16.0,0,9,10,1292.98,6.0,0,0,0,WhatsApp,0,desconto_pecas
C02284,EcoSport,2019,123779,PF,Nordeste,16.8,0,1,5,653.34,8.0,0,0,0,App FordPass,0,desconto_pecas
C03548,Ka,2021,80562,PF,Sudeste,3.8,0,2,12,818.69,2.0,1,0,1,,1,checkup_gratuito
C07606,Bronco Sport,2021,46331,PF,Centro-Oeste,31.9,0,1,14,,7.0,0,0,2,E-mail,1,revisao_preco_fixo
C06275,Bronco Sport,2020,46659,PF,Sudeste,15.3,0,4,3,762.0,10.0,0,0,1,WhatsApp,0,revisao_preco_fixo
C03488,EcoSport,2021,51948,PF,Sul,9.0,0,3,12,1387.83,9.0,0,0,0,Ligacao,0,revisao_preco_fixo
C04843,Ranger,2018,104868,PF,Nordeste,13.8,0,7,2,2067.6,8.0,0,0,0,App FordPass,0,desconto_pecas
C00236,Ranger,2017,92624,PF,Centro-Oeste,,0,9,60,1880.88,9.0,0,0,0,WhatsApp,1,checkup_gratuito
C01627,Ka,2016,63819,PF,Norte,29.0,0,7,10,853.95,8.0,0,0,0,WhatsApp,0,revisao_preco_fixo
C09103,Bronco Sport,2021,38106,PF,Nordeste,51.2,0,1,40,473.9,5.0,0,0,0,WhatsApp,1,checkup_gratuito
C08913,Ranger,2019,328404,PJ_Frota,Nordeste,12.4,0,18,3,2435.75,8.0,1,0,0,App FordPass,0,desconto_pecas
C03757,EcoSport,2015,83326,PF,Sudeste,38.8,0,7,60,842.08,7.0,0,0,0,App FordPass,1,checkup_gratuito
C06533,Ka,2017,106220,PF,Centro-Oeste,17.4,0,3,3,567.73,8.0,0,0,0,WhatsApp,0,desconto_pecas
C08895,Ka,2021,103267,PF,Sudeste,10.1,0,4,4,516.87,6.0,0,0,0,WhatsApp,0,revisao_preco_fixo
C06377,Maverick,2016,111211,PF,Sudeste,1.3,0,6,12,816.39,6.0,0,0,0,WhatsApp,1,desconto_pecas
C04417,Ka,2021,70436,PF,Nordeste,12.5,0,3,1,1047.6,9.0,1,0,0,WhatsApp,0,pacote_revisoes
C01829,Ranger,2026,5428,PF,Sudeste,5.7,1,0,3,1127.76,7.0,0,0,1,,0,pacote_revisoes
C04900,Ranger,2025,13533,PF,Centro-Oeste,24.6,1,1,6,949.63,9.0,0,0,0,E-mail,0,pacote_revisoes
C05274,Ranger,2015,442791,PJ_Frota,Nordeste,52.5,0,6,60,1629.87,8.0,0,0,0,Ligacao,1,desconto_pecas
C04194,EcoSport,2015,182023,PF,Norte,19.3,0,6,60,668.41,7.0,0,0,0,Ligacao,1,desconto_pecas
C04208,Ranger,2015,372021,PJ_Frota,Sudeste,7.0,0,15,28,1293.9,7.0,0,0,0,WhatsApp,1,desconto_pecas
C00121,Territory,2020,43654,PF,Sudeste,6.2,0,2,5,878.99,8.0,0,0,0,WhatsApp,1,revisao_preco_fixo
C01892,Ranger,2016,102609,PF,Sul,38.2,0,1,18,1868.81,6.0,0,0,1,WhatsApp,1,desconto_pecas
C01187,Transit,2015,111658,PF,Sul,4.8,0,8,4,957.46,7.0,0,0,0,WhatsApp,1,desconto_pecas
C05871,EcoSport,2019,76634,PF,Norte,20.2,0,2,5,,8.0,0,0,0,WhatsApp,0,revisao_preco_fixo
C00902,Ka,2017,109726,PF,Sudeste,7.8,0,6,27,344.44,6.0,0,0,0,WhatsApp,0,checkup_gratuito
C01317,Ka,2020,71196,PF,Sudeste,5.4,0,4,3,753.42,7.0,0,0,0,WhatsApp,0,revisao_preco_fixo
C08542,EcoSport,2014,211746,PF,Nordeste,18.8,0,11,27,1029.89,6.0,0,0,0,WhatsApp,1,revisao_preco_fixo
C08133,Maverick,2019,138323,PF,Sudeste,8.1,0,6,15,1197.09,8.0,1,0,0,E-mail,0,desconto_pecas
C05370,Ka,2016,129620,PF,Centro-Oeste,86.5,0,3,55,565.29,7.0,1,0,0,WhatsApp,1,checkup_gratuito
C02842,Ranger,2019,44450,PF,Norte,27.1,0,0,1,,5.0,1,0,0,WhatsApp,1,desconto_pecas
C07444,Ka,2014,111729,PF,Centro-Oeste,52.0,0,7,23,426.06,7.0,0,0,1,WhatsApp,0,checkup_gratuito
C06507,Ka,2021,50906,PF,Sudeste,6.0,0,2,23,392.76,5.0,0,0,0,WhatsApp,1,plano_frota
C03753,Bronco Sport,2026,2603,PF,Sudeste,5.6,1,0,8,1301.88,8.0,1,0,0,WhatsApp,0,pacote_revisoes
C08134,EcoSport,2019,79676,PF,Norte,24.6,0,2,1,519.71,7.0,0,0,0,WhatsApp,1,revisao_preco_fixo
C03214,Ka,2018,93940,PF,Centro-Oeste,69.7,0,3,24,818.66,7.0,0,0,1,E-mail,1,checkup_gratuito
C01437,Ranger,2015,307762,PJ_Frota,SUDESTE,6.3,0,12,3,1143.13,8.0,0,0,1,WhatsApp,0,desconto_pecas
C01933,Maverick,2016,147811,PF,Nordeste,50.8,0,7,6,943.24,7.0,0,0,0,WhatsApp,1,desconto_pecas
C02867,Ranger,2014,173499,PF,Nordeste,12.4,0,0,60,,6.0,0,0,1,App FordPass,1,revisao_preco_fixo
C04035,Ranger,2020,97204,PJ_Frota,Nordeste,12.6,0,3,16,892.66,4.0,1,0,0,App FordPass,1,plano_frota
C04754,Transit,2021,111915,PJ_Frota,Norte,54.6,0,1,19,1663.06,7.0,0,0,0,WhatsApp,1,plano_frota
C02179,Transit,2019,289787,PJ_Frota,Sudeste,11.9,0,14,9,1197.07,,0,0,0,WhatsApp,0,desconto_pecas
C06783,Ka,2017,100622,PF,Sudeste,2.3,0,9,12,567.38,8.0,0,0,0,WhatsApp,1,desconto_pecas
C04986,Territory,2014,111034,PF,Centro-Oeste,15.5,0,7,15,1171.64,10.0,0,0,0,WhatsApp,0,desconto_pecas
C09434,Bronco Sport,2014,273126,PF,Centro-Oeste,27.0,0,15,25,1079.86,5.0,0,0,1,App FordPass,1,desconto_pecas
C09535,EcoSport,2019,41438,PF,Centro-Oeste,40.6,0,7,60,555.55,7.0,0,0,0,WhatsApp,1,checkup_gratuito
C06319,Territory,2015,79590,PF,Sudeste,9.6,0,3,60,1242.57,9.0,0,0,1,WhatsApp,1,checkup_gratuito
C03519,Bronco Sport,2025,12520,PF,Sul,31.5,1,0,0,439.0,9.0,0,1,0,E-mail,0,pacote_revisoes
C07218,EcoSport,2018,154745,PF,Sudeste,3.5,0,15,11,542.01,7.0,0,0,0,WhatsApp,1,desconto_pecas
C04164,Territory,2024,24527,PF,Sudeste,9.5,1,1,1,867.79,10.0,0,0,0,E-mail,0,pacote_revisoes
C00107,EcoSport,2020,88231,PF,Norte,18.5,0,4,26,761.19,8.0,0,0,0,Ligacao,0,revisao_preco_fixo
C01689,Ranger,2026,3951,PF,Nordeste,10.5,1,0,1,,7.0,1,0,0,E-mail,0,pacote_revisoes
C09855,Ka,2018,151049,PF,Sudeste,9.7,0,8,60,1271.62,8.0,0,0,0,WhatsApp,1,checkup_gratuito
C06605,Ka,2016,100825,PF,Sudeste,3.8,0,7,16,451.93,8.0,0,0,1,WhatsApp,0,desconto_pecas
C09067,Territory,2025,18544,PF,Nordeste,45.8,1,1,7,1074.53,6.0,1,0,1,App FordPass,0,checkup_gratuito
C05090,Ranger,2019,63304,PF,Sudeste,9.6,0,5,10,1067.16,7.0,1,0,1,E-mail,0,revisao_preco_fixo
C05486,Mustang,2015,133807,PF,Sudeste,2.2,0,8,47,3099.87,,1,0,0,App FordPass,1,revisao_preco_fixo
C09825,Ka,2017,277449,PJ_Frota,Sul,20.8,0,22,7,653.14,,0,0,0,Ligacao,0,desconto_pecas
C06349,Territory,2018,155117,PJ_Frota,Sudeste,3.0,0,2,56,1239.86,,0,0,0,WhatsApp,1,revisao_preco_fixo
C00541,Ranger,2015,114561,PF,Sul,5.7,0,5,6,1259.58,6.0,1,0,1,WhatsApp,1,checkup_gratuito
C01048,Maverick,2024,30947,PF,Sudeste,4.8,1,3,0,852.79,7.0,1,0,0,WhatsApp,0,pacote_revisoes
C08751,Ranger,2020,51253,PF,Centro-Oeste,75.8,0,0,38,1275.19,6.0,0,0,0,E-mail,1,checkup_gratuito
C07240,Territory,2018,113009,PF,Sudeste,12.6,0,4,10,1373.3,3.0,0,0,0,WhatsApp,1,desconto_pecas
C04367,Territory,2018,142003,PF,Norte,40.4,0,11,10,621.82,8.0,1,0,0,WhatsApp,0,desconto_pecas
C09620,Ka,2019,63928,PF,Nordeste,14.7,0,2,33,441.56,,0,0,0,WhatsApp,1,revisao_preco_fixo
C03023,Territory,2017,123536,PF,Sudeste,10.5,0,4,3,948.13,6.0,0,0,0,WhatsApp,0,desconto_pecas
C00451,Mustang,2022,57913,PF,Centro-Oeste,21.8,0,1,5,990.71,4.0,1,0,0,WhatsApp,0,revisao_preco_fixo
C04513,Ka,2018,126730,PF,Nordeste,,0,6,60,825.38,7.0,0,0,0,Ligacao,1,checkup_gratuito
C03210,EcoSport,2021,50253,PF,Nordeste,3.7,0,4,33,780.49,9.0,1,0,1,,0,revisao_preco_fixo
C07968,Ka,2014,289360,PF,Sudeste,8.4,0,15,60,521.33,8.0,0,0,1,WhatsApp,0,desconto_pecas
C09078,Ka,2021,54952,PF,Sudeste,6.0,0,3,9,737.69,7.0,1,0,0,App FordPass,0,revisao_preco_fixo
C01842,Ka,2018,130513,PF,Nordeste,35.5,0,3,3,632.46,5.0,0,0,0,WhatsApp,0,revisao_preco_fixo
C00389,Maverick,2016,123508,PF,Sudeste,19.3,0,10,33,1048.37,6.0,0,0,0,App FordPass,1,checkup_gratuito
C06631,Ka,2021,82875,PF,Sudeste,10.5,0,4,4,431.61,5.0,0,1,0,E-mail,0,checkup_gratuito
C01015,Ka,2014,103598,PF,Sul,7.1,0,7,60,592.98,6.0,0,0,0,E-mail,1,checkup_gratuito
C01706,Ka,2018,258136,PF,Sul,18.8,0,17,47,,7.0,0,0,0,App FordPass,1,checkup_gratuito
C04491,Maverick,2026,3972,PF,Nordeste,7.8,1,0,4,576.79,7.0,1,0,0,App FordPass,0,pacote_revisoes
C04296,Ranger,2026,2606,PF,Sudeste,6.6,1,0,1,1163.49,8.0,0,0,0,,1,pacote_revisoes
C01241,EcoSport,2016,82064,PF,Sudeste,13.3,0,5,32,919.8,8.0,0,0,0,Ligacao,1,checkup_gratuito
C02845,Territory,2023,43488,PF,Sul,8.7,1,3,1,643.22,7.0,1,0,0,Ligacao,0,pacote_revisoes
C06332,Ranger,2014,91650,PF,Norte,64.2,0,1,0,1137.84,9.0,0,0,0,E-mail,1,desconto_pecas
C05541,Ranger,2019,64090,PF,Sul,16.3,0,1,8,1388.26,6.0,0,0,0,WhatsApp,0,desconto_pecas
C02041,Maverick,2021,61209,PF,Centro-Oeste,41.7,0,3,11,860.67,6.0,0,0,0,WhatsApp,1,revisao_preco_fixo
C04614,EcoSport,2018,105775,PF,Centro-Oeste,21.3,0,9,6,900.13,10.0,1,0,0,Ligacao,0,desconto_pecas
C02314,EcoSport,2014,85290,PF,Nordeste,11.2,0,11,48,583.09,8.0,0,0,0,WhatsApp,1,checkup_gratuito
C04105,Ka,2017,118779,PF,Sudeste,3.6,0,4,60,,6.0,0,0,1,WhatsApp,1,desconto_pecas
C06380,Bronco Sport,2018,94544,PF,Norte,38.1,0,2,45,1200.79,8.0,1,1,1,App FordPass,1,checkup_gratuito
C00013,Maverick,2016,140600,PF,Sudeste,5.1,0,1,30,,6.0,1,0,1,App FordPass,1,checkup_gratuito
C03775,Ranger,2020,79080,PJ_Frota,Sudeste,3.4,0,6,8,900.43,9.0,0,0,0,WhatsApp,0,plano_frota
C06967,Ka,2019,86362,PF,Sudeste,5.2,0,4,11,505.79,7.0,0,0,0,E-mail,1,desconto_pecas
C02698,Ranger,2026,12998,PJ_Frota,Nordeste,15.5,1,1,0,1306.58,9.0,1,0,0,App FordPass,0,plano_frota
C00540,Transit,2024,37793,PJ_Frota,Norte,25.8,1,3,6,847.29,5.0,1,0,0,App FordPass,0,pacote_revisoes
C02223,Ka,2016,270964,PJ_Frota,Nordeste,6.7,0,12,8,662.09,7.0,0,0,0,WhatsApp,0,plano_frota
C01835,Ka,2014,147083,PF,Centro-Oeste,13.8,0,11,11,721.04,,0,0,1,Ligacao,0,desconto_pecas
C04018,Ka,2014,191143,PF,Sudeste,5.3,0,15,4,640.72,7.0,0,0,1,WhatsApp,0,desconto_pecas
C00133,EcoSport,2017,164484,PF,Centro-Oeste,17.1,0,13,60,549.35,10.0,0,0,0,WhatsApp,0,desconto_pecas
C07205,Ranger,2020,169022,PJ_Frota,Centro-Oeste,8.7,0,6,22,1635.12,8.0,1,0,0,E-mail,1,revisao_preco_fixo
C01722,Bronco Sport,2019,73255,PF,Sul,32.4,0,3,13,752.23,4.0,1,0,1,WhatsApp,0,revisao_preco_fixo
C05580,Territory,2026,3398,PF,Sudeste,8.1,1,0,7,1061.09,7.0,1,0,0,WhatsApp,0,plano_frota
C06255,Mustang,2018,131160,PF,Sudeste,17.6,0,4,27,1469.46,8.0,1,0,0,E-mail,1,revisao_preco_fixo
C01352,EcoSport,2021,91408,PF,Sudeste,22.7,0,3,38,415.86,6.0,0,1,0,WhatsApp,1,checkup_gratuito
C08719,Ka,2018,169797,PF,Sudeste,9.4,0,3,60,810.55,,1,0,0,Ligacao,1,checkup_gratuito
C08738,Maverick,2025,-17648,PF,Sudeste,6.0,1,1,2,1357.63,8.0,0,0,0,E-mail,0,pacote_revisoes
C07274,Bronco Sport,2020,47810,PF,Sudeste,10.5,0,4,1,1053.01,6.0,0,0,0,E-mail,0,revisao_preco_fixo
C04643,Ka,2021,69230,PF,Nordeste ,10.2,0,5,4,692.51,10.0,1,0,0,E-mail,0,checkup_gratuito
C02879,Ka,2014,205613,PF,Sudeste,9.6,0,8,60,1436.35,8.0,0,0,1,App FordPass,1,checkup_gratuito
C08255,EcoSport,2020,60063,PF,Sudeste,8.2,0,3,31,685.28,7.0,0,0,0,App FordPass,0,revisao_preco_fixo
C04628,Ka,2014,136091,PF,Nordeste,,0,5,60,1106.23,7.0,0,0,0,App FordPass,1,checkup_gratuito
C06589,Ranger,2022,47438,PF,Sul,23.2,0,3,0,986.12,7.0,0,0,3,WhatsApp,0,revisao_preco_fixo
C00334,Ka,2019,92544,PF,Sudeste,7.8,0,5,55,705.3,,0,0,0,WhatsApp,1,checkup_gratuito
C02699,Maverick,2015,87499,PF,Sul,5.2,0,4,30,1184.51,6.0,0,0,1,App FordPass,1,revisao_preco_fixo
C05588,Ranger,2018,87789,PF,SUDESTE,5.1,0,7,9,1482.04,7.0,0,0,0,Ligacao,1,revisao_preco_fixo
C00399,Ranger,2016,137410,PF,Centro-Oeste,42.7,0,1,35,967.02,,0,0,1,App FordPass,1,checkup_gratuito
C01302,Bronco Sport,2026,4010,PF,Norte,24.2,1,0,3,706.03,6.0,1,0,0,WhatsApp,0,pacote_revisoes
C00292,Transit,2016,411278,PJ_Frota,Centro-Oeste,23.3,0,33,19,1170.31,6.0,0,0,0,Ligacao,0,desconto_pecas
C03882,Bronco Sport,2023,48200,PF,Sul,26.5,1,1,11,1579.13,7.0,0,0,0,Ligacao,0,pacote_revisoes
C02081,EcoSport,2015,170623,PF,Centro-Oeste,35.2,0,7,60,1061.76,10.0,0,0,1,WhatsApp,1,checkup_gratuito
C04252,Ka,2019,91994,PF,Nordeste,40.8,0,4,2,,6.0,0,0,0,App FordPass,0,revisao_preco_fixo
C07756,Ka,2017,134782,PF,Sudeste,8.5,0,11,16,618.33,8.0,0,0,0,WhatsApp,0,desconto_pecas
C02627,EcoSport,2018,241171,PF,Sudeste,3.4,0,5,7,674.41,7.0,0,0,0,WhatsApp,0,desconto_pecas
C03059,EcoSport,2019,143064,PF,Sul,11.4,0,4,25,913.4,4.0,0,0,0,E-mail,1,revisao_preco_fixo
C09217,Transit,2015,436625,PJ_Frota,Nordeste,14.3,0,30,60,2137.2,7.0,1,0,0,WhatsApp,1,desconto_pecas
C05870,Territory,2023,36421,PF,Sudeste,8.2,1,2,1,1006.46,8.0,0,0,0,App FordPass,0,pacote_revisoes
C03908,Ranger,2018,72458,PF,Sul,5.3,0,4,5,1456.07,6.0,1,0,0,App FordPass,1,revisao_preco_fixo
C03410,Territory,2025,7191,PF,Centro-Oeste,16.6,1,1,2,776.69,7.0,1,0,0,WhatsApp,0,checkup_gratuito
C05753,Bronco Sport,2024,18063,PF,Sul,10.3,1,2,2,955.2,7.0,1,0,0,WhatsApp,0,pacote_revisoes
C03805,Ka,2016,249392,PF,Sudeste,7.2,0,10,24,355.87,9.0,0,0,1,WhatsApp,1,desconto_pecas
C05129,Transit,2026,2232,PF,Sudeste,,1,0,1,1201.7,7.0,1,0,0,Ligacao,0,checkup_gratuito
C09635,Ka,2015,166166,PF,Centro-Oeste,21.3,0,8,60,809.75,,0,0,0,WhatsApp,1,desconto_pecas
C04139,Maverick,2021,117308,PF,Nordeste ,8.1,0,5,3,1562.61,8.0,0,0,0,WhatsApp,0,revisao_preco_fixo
C01593,Ranger,2025,11679,PF,Nordeste,9.0,1,1,2,,7.0,1,0,0,App FordPass,0,pacote_revisoes
C08068,Ka,2019,177194,PF,Norte,43.0,0,10,17,628.99,9.0,0,1,0,WhatsApp,1,desconto_pecas
C04751,Ranger,2014,170516,PJ_Frota,Sudeste,3.1,0,7,60,1125.74,7.0,0,0,0,App FordPass,1,desconto_pecas
C05958,Territory,2018,192094,PJ_Frota,Sudeste,11.0,0,3,36,712.46,7.0,0,0,0,E-mail,1,desconto_pecas
C00376,Transit,2023,31240,PF,Sul,5.8,1,2,8,558.52,7.0,1,0,0,WhatsApp,0,pacote_revisoes
C00670,Ka,2016,111690,PF,SUDESTE,5.9,0,8,18,639.11,8.0,0,0,0,E-mail,1,desconto_pecas
C04587,Mustang,2016,313997,PJ_Frota,Sudeste,8.7,0,20,18,,10.0,0,0,0,Ligacao,1,desconto_pecas
C08777,Maverick,2023,23694,PF,Sudeste,12.4,1,3,3,545.96,7.0,0,0,0,Ligacao,0,pacote_revisoes
C04736,Territory,2020,73048,PF,Nordeste,12.2,0,0,19,863.07,5.0,0,0,0,WhatsApp,1,revisao_preco_fixo
C04059,Maverick,2018,100026,PF,Sudeste,30.7,0,1,60,1293.14,7.0,0,0,0,WhatsApp,1,checkup_gratuito
C04974,Territory,2021,132220,PF,Sudeste,10.2,0,6,24,,7.0,0,0,0,,0,revisao_preco_fixo
C06920,Bronco Sport,2026,5465,PF,Sudeste,4.8,1,0,7,1236.59,7.0,0,0,0,WhatsApp,0,pacote_revisoes
C00647,Ranger,2014,175272,PF,Centro Oeste,37.1,0,3,35,1514.04,5.0,1,0,1,App FordPass,1,desconto_pecas
C05781,Transit,2014,411505,PJ_Frota,Sul,12.1,0,21,41,769.22,,0,0,0,E-mail,1,desconto_pecas
C06042,Bronco Sport,2025,12089,PF,Sudeste,6.7,1,1,0,911.25,9.0,0,0,1,WhatsApp,0,pacote_revisoes
C03365,EcoSport,2020,85312,PF,SUDESTE,7.6,0,5,31,712.04,7.0,0,0,1,,1,revisao_preco_fixo
C05477,Ranger,2025,35612,PJ_Frota,Centro-Oeste,13.0,1,2,6,1186.9,9.0,1,0,0,E-mail,0,plano_frota
C06939,EcoSport,2014,265797,PF,Sudeste,8.4,0,10,20,655.73,8.0,0,0,1,WhatsApp,1,desconto_pecas
C07818,Transit,2025,19827,PJ_Frota,Sul,25.8,1,0,2,951.73,,0,0,1,Ligacao,0,plano_frota
C04046,EcoSport,2019,41824,PF,Norte,16.3,0,4,35,1257.11,5.0,0,0,1,E-mail,1,revisao_preco_fixo
C09338,Territory,2021,142649,PJ_Frota,Centro-Oeste,22.3,0,11,16,735.18,10.0,0,0,0,WhatsApp,0,plano_frota
C05474,Territory,2017,73542,PF,Sul,15.9,0,5,1,1046.77,7.0,0,0,0,WhatsApp,0,desconto_pecas
C09664,Ka,2016,100531,PF,SUDESTE,5.0,0,6,4,975.27,7.0,0,1,1,WhatsApp,0,checkup_gratuito
C05641,Maverick,2021,77066,PF,Sudeste,,0,1,11,785.28,9.0,0,0,0,WhatsApp,1,revisao_preco_fixo
C01343,Territory,2016,126351,PF,Sudeste,4.4,0,4,12,,6.0,0,0,0,E-mail,1,desconto_pecas
C05842,EcoSport,2014,185178,PF,Sudeste,10.3,0,12,60,1346.5,7.0,0,0,0,WhatsApp,1,desconto_pecas
C06877,EcoSport,2016,98591,PF,Sudeste,2.3,0,4,15,,9.0,0,0,0,Ligacao,1,desconto_pecas
C08876,Maverick,2015,189480,PF,Sudeste,14.6,0,4,13,931.4,8.0,0,1,0,E-mail,1,desconto_pecas
C03859,Ka,2018,164341,PF,Centro-Oeste,63.1,0,3,43,893.58,8.0,1,0,1,Ligacao,1,checkup_gratuito
C07893,Ka,2020,94775,PF,Sudeste,4.3,0,5,48,505.16,7.0,0,0,2,WhatsApp,1,checkup_gratuito
C06439,Territory,2024,54965,PJ_Frota,Sudeste,16.7,1,2,3,940.85,9.0,1,0,0,WhatsApp,0,plano_frota
C00053,Territory,2023,54994,PF,Sudeste,7.4,1,5,4,541.36,8.0,1,0,0,App FordPass,0,pacote_revisoes
C02143,Maverick,2022,61719,PF,Sudeste,11.1,0,4,19,1161.18,8.0,0,1,1,WhatsApp,0,checkup_gratuito
C03262,Ka,2016,202335,PF,Sudeste,22.5,0,11,60,894.08,5.0,0,0,0,WhatsApp,1,checkup_gratuito
C04962,Ranger,2014,102235,PF,Sudeste,10.3,0,9,60,1325.32,6.0,0,0,0,Ligacao,1,checkup_gratuito
C05020,Mustang,2021,96170,PF,Centro-Oeste,22.1,0,2,5,2272.37,8.0,0,0,1,E-mail,0,revisao_preco_fixo
C04038,Ranger,2026,11012,PF,Centro-Oeste,11.2,1,1,4,1394.64,6.0,1,1,0,App FordPass,0,pacote_revisoes
C09658,Transit,2025,60602,PJ_Frota,Sudeste,13.2,1,5,6,1000.38,5.0,0,0,1,WhatsApp,0,pacote_revisoes
C04445,Ranger,2018,82326,PF,Sudeste,13.1,0,4,26,1090.45,8.0,1,1,0,Ligacao,0,checkup_gratuito
C06361,Territory,2015,224653,PF,Sudeste,3.2,0,12,7,1150.88,7.0,0,0,0,Ligacao,0,desconto_pecas
C03629,Ka,2021,62851,PF,Sul,6.7,0,3,1,370.09,6.0,0,1,0,Ligacao,0,desconto_pecas
C04653,Ka,2021,43780,PF,Nordeste,14.8,0,1,7,476.82,5.0,1,0,1,App FordPass,1,revisao_preco_fixo
C07867,Ka,2019,59545,PF,Sudeste,28.0,0,7,15,521.62,3.0,0,0,0,WhatsApp,0,checkup_gratuito
C07549,Ka,2021,38020,PF,Sudeste,1.4,0,2,41,905.71,5.0,1,0,0,E-mail,1,checkup_gratuito
C09175,Transit,2016,554489,PJ_Frota,Sudeste,11.2,0,39,14,1819.22,7.0,0,0,1,Ligacao,0,desconto_pecas
C07278,Territory,2022,47821,PF,Sudeste,6.3,0,2,0,1020.93,8.0,0,0,1,WhatsApp,0,revisao_preco_fixo
C07708,Ranger,2020,82367,PJ_Frota,Centro-Oeste,33.9,0,5,0,813.24,,0,0,0,WhatsApp,0,plano_frota
C01498,EcoSport,2020,108143,PF,Sul,31.0,0,5,17,896.44,7.0,0,0,0,E-mail,0,revisao_preco_fixo
C03716,Bronco Sport,2024,45594,PF,Nordeste,12.7,1,3,10,951.93,8.0,0,0,0,WhatsApp,0,pacote_revisoes
C03885,Ka,2021,77858,PF,Sul,10.3,0,2,1,571.52,6.0,0,0,0,App FordPass,0,desconto_pecas
C06715,Maverick,2026,3226,PF,Sudeste,2.7,1,0,4,539.58,8.0,1,1,0,E-mail,0,revisao_preco_fixo
C01590,Ka,2021,41681,PF,Sudeste,3.8,0,4,32,928.3,8.0,0,0,0,WhatsApp,0,revisao_preco_fixo
C02341,Ka,2017,184708,PF,norte,21.8,0,10,23,,,0,0,1,E-mail,0,desconto_pecas
C01326,Ranger,2022,34622,PF,Nordeste,21.4,0,2,7,1622.7,,0,0,0,WhatsApp,0,revisao_preco_fixo
C03315,Ka,2019,61553,PF,Sudeste,6.5,0,3,4,942.65,8.0,0,0,1,Ligacao,0,desconto_pecas
C02692,Maverick,2023,66291,PF,Norte,31.0,1,6,3,948.05,,1,0,1,App FordPass,0,pacote_revisoes
C05237,Ka,2016,72828,PF,Nordeste,15.9,0,4,49,323.43,9.0,0,0,0,Ligacao,1,checkup_gratuito
C00289,Ka,2015,180936,PF,Sudeste,4.6,0,3,57,836.04,7.0,1,0,0,WhatsApp,1,desconto_pecas
C05508,Maverick,2024,43471,PF,Sudeste,9.6,1,3,0,675.94,9.0,1,0,0,WhatsApp,0,pacote_revisoes
C03888,Transit,2019,94836,PF,Nordeste,16.1,0,1,6,786.04,5.0,0,0,0,WhatsApp,1,revisao_preco_fixo
C08452,Ka,2019,151885,PF,Nordeste,20.5,0,10,4,676.14,5.0,0,0,0,WhatsApp,0,revisao_preco_fixo
C01535,Ranger,2026,3970,PF,Sudeste,15.9,1,0,3,832.36,8.0,1,0,0,App FordPass,0,pacote_revisoes
C01470,Transit,2023,66200,PJ_Frota,Sudeste,2.2,1,3,2,739.2,6.0,1,1,1,E-mail,0,plano_frota
C01111,Ranger,2022,61862,PF,Sul,3.1,0,4,3,1247.46,7.0,0,0,0,WhatsApp,0,desconto_pecas
C02946,EcoSport,2019,62515,PF,Sudeste,22.5,0,4,3,1036.57,9.0,0,0,0,E-mail,0,desconto_pecas
C08905,EcoSport,2019,56885,PF,Centro-Oeste,18.6,0,2,11,538.62,6.0,0,0,0,App FordPass,0,revisao_preco_fixo
C00750,EcoSport,2015,132475,PF,Sudeste,13.0,0,9,8,911.94,3.0,0,0,0,App FordPass,0,checkup_gratuito
C01681,Maverick,2024,28723,PF,Sul,105.5,1,1,5,937.0,6.0,0,0,0,WhatsApp,0,pacote_revisoes
C01544,Ranger,2014,339774,PJ_Frota,Sudeste,7.0,0,23,4,874.58,,0,1,1,App FordPass,0,desconto_pecas
C00165,Ranger,2024,36697,PF,Norte,13.9,1,3,2,550.21,9.0,1,0,0,WhatsApp,0,pacote_revisoes
C03998,EcoSport,2015,116117,PF,Sudeste,4.2,0,2,59,484.34,,0,0,0,WhatsApp,1,desconto_pecas
C08460,Mustang,2021,-53601,PF,SUDESTE,12.5,0,1,8,2178.58,6.0,0,0,1,E-mail,1,revisao_preco_fixo
C02457,Ka,2021,67409,PF,Sudeste,5.6,0,1,37,904.5,5.0,0,0,1,E-mail,0,checkup_gratuito
C00596,Bronco Sport,2020,55798,PF,Sudeste,7.6,0,4,23,1116.4,8.0,0,0,0,App FordPass,1,desconto_pecas
C05792,Ka,2017,125451,PF,Norte,21.8,0,3,34,790.7,3.0,1,0,0,WhatsApp,1,checkup_gratuito
C03530,Ka,2017,148961,PF,Nordeste,11.6,0,14,18,894.0,7.0,0,1,0,E-mail,0,desconto_pecas
C07327,Ranger,2016,140244,PF,Sul,1.5,0,9,8,1310.76,8.0,0,0,0,App FordPass,0,desconto_pecas
C04331,Transit,2020,128166,PF,Nordeste ,16.9,0,9,1,723.88,6.0,1,0,0,WhatsApp,0,desconto_pecas
C08590,Ranger,2019,76679,PF,Sudeste,,0,6,0,933.67,7.0,0,0,1,WhatsApp,0,revisao_preco_fixo
C01694,Territory,2020,78710,PF,Sudeste,14.4,0,7,5,997.36,9.0,0,0,0,App FordPass,0,revisao_preco_fixo
C04464,Ka,2017,147696,PF,Nordeste,,0,10,2,545.63,7.0,0,0,0,Ligacao,0,desconto_pecas
C04061,Bronco Sport,2014,295635,PF,Sudeste,,0,14,2,1058.98,8.0,0,0,2,App FordPass,1,desconto_pecas
C02871,Ranger,2022,102272,PF,Sudeste,1.4,0,6,1,1017.44,8.0,0,0,0,WhatsApp,0,revisao_preco_fixo
C07527,Bronco Sport,2022,45645,PF,Centro-Oeste,48.2,0,0,58,652.16,5.0,1,0,0,WhatsApp,1,checkup_gratuito
C09677,Bronco Sport,2014,202728,PF,sul,5.5,0,12,60,1609.96,7.0,0,0,0,WhatsApp,1,checkup_gratuito
C09836,Ka,2018,90238,PF,Norte,80.2,0,0,7,1082.46,6.0,1,0,0,Ligacao,1,revisao_preco_fixo
C08912,Territory,2016,93077,PF,Norte,52.4,0,7,34,943.72,8.0,0,0,0,App FordPass,0,revisao_preco_fixo
C00113,Territory,2026,3971,PF,Centro-Oeste,30.8,1,0,10,823.34,8.0,1,0,1,Ligacao,0,pacote_revisoes
C01757,Transit,2018,162636,PJ_Frota,Sudeste,9.0,0,5,18,819.46,5.0,0,0,1,WhatsApp,1,plano_frota
C01931,Territory,2023,51637,PF,Sul,33.7,1,5,2,1022.08,8.0,0,0,0,Ligacao,0,pacote_revisoes
C08263,Transit,2022,65037,PF,Sul,8.8,0,3,17,1037.04,8.0,1,0,0,Ligacao,1,revisao_preco_fixo
C01468,Bronco Sport,2019,77185,PF,Centro-Oeste,10.5,0,5,21,1843.51,,0,1,0,App FordPass,0,revisao_preco_fixo
C08547,Ranger,2025,10797,PF,Centro-Oeste,54.5,1,0,6,961.96,,1,0,0,App FordPass,1,pacote_revisoes
C08592,Maverick,2022,46304,PF,Sudeste,4.6,0,0,13,625.07,10.0,0,0,0,,0,pacote_revisoes
C00768,Ka,2020,60221,PF,Centro-Oeste,34.8,0,2,11,709.62,7.0,1,0,0,WhatsApp,0,revisao_preco_fixo
C08281,Territory,2017,241789,PJ_Frota,Sudeste,7.5,0,7,44,738.39,6.0,1,0,0,App FordPass,1,checkup_gratuito
C03012,Bronco Sport,2014,141067,PF,Norte,25.1,0,3,19,709.78,6.0,0,0,1,WhatsApp,1,desconto_pecas
C00397,EcoSport,2017,152241,PF,Sudeste,4.2,0,8,45,1020.77,6.0,0,0,1,Ligacao,1,desconto_pecas
C08756,EcoSport,2021,35309,PF,Sul,33.4,0,1,15,351.9,6.0,0,0,1,App FordPass,1,revisao_preco_fixo
C04892,Ranger,2025,11212,PF,Sudeste,12.2,1,1,5,1014.02,9.0,0,0,0,WhatsApp,0,pacote_revisoes
C02957,Ka,2016,194892,PF,Sudeste,7.0,0,15,40,789.77,8.0,0,0,0,App FordPass,0,checkup_gratuito
C08929,EcoSport,2015,152976,PF,Sudeste,9.8,0,13,8,877.99,8.0,0,0,0,App FordPass,0,desconto_pecas
C05547,Territory,2020,-65432,PF,Sudeste,2.3,0,5,15,1167.25,8.0,0,0,0,E-mail,0,revisao_preco_fixo
C08175,Mustang,2025,38671,PJ_Frota,Sudeste,11.3,1,2,2,1734.5,5.0,1,1,0,WhatsApp,0,plano_frota
C05100,Territory,2015,192119,PF,Nordeste,19.5,0,5,60,1052.39,8.0,0,0,0,,1,checkup_gratuito
C02497,EcoSport,2019,95733,PF,Sudeste,13.2,0,3,60,861.66,8.0,0,0,0,E-mail,1,checkup_gratuito
C09824,Ranger,2018,135267,PF,Sudeste,17.5,0,6,60,1682.19,5.0,0,0,2,App FordPass,1,checkup_gratuito
C03189,EcoSport,2021,87761,PF,Nordeste,4.5,0,1,16,568.59,,0,0,0,E-mail,0,revisao_preco_fixo
C06815,Ka,2015,59123,PF,Nordeste,28.8,0,8,41,815.98,,0,0,1,E-mail,1,checkup_gratuito
C04502,Territory,2021,35792,PF,Sul,3.8,0,1,9,1282.49,,0,0,1,WhatsApp,0,revisao_preco_fixo
C09924,Ka,2015,57858,PF,Sudeste,6.8,0,2,21,600.33,6.0,0,0,0,App FordPass,1,desconto_pecas
C06824,Territory,2026,5994,PF,Sudeste,8.6,1,0,4,657.67,7.0,0,0,0,App FordPass,1,pacote_revisoes
C08984,Territory,2016,97341,PF,Centro-Oeste,20.0,0,8,1,776.08,10.0,0,0,0,App FordPass,0,desconto_pecas
C05464,Ka,2017,281488,PJ_Frota,Centro-Oeste,27.7,0,17,42,819.57,7.0,0,0,0,App FordPass,0,desconto_pecas
C06573,Territory,2016,78494,PF,Sudeste,14.9,0,6,10,1287.67,7.0,1,0,0,App FordPass,0,desconto_pecas
C05386,Ka,2015,165763,PF,Sudeste,1.2,0,10,12,686.25,9.0,1,0,1,WhatsApp,1,desconto_pecas
C04767,Territory,2015,129968,PF,Sul,12.1,0,11,12,1427.91,,0,0,0,WhatsApp,0,desconto_pecas
C07624,Ranger,2020,244277,PJ_Frota,Norte,18.1,0,10,16,822.66,9.0,0,0,1,WhatsApp,1,desconto_pecas
C01398,Territory,2023,31189,PF,Sudeste,7.3,1,3,4,758.01,7.0,1,0,0,E-mail,0,pacote_revisoes
C07591,Mustang,2022,51750,PF,Sul,6.8,0,2,31,2803.26,7.0,0,0,1,WhatsApp,1,revisao_preco_fixo
C07513,Territory,2023,43410,PF,Sudeste,3.7,1,3,5,1333.64,6.0,1,0,0,WhatsApp,0,pacote_revisoes
C06344,EcoSport,2020,42730,PF,Nordeste,15.0,0,4,3,897.44,8.0,0,0,0,App FordPass,1,revisao_preco_fixo
C04351,Ka,2018,114378,PF,Nordeste,15.4,0,3,14,528.25,7.0,0,0,0,Ligacao,0,desconto_pecas
C00199,EcoSport,2015,130306,PF,Centro-Oeste,31.0,0,5,11,747.0,7.0,0,0,0,Ligacao,1,revisao_preco_fixo
C00035,Ka,2017,137121,PF,Norte,58.0,0,2,60,750.78,5.0,0,1,0,WhatsApp,1,checkup_gratuito
C00277,Ranger,2020,205084,PJ_Frota,Sul,13.2,0,12,18,746.58,6.0,0,0,0,,0,revisao_preco_fixo
C04175,Ranger,2020,111413,PJ_Frota,Sul,15.2,0,7,11,901.46,6.0,0,0,0,App FordPass,0,plano_frota
C04885,Maverick,2015,90187,PF,Nordeste,21.1,0,5,6,1122.92,7.0,0,0,1,Ligacao,1,revisao_preco_fixo
C05867,Bronco Sport,2025,30323,PF,Sudeste,5.9,1,3,0,1353.88,5.0,0,0,0,E-mail,0,revisao_preco_fixo
C05170,Bronco Sport,2031,91822,PF,SUDESTE,12.6,0,6,2,930.27,9.0,1,0,0,WhatsApp,0,revisao_preco_fixo
C05527,Ka,2015,173051,PF,Nordeste,16.0,0,8,5,752.87,8.0,0,0,0,WhatsApp,0,desconto_pecas
C02432,Territory,2025,13396,PF,Sudeste,19.0,1,1,17,734.44,8.0,1,0,0,E-mail,0,pacote_revisoes
C03364,EcoSport,2017,142263,PF,Sudeste,11.2,0,5,7,751.88,3.0,0,0,0,E-mail,1,desconto_pecas
C02146,Ka,2016,203789,PF,Sudeste,4.8,0,7,49,880.68,4.0,1,0,0,WhatsApp,1,checkup_gratuito
C03993,EcoSport,2016,142145,PF,Sudeste,3.3,0,10,54,,8.0,0,0,1,E-mail,1,desconto_pecas
C07898,Transit,2024,105588,PJ_Frota,Nordeste,8.3,1,9,3,667.66,6.0,0,0,0,WhatsApp,0,pacote_revisoes
C08108,Territory,2023,53852,PF,Sul,5.4,1,4,4,1234.28,5.0,0,0,0,WhatsApp,0,desconto_pecas
C05076,Ranger,2020,102821,PF,Sul,6.2,0,5,5,1598.92,10.0,0,1,0,Ligacao,1,revisao_preco_fixo
C06145,Territory,2022,30288,PF,Sudeste,12.3,0,1,10,,10.0,1,0,0,E-mail,0,revisao_preco_fixo
C02335,Territory,2016,105885,PF,Sul,20.0,0,9,8,868.5,7.0,0,0,1,Ligacao,0,revisao_preco_fixo
C06487,Territory,2019,73842,PF,Norte,23.4,0,1,18,,,1,0,0,App FordPass,1,revisao_preco_fixo
C05760,Ka,2017,96297,PF,Sudeste,14.6,0,2,33,800.89,7.0,0,0,0,WhatsApp,1,checkup_gratuito
C00921,Maverick,2023,134652,PJ_Frota,Nordeste,29.6,1,8,1,765.84,5.0,1,0,0,Ligacao,0,plano_frota
C00938,Mustang,2021,61696,PF,Sudeste,2.1,0,2,1,1372.67,6.0,1,0,0,App FordPass,1,revisao_preco_fixo
C03766,Ranger,2018,133656,PF,Nordeste,19.9,0,5,10,1060.49,8.0,0,0,0,E-mail,0,desconto_pecas
C01669,Maverick,2024,18728,PF,Nordeste,12.7,1,1,2,888.09,7.0,0,0,1,E-mail,0,pacote_revisoes
C05045,Transit,2025,22700,PF,Centro-Oeste,25.0,1,2,0,1081.56,5.0,0,0,0,E-mail,0,pacote_revisoes
C09837,Ranger,2021,40148,PF,Sul,,0,2,8,908.08,,0,0,0,E-mail,0,pacote_revisoes
C02153,Maverick,2020,77506,PF,Sul,85.3,0,2,7,,7.0,0,0,0,App FordPass,0,revisao_preco_fixo
C00064,Territory,2018,168364,PF,Sul,18.5,0,9,33,1030.62,7.0,0,0,1,App FordPass,0,desconto_pecas
C05865,EcoSport,2015,79109,PF,Sudeste,11.8,0,6,52,1285.38,10.0,0,0,0,E-mail,1,revisao_preco_fixo
C05887,Ka,2015,152509,PF,Sudeste,6.4,0,14,60,764.17,6.0,0,0,0,WhatsApp,1,checkup_gratuito
C03980,Ka,2021,90081,PF,Sul,9.8,0,3,3,790.38,,0,0,1,Ligacao,0,revisao_preco_fixo
C00498,Ranger,2026,11655,PJ_Frota,Nordeste,37.1,1,1,4,721.91,7.0,1,0,1,App FordPass,0,plano_frota
C09161,Maverick,2017,157746,PF,Nordeste,32.2,0,0,3,640.67,7.0,1,0,0,WhatsApp,0,desconto_pecas
C07626,Transit,2025,29815,PJ_Frota,Sudeste,5.2,1,1,5,673.1,9.0,1,0,0,Ligacao,0,plano_frota
C05214,Ranger,2022,151188,PJ_Frota,Sudeste,3.8,0,4,4,1736.07,6.0,1,0,0,E-mail,0,plano_frota
C09421,Ka,2017,59913,PF,Centro-Oeste,42.0,0,0,60,759.71,5.0,0,0,1,App FordPass,1,checkup_gratuito
C04314,Ka,2017,74340,PF,Norte,60.9,0,0,25,965.59,7.0,0,0,0,WhatsApp,1,desconto_pecas
C07422,EcoSport,2017,69965,PF,Sudeste,7.4,0,5,15,875.4,7.0,0,0,1,App FordPass,0,checkup_gratuito
C00641,Maverick,2020,55297,PF,Centro-Oeste,20.3,0,0,6,1553.84,2.0,0,0,0,E-mail,1,revisao_preco_fixo
C05776,Bronco Sport,2019,85673,PF,Sudeste,14.7,0,3,8,1242.22,6.0,1,0,0,Ligacao,1,pacote_revisoes
C07431,Territory,2025,12042,PF,Sudeste,16.0,1,1,13,742.63,6.0,0,0,0,Ligacao,0,plano_frota
C07856,Ka,2014,247910,PF,Nordeste,20.1,0,14,60,871.57,9.0,0,0,0,WhatsApp,1,desconto_pecas
C08320,Ka,2015,315301,PF,Centro-Oeste,32.0,0,11,57,1368.61,5.0,0,0,1,WhatsApp,1,desconto_pecas
C01632,Territory,2017,76445,PF,Sudeste,3.6,0,6,13,987.3,9.0,0,0,0,E-mail,0,desconto_pecas
C02002,Transit,2026,9302,PJ_Frota,Sudeste,7.3,1,0,1,545.11,6.0,0,0,0,WhatsApp,0,plano_frota
C02742,Ka,2021,34030,PF,Sudeste,12.3,0,4,20,,7.0,0,0,2,WhatsApp,1,revisao_preco_fixo
C01428,Bronco Sport,2021,59948,PF,Sudeste,9.2,0,5,60,1312.84,9.0,0,0,0,App FordPass,1,revisao_preco_fixo
C09873,EcoSport,2020,50596,PF,SUDESTE,7.2,0,6,22,661.42,5.0,0,1,0,App FordPass,0,checkup_gratuito
C07584,Ranger,2026,2810,PF,Sudeste,7.2,1,0,6,1695.6,9.0,0,0,0,WhatsApp,0,pacote_revisoes
C04872,Territory,2018,205242,PF,Centro-Oeste,,0,6,10,,7.0,1,0,2,App FordPass,1,revisao_preco_fixo
C04748,Maverick,2015,102815,PF,Norte,80.3,0,1,25,1052.45,7.0,0,0,0,App FordPass,1,revisao_preco_fixo
C05565,EcoSport,2018,98329,PF,Centro-Oeste,,0,2,56,794.76,8.0,0,0,0,WhatsApp,1,checkup_gratuito
C04673,EcoSport,2018,69779,PF,Sul,30.7,0,5,6,844.27,5.0,1,0,1,WhatsApp,1,pacote_revisoes
C03603,EcoSport,2014,243419,PF,Sudeste,8.3,0,18,60,739.91,9.0,1,1,0,E-mail,1,checkup_gratuito
C07832,Ka,2021,94655,PF,Sul,11.8,0,3,4,674.48,6.0,0,0,0,WhatsApp,1,revisao_preco_fixo
C00957,Ranger,2024,14773,PF,Sul,6.4,1,2,1,,,1,0,0,WhatsApp,0,pacote_revisoes
C03584,Mustang,2022,88609,PJ_Frota,Sul,15.2,0,5,2,1268.18,9.0,0,0,0,App FordPass,0,revisao_preco_fixo
C00000,Bronco Sport,2015,198891,PF,Nordeste,,0,14,0,2187.65,9.0,0,0,0,WhatsApp,0,desconto_pecas
C04028,Ranger,2016,116231,PF,Nordeste,41.8,0,8,5,,10.0,0,0,0,Ligacao,0,desconto_pecas
C06052,Maverick,2018,71313,PF,Norte,24.6,0,0,30,819.33,7.0,0,0,0,App FordPass,1,revisao_preco_fixo
C08998,Transit,2018,282470,PJ_Frota,Nordeste,11.9,0,11,3,912.32,6.0,0,0,0,App FordPass,1,desconto_pecas
C02784,EcoSport,2016,159112,PF,sul,7.9,0,13,42,851.43,9.0,0,0,0,Ligacao,1,desconto_pecas
C04750,Ka,2016,102501,PF,Sudeste,9.3,0,6,42,915.48,10.0,0,0,0,App FordPass,1,revisao_preco_fixo
C01193,Transit,2020,172240,PJ_Frota,Sul,6.2,0,10,8,733.88,,0,0,1,Ligacao,1,checkup_gratuito
C03950,Ranger,2023,115241,PJ_Frota,Norte,44.9,1,7,6,1919.55,,1,0,0,WhatsApp,0,plano_frota
C02375,Ka,2016,55684,PF,Sudeste,9.3,0,3,32,725.86,4.0,0,0,1,WhatsApp,1,checkup_gratuito
C04949,Territory,2024,28403,PF,Sudeste,11.2,1,1,9,922.16,10.0,0,0,0,WhatsApp,0,pacote_revisoes
C05702,Ka,2014,125794,PF,Sudeste,,0,8,38,737.19,10.0,0,0,0,WhatsApp,1,plano_frota
C02866,Ranger,2018,143042,PF,Sudeste,7.2,0,8,10,1713.06,,1,0,0,App FordPass,1,desconto_pecas
C00250,Territory,2014,142323,PF,Nordeste,15.9,0,5,60,1541.87,4.0,1,0,0,Ligacao,1,checkup_gratuito
C08642,Ka,2020,25649,PF,Nordeste,4.4,0,3,10,471.43,8.0,0,0,0,E-mail,0,desconto_pecas
C00886,Ranger,2017,136047,PF,Sul,22.2,0,5,26,,,0,0,0,WhatsApp,1,desconto_pecas
C00960,Ranger,2014,216755,PF,Sudeste,8.6,0,21,60,1887.16,,0,0,0,App FordPass,1,checkup_gratuito
C09380,Ranger,2024,26774,PF,Sudeste,6.7,1,2,2,1013.35,8.0,1,0,0,Ligacao,0,pacote_revisoes
C03046,Ranger,2026,11537,PJ_Frota,Nordeste,18.0,1,1,0,760.72,7.0,1,0,1,WhatsApp,0,plano_frota
C02696,Maverick,2023,60229,PF,Nordeste,12.6,1,4,17,1031.79,6.0,0,0,0,WhatsApp,0,pacote_revisoes
C00846,Ranger,2025,15204,PF,Nordeste,11.6,1,1,7,780.54,8.0,1,0,0,E-mail,0,checkup_gratuito
C09841,EcoSport,2020,154662,PF,Norte,34.0,0,9,17,722.39,8.0,1,0,0,App FordPass,0,desconto_pecas
C00620,Bronco Sport,2020,57514,PF,Sul,11.1,0,4,8,1610.33,8.0,0,0,0,Ligacao,0,revisao_preco_fixo
C02400,Territory,2024,22068,PF,Nordeste,20.5,1,2,2,667.3,8.0,0,1,1,WhatsApp,0,pacote_revisoes
C09399,Territory,2014,134730,PF,Sudeste,3.8,0,9,29,1306.72,5.0,0,0,2,Ligacao,1,desconto_pecas
C09582,EcoSport,2015,169436,PF,Sudeste,11.3,0,8,60,678.99,6.0,0,0,0,WhatsApp,1,checkup_gratuito
C08003,Ka,2031,119629,PF,Sudeste,3.1,0,7,19,695.79,7.0,0,0,1,WhatsApp,1,desconto_pecas
C06396,Maverick,2015,101450,PF,Sudeste,6.2,0,9,24,1320.38,,1,0,1,WhatsApp,0,desconto_pecas
C02926,Territory,2016,128484,PF,Nordeste,6.0,0,1,5,1708.83,6.0,0,0,0,App FordPass,1,desconto_pecas
C03092,Maverick,2016,220413,PJ_Frota,Sul,14.9,0,3,3,863.61,8.0,0,0,0,App FordPass,1,plano_frota
C07423,Ranger,2024,37595,PF,Sudeste,9.0,1,2,6,907.67,8.0,0,0,1,WhatsApp,0,pacote_revisoes
C08578,Territory,2025,8712,PF,Norte,5.2,1,1,13,779.93,7.0,0,0,0,WhatsApp,0,pacote_revisoes
C01614,Maverick,2025,13269,PF,Centro-Oeste,22.2,1,1,6,900.07,,0,0,0,App FordPass,0,pacote_revisoes
C03066,Ranger,2021,48551,PF,Nordeste,22.4,0,0,1,779.57,7.0,0,0,0,E-mail,0,desconto_pecas
C00795,EcoSport,2017,166230,PF,Sul,5.1,0,7,20,647.19,7.0,0,0,0,WhatsApp,0,desconto_pecas
C01393,Ka,2014,127865,PF,Sudeste,,0,6,50,469.62,,0,0,1,E-mail,1,checkup_gratuito
C00222,Territory,2018,116175,PF,Nordeste,8.9,0,6,52,1228.85,5.0,0,1,0,WhatsApp,1,checkup_gratuito
C06065,Maverick,2024,30471,PF,Norte,40.0,1,2,2,765.77,6.0,1,0,1,WhatsApp,0,pacote_revisoes
C08115,Transit,2020,110655,PJ_Frota,Sudeste,4.8,0,10,1,921.16,5.0,1,0,0,WhatsApp,0,plano_frota
C08194,Mustang,2016,106199,PF,Sudeste,4.8,0,2,27,2163.35,5.0,0,0,1,WhatsApp,1,revisao_preco_fixo
C06981,Transit,2016,192735,PJ_Frota,Sudeste,2.3,0,6,60,867.54,5.0,0,0,0,Ligacao,1,checkup_gratuito
C09819,Mustang,2015,100806,PF,Norte,79.1,0,0,45,2505.62,,0,0,1,E-mail,1,checkup_gratuito
C09766,EcoSport,2020,107868,PF,Sudeste,9.5,0,2,10,797.5,8.0,1,0,0,E-mail,1,desconto_pecas
C07015,Transit,2020,201541,PJ_Frota,Sudeste,4.8,0,7,44,1227.23,6.0,1,0,0,App FordPass,1,revisao_preco_fixo
C07392,EcoSport,2015,392892,PJ_Frota,Sul,,0,20,9,696.63,9.0,0,0,0,WhatsApp,0,desconto_pecas
C04604,Territory,2024,33927,PF,Centro-Oeste,14.2,1,0,9,1100.01,9.0,0,0,0,WhatsApp,0,pacote_revisoes
C07311,EcoSport,2019,233380,PJ_Frota,Sudeste,6.7,0,10,4,786.93,9.0,1,0,0,WhatsApp,0,plano_frota
C04937,Bronco Sport,2015,307037,PF,Sudeste,3.4,0,11,12,1662.65,9.0,0,0,0,App FordPass,0,desconto_pecas
C01900,Territory,2031,116895,PF,Sudeste,9.5,0,5,22,688.52,,0,1,0,WhatsApp,1,checkup_gratuito
C05532,Ranger,2020,174399,PJ_Frota,Sudeste,5.7,0,11,29,1686.56,9.0,0,0,0,App FordPass,1,plano_frota
C03927,Maverick,2022,32611,PF,Sudeste,,0,4,7,762.38,8.0,1,0,0,WhatsApp,0,checkup_gratuito
C07359,Territory,2021,66279,PF,Centro-Oeste,48.1,0,0,8,,6.0,0,0,2,WhatsApp,1,revisao_preco_fixo
C07013,Bronco Sport,2022,96451,PF,Nordeste,10.1,0,2,13,1184.29,,0,0,0,E-mail,0,checkup_gratuito
C07648,EcoSport,2017,115584,PF,Sudeste,2.6,0,7,6,,8.0,0,0,0,App FordPass,0,checkup_gratuito
C02986,Ka,2021,163026,PJ_Frota,Norte,12.4,0,5,1,588.88,3.0,1,0,0,App FordPass,0,plano_frota
C04679,Maverick,2014,136119,PF,Nordeste,12.4,0,7,12,1407.07,6.0,0,1,1,Ligacao,0,desconto_pecas
C04312,EcoSport,2021,52711,PF,Centro-Oeste,41.1,0,2,17,958.88,8.0,0,0,1,App FordPass,1,revisao_preco_fixo
C02599,Transit,2016,455709,PJ_Frota,Sudeste,7.9,0,32,3,1259.35,9.0,0,0,1,Ligacao,0,desconto_pecas
C09514,Ka,2021,136334,PJ_Frota,Sudeste,15.2,0,7,6,591.32,9.0,0,0,1,App FordPass,0,plano_frota
C02944,EcoSport,2015,196626,PF,Sul,4.8,0,16,15,856.73,9.0,0,0,0,WhatsApp,0,desconto_pecas
C02811,Maverick,2015,244195,PF,Nordeste,43.6,0,9,60,842.98,6.0,0,0,0,Ligacao,1,checkup_gratuito
C07067,Transit,2024,24943,PF,Sudeste,7.8,1,2,0,845.57,7.0,1,0,0,App FordPass,0,pacote_revisoes
C02667,Ka,2017,117869,PF,Nordeste,28.0,0,4,34,587.78,3.0,0,0,1,App FordPass,1,checkup_gratuito
C03100,Transit,2020,109213,PJ_Frota,Sudeste,5.5,0,1,10,1000.67,8.0,1,0,0,E-mail,0,plano_frota
C03679,Ka,2018,70080,PF,Sudeste,5.3,0,8,11,1039.93,9.0,1,0,0,WhatsApp,0,checkup_gratuito
C06047,Ka,2014,162728,PF,Sudeste,18.4,0,6,17,698.46,9.0,0,0,0,Ligacao,1,desconto_pecas
C05087,Ranger,2022,62351,PF,Nordeste,15.4,0,6,7,1305.51,,0,0,0,App FordPass,0,revisao_preco_fixo
C04801,EcoSport,2016,165015,PF,Nordeste,8.2,0,3,18,872.5,5.0,1,1,0,WhatsApp,0,desconto_pecas
C01615,EcoSport,2020,84215,PF,Sudeste,6.3,0,7,5,828.71,7.0,0,0,2,WhatsApp,0,revisao_preco_fixo
C03451,Ranger,2020,84174,PJ_Frota,Nordeste,7.6,0,6,19,1096.42,8.0,1,0,0,App FordPass,0,plano_frota
C06911,Territory,2020,53261,PF,Sudeste,10.7,0,5,51,726.5,8.0,0,0,1,Ligacao,0,revisao_preco_fixo
C09573,Bronco Sport,2022,63794,PF,Sul,16.2,0,3,7,743.01,7.0,1,0,0,WhatsApp,0,revisao_preco_fixo
C07594,Territory,2014,150144,PF,Norte,115.0,0,0,1,1231.63,6.0,0,0,2,WhatsApp,1,revisao_preco_fixo
C00508,Ranger,2024,43831,PF,Sudeste,7.7,1,3,1,758.28,8.0,1,0,0,App FordPass,0,pacote_revisoes
C04268,Maverick,2020,58394,PF,Nordeste,13.5,0,6,51,1160.19,4.0,0,0,1,WhatsApp,1,checkup_gratuito
C05510,Ka,2017,193168,PF,Sudeste,8.1,0,11,12,910.68,9.0,0,0,0,,1,desconto_pecas
C01653,Ka,2021,48251,PF,Sul,6.7,0,3,30,738.54,9.0,1,0,0,App FordPass,1,revisao_preco_fixo
C08393,Bronco Sport,2016,96128,PF,Norte,36.0,0,4,7,14389.250000000002,9.0,0,0,1,App FordPass,1,revisao_preco_fixo
C02097,Ranger,2025,11107,PF,Sudeste,5.0,1,0,47,1140.45,9.0,1,0,0,WhatsApp,1,checkup_gratuito
C07934,Territory,2025,26476,PF,Sudeste,11.2,1,1,7,1006.6,9.0,0,0,0,WhatsApp,0,pacote_revisoes
C05673,Ranger,2017,113960,PF,Sul,4.4,0,8,21,964.93,7.0,0,0,0,App FordPass,0,desconto_pecas
C02318,Ranger,2020,51592,PF,Sul,18.3,0,1,0,702.83,8.0,1,0,1,App FordPass,0,desconto_pecas
C01811,Ranger,2014,228414,PJ_Frota,Sul,16.8,0,10,7,1731.32,6.0,1,0,0,App FordPass,0,desconto_pecas
C01274,Ka,2018,91443,PF,Sudeste,26.0,0,7,18,748.95,6.0,0,0,0,,0,revisao_preco_fixo
C04621,Transit,2023,77296,PJ_Frota,Sul,24.1,1,6,4,983.34,9.0,0,0,0,WhatsApp,0,plano_frota
C02573,Maverick,2017,134005,PF,Sudeste,18.2,0,8,60,679.13,6.0,0,1,1,App FordPass,1,checkup_gratuito
C08786,Territory,2016,259684,PJ_Frota,Nordeste,17.1,0,14,32,1211.07,7.0,1,0,0,App FordPass,1,plano_frota
C08981,Territory,2017,148269,PF,Sul,18.6,0,5,2,1028.49,5.0,0,0,2,WhatsApp,0,desconto_pecas
C04058,Ranger,2016,89533,PF,SUDESTE,7.4,0,5,22,1120.91,,0,0,0,E-mail,1,desconto_pecas
C04323,Ka,2016,99147,PF,SUDESTE,9.4,0,3,60,500.14,6.0,0,0,0,App FordPass,1,checkup_gratuito
C01068,Ka,2017,75879,PF,Sudeste,19.0,0,1,60,400.36,4.0,0,0,1,E-mail,1,checkup_gratuito
C08560,EcoSport,2015,165106,PF,Sudeste,3.4,0,5,8,1667.83,7.0,0,0,1,WhatsApp,0,desconto_pecas
C03220,EcoSport,2017,155692,PF,Sul,10.2,0,2,2,930.97,,0,0,0,,1,desconto_pecas
C04681,Ka,2021,125750,PF,Nordeste,43.8,0,2,16,950.16,8.0,1,0,0,WhatsApp,0,desconto_pecas
C06626,Territory,2024,21063,PF,Sudeste,30.1,1,1,2,980.6,7.0,1,0,0,Ligacao,0,desconto_pecas
C04288,Transit,2017,118746,PF,SUDESTE,6.4,0,9,24,808.94,8.0,0,0,0,Ligacao,1,desconto_pecas
C06871,Territory,2021,63461,PF,Nordeste,20.8,0,1,9,847.96,9.0,0,0,0,App FordPass,0,checkup_gratuito
C08505,EcoSport,2021,45422,PF,Nordeste,23.2,0,1,33,585.11,,0,0,0,E-mail,1,checkup_gratuito
C00132,Territory,2017,100867,PF,Sul,16.3,0,9,8,877.42,10.0,0,0,0,WhatsApp,0,desconto_pecas
C06131,Territory,2014,188569,PF,Centro Oeste,17.9,0,6,1,1540.28,8.0,0,1,0,E-mail,0,desconto_pecas
C00803,Territory,2024,30513,PF,Sudeste,12.5,1,0,8,1074.95,8.0,0,0,0,App FordPass,1,pacote_revisoes
C00421,Ka,2019,67304,PF,Sudeste,7.4,0,2,17,1038.03,6.0,1,0,0,WhatsApp,1,revisao_preco_fixo
C00215,Bronco Sport,2026,5471,PF,Sul,6.7,1,0,2,,7.0,1,0,1,App FordPass,0,pacote_revisoes
C07318,Ranger,2022,42045,PF,Sudeste,,0,1,4,801.61,6.0,0,0,1,App FordPass,0,revisao_preco_fixo
C03678,EcoSport,2014,120618,PF,Sul,28.0,0,6,58,830.72,5.0,0,0,2,WhatsApp,1,checkup_gratuito
C01746,Bronco Sport,2021,65460,PF,Sudeste,8.1,0,3,24,600.49,8.0,0,0,0,WhatsApp,1,checkup_gratuito
C02108,EcoSport,2018,329025,PF,Sudeste,12.5,0,21,32,817.82,7.0,0,0,0,WhatsApp,0,desconto_pecas
C02759,Ranger,2022,54075,PF,Sudeste,14.5,0,1,2,1816.89,6.0,1,0,0,App FordPass,1,revisao_preco_fixo
C02355,Maverick,2026,6854,PF,Sudeste,5.7,1,0,27,983.22,8.0,0,0,1,E-mail,1,checkup_gratuito
C09403,Ranger,2026,2562,PF,Sul,17.3,1,0,1,1323.76,8.0,1,0,0,App FordPass,0,pacote_revisoes
C05448,Ranger,2023,-66574,PF,norte,38.8,1,4,3,1120.72,6.0,0,0,0,WhatsApp,0,pacote_revisoes
C07132,Ka,2021,146079,PF,Norte,23.1,0,5,21,617.58,10.0,1,0,0,WhatsApp,0,desconto_pecas
C01110,Ka,2019,184932,PF,Sudeste,21.5,0,14,60,418.41,9.0,0,1,0,App FordPass,0,checkup_gratuito
C07345,Ranger,2014,172965,PF,Sudeste,7.3,0,16,50,1168.09,8.0,0,0,1,WhatsApp,0,desconto_pecas
C01732,Bronco Sport,2019,28943,PF,Norte,67.3,0,0,26,984.39,8.0,0,0,0,WhatsApp,1,checkup_gratuito
C03864,Transit,2023,45725,PF,Sudeste,10.7,1,3,8,1193.66,9.0,0,0,0,WhatsApp,0,pacote_revisoes
C01448,Territory,2017,91008,PF,Nordeste,12.4,0,4,2,1207.72,10.0,0,1,0,E-mail,0,desconto_pecas
C09317,EcoSport,2021,96744,PF,Sudeste,2.8,0,7,2,631.26,9.0,0,0,0,WhatsApp,0,checkup_gratuito
C09674,Ranger,2022,34238,PF,Nordeste,23.0,0,2,3,1009.37,10.0,0,0,0,Ligacao,0,pacote_revisoes
C01450,Maverick,2019,66644,PF,Centro-Oeste,33.7,0,3,39,,,0,0,1,E-mail,1,checkup_gratuito
C00815,Mustang,2024,46707,PF,Sudeste,5.4,1,3,4,781.81,9.0,0,0,0,App FordPass,0,pacote_revisoes
C07684,Ka,2021,67109,PF,Nordeste,6.0,0,0,1,747.72,7.0,1,0,0,E-mail,0,revisao_preco_fixo
C00549,Ranger,2017,299731,PF,Sul,12.6,0,15,18,1464.28,10.0,1,0,1,App FordPass,0,desconto_pecas
C02203,Ka,2016,190168,PF,Norte,27.7,0,13,19,803.53,,0,0,0,WhatsApp,0,desconto_pecas
C01426,Ka,2016,112923,PF,Centro-Oeste,12.8,0,7,6,897.42,7.0,1,0,1,App FordPass,0,desconto_pecas
C09866,Ka,2018,106040,PF,Centro-Oeste,20.8,0,7,3,599.33,7.0,0,0,2,WhatsApp,1,pacote_revisoes
C07298,Mustang,2021,89706,PF,SUDESTE,1.6,0,8,39,1598.08,10.0,1,0,0,App FordPass,1,revisao_preco_fixo
C06224,Ranger,2015,209118,PF,Sudeste,3.2,0,11,60,2011.67,6.0,0,0,1,WhatsApp,1,desconto_pecas
C08857,Transit,2023,129772,PJ_Frota,Norte,44.1,1,9,0,513.62,10.0,0,0,0,WhatsApp,0,plano_frota
C08392,Ranger,2016,156027,PF,Sudeste,9.5,0,11,34,1490.67,4.0,1,0,0,App FordPass,0,revisao_preco_fixo
C09211,Ranger,2016,181880,PF,Sudeste,13.3,0,6,4,1583.15,8.0,0,0,0,WhatsApp,1,revisao_preco_fixo
C00523,Territory,2020,62456,PF,sul,6.9,0,2,17,1254.11,6.0,0,1,1,WhatsApp,0,pacote_revisoes
C07339,Mustang,2022,88212,PJ_Frota,Sudeste,6.6,0,6,7,,9.0,1,0,0,E-mail,0,plano_frota
C09637,Maverick,2014,98938,PF,Centro-Oeste,29.1,0,10,22,1458.33,7.0,0,0,0,Ligacao,1,desconto_pecas
C05615,EcoSport,2016,80270,PF,Nordeste,18.4,0,3,27,602.01,,0,0,0,App FordPass,1,checkup_gratuito
C06029,Ka,2018,197928,PJ_Frota,Sul,6.8,0,15,0,,8.0,0,0,0,WhatsApp,0,plano_frota
C02188,EcoSport,2016,141594,PF,Sudeste,19.3,0,2,29,905.1,7.0,0,0,0,,1,revisao_preco_fixo
C06723,Ka,2014,250985,PF,Sudeste,2.0,0,18,49,412.09,5.0,0,0,0,Ligacao,1,desconto_pecas
C09527,Ka,2021,40302,PF,Nordeste ,9.1,0,1,9,827.42,7.0,1,0,0,WhatsApp,0,revisao_preco_fixo
C01795,EcoSport,2015,218658,PF,Nordeste,25.3,0,5,4,737.01,,0,0,0,App FordPass,1,desconto_pecas
C08552,Maverick,2022,57600,PF,Sudeste,6.1,0,4,6,870.09,6.0,0,0,0,WhatsApp,1,revisao_preco_fixo
C07577,Ka,2014,240108,PF,Sudeste,3.3,0,17,0,576.68,6.0,0,0,0,WhatsApp,0,desconto_pecas
C06635,EcoSport,2018,127274,PF,Sudeste,5.7,0,5,1,776.97,8.0,0,0,0,WhatsApp,1,desconto_pecas
C03846,Bronco Sport,2026,4528,PF,Nordeste,5.6,1,0,5,441.75,7.0,1,0,0,E-mail,0,pacote_revisoes
C00322,EcoSport,2016,166784,PF,Sudeste,6.7,0,12,12,1086.19,,0,0,0,App FordPass,0,desconto_pecas
C09802,Territory,2014,111104,PF,Nordeste,6.9,0,6,60,994.43,,0,0,0,WhatsApp,1,revisao_preco_fixo
C06828,Territory,2020,52846,PF,Nordeste,7.4,0,3,3,958.24,,1,0,1,App FordPass,0,revisao_preco_fixo
C06823,Ka,2015,123861,PF,Norte,42.5,0,2,31,665.8,6.0,0,0,0,,1,desconto_pecas
C09381,Ranger,2023,34469,PF,Centro-Oeste,66.3,1,0,6,1281.38,7.0,0,0,0,App FordPass,0,pacote_revisoes
C06623,Ranger,2024,28286,PF,Nordeste,43.8,1,2,4,764.34,4.0,0,0,0,WhatsApp,0,pacote_revisoes
C01303,EcoSport,2019,72561,PF,Centro-Oeste,37.0,0,2,6,766.76,6.0,0,0,0,E-mail,1,revisao_preco_fixo
C06108,Ranger,2022,54377,PF,Centro-Oeste,23.2,0,4,5,1255.37,8.0,1,0,0,Ligacao,0,revisao_preco_fixo
C09611,Territory,2026,5089,PF,Centro-Oeste,19.6,1,0,2,846.6,10.0,1,0,0,WhatsApp,0,pacote_revisoes
C02894,Transit,2021,138356,PJ_Frota,Nordeste,,0,10,14,602.8,8.0,0,1,0,E-mail,0,plano_frota
C09414,Maverick,2023,18063,PF,Sudeste,4.4,1,3,0,1046.74,7.0,1,0,0,WhatsApp,0,revisao_preco_fixo
C04197,Mustang,2015,225206,PF,Sudeste,,0,19,60,1501.36,7.0,0,0,0,Ligacao,1,checkup_gratuito
C07200,Ranger,2025,14612,PF,Centro-Oeste,46.2,1,1,17,983.98,9.0,1,0,0,App FordPass,0,checkup_gratuito
C08407,Bronco Sport,2024,28054,PF,Sul,6.0,1,2,17,863.2,8.0,1,0,0,Ligacao,0,pacote_revisoes
C01489,Ranger,2016,219045,PF,Nordeste ,41.6,0,15,20,1060.59,7.0,0,0,0,E-mail,0,desconto_pecas
C02219,EcoSport,2015,79824,PF,Nordeste,17.2,0,5,2,995.35,2.0,0,0,0,E-mail,1,revisao_preco_fixo
C04478,Maverick,2015,69946,PF,Sudeste,7.0,0,6,55,1007.58,7.0,0,0,0,E-mail,1,checkup_gratuito
C03209,Ka,2014,179092,PF,Norte,19.7,0,5,4,913.98,6.0,0,0,1,WhatsApp,0,desconto_pecas
C02660,Maverick,2023,34409,PF,Norte,67.7,1,2,0,865.39,7.0,1,1,0,Ligacao,0,pacote_revisoes
C06583,Ka,2014,277335,PJ_Frota,Centro-Oeste,32.7,0,7,39,411.38,5.0,0,1,1,App FordPass,1,checkup_gratuito
C08227,Ka,2017,111417,PF,Sudeste,3.2,0,7,3,947.46,9.0,0,0,0,App FordPass,0,desconto_pecas
C02484,Maverick,2024,30356,PF,Sul,4.9,1,3,0,749.65,5.0,1,0,1,Ligacao,0,pacote_revisoes
C08424,EcoSport,2020,70218,PF,Nordeste,6.1,0,3,11,984.24,5.0,0,0,0,WhatsApp,0,revisao_preco_fixo
C07979,Ranger,2020,34329,PF,Sudeste,18.4,0,0,13,967.98,6.0,0,0,0,WhatsApp,1,revisao_preco_fixo
C08260,Ranger,2018,168509,PJ_Frota,Nordeste,66.9,0,6,9,1042.96,6.0,0,0,0,WhatsApp,1,desconto_pecas
C05447,EcoSport,2021,75064,PF,Sul,18.5,0,5,11,653.18,6.0,0,0,0,App FordPass,0,revisao_preco_fixo
C00881,Territory,2021,42857,PF,Centro-Oeste,58.4,0,2,2,519.08,7.0,1,0,1,App FordPass,1,revisao_preco_fixo
C09717,Ka,2017,91991,PF,Norte,90.6,0,0,16,613.06,3.0,0,0,1,App FordPass,1,desconto_pecas
C01107,Ranger,2019,45355,PF,Sul,5.9,0,5,32,990.56,,0,0,0,WhatsApp,0,revisao_preco_fixo
C01407,Ka,2018,122965,PF,SUDESTE,6.4,0,7,29,873.94,10.0,0,0,0,WhatsApp,0,revisao_preco_fixo
C05379,Maverick,2022,65473,PF,Centro-Oeste,35.3,0,4,3,804.65,5.0,1,0,0,Ligacao,0,revisao_preco_fixo
C05521,EcoSport,2014,143521,PF,Nordeste,19.0,0,10,34,671.78,,0,0,0,E-mail,0,desconto_pecas
C05305,Territory,2019,129960,PF,Nordeste,,0,3,35,654.62,6.0,0,0,0,Ligacao,1,checkup_gratuito
C04274,EcoSport,2019,125210,PF,Sudeste,,0,6,0,805.83,6.0,0,0,0,App FordPass,1,revisao_preco_fixo
C01063,Territory,2026,3980,PF,Sudeste,6.0,1,0,31,715.57,8.0,0,0,0,WhatsApp,0,pacote_revisoes
C04134,Ranger,2026,5325,PF,Nordeste,15.2,1,0,12,787.66,,1,0,1,Ligacao,1,pacote_revisoes
C07011,Transit,2018,196943,PJ_Frota,Sudeste,11.1,0,14,24,1682.75,8.0,0,0,1,WhatsApp,1,plano_frota
C00122,Ka,2016,224224,PF,Sudeste,10.9,0,7,25,,8.0,0,0,1,WhatsApp,1,desconto_pecas
C03979,Territory,2017,196147,PF,Norte,37.4,0,3,20,1598.84,9.0,0,0,0,Ligacao,1,desconto_pecas
C02206,Bronco Sport,2016,78516,PF,Sudeste,4.0,0,5,5,1416.02,6.0,0,0,0,WhatsApp,0,desconto_pecas
C07222,Ranger,2025,9356,PF,Sudeste,13.8,1,0,9,749.77,6.0,0,0,0,E-mail,0,pacote_revisoes
C06285,Territory,2020,58318,PF,Nordeste,6.1,0,6,8,872.36,7.0,0,0,0,WhatsApp,0,revisao_preco_fixo
C04337,Ka,2021,61203,PF,Centro-Oeste,21.1,0,4,0,1128.42,7.0,0,0,1,App FordPass,0,revisao_preco_fixo
C05856,Territory,2025,10055,PF,Nordeste,,1,1,1,1084.19,8.0,1,0,0,WhatsApp,0,pacote_revisoes
C05189,Territory,2026,4055,PF,Sudeste,4.0,1,0,5,751.68,4.0,0,1,0,WhatsApp,0,pacote_revisoes
C04145,EcoSport,2016,219642,PF,Centro-Oeste,27.0,0,11,0,618.21,6.0,0,0,0,App FordPass,0,desconto_pecas
C05078,EcoSport,2016,95371,PF,Nordeste,24.1,0,5,3,1225.81,9.0,0,1,0,E-mail,0,desconto_pecas
C06390,Ka,2014,122138,PF,Centro-Oeste,29.9,0,6,10,1006.88,7.0,0,1,0,Ligacao,0,revisao_preco_fixo
C04174,Maverick,2023,49903,PF,Sudeste,4.7,1,4,0,717.66,9.0,1,0,0,App FordPass,0,pacote_revisoes
C04277,Maverick,2023,28015,PF,Sudeste,7.1,1,2,0,1098.16,6.0,1,0,0,Ligacao,0,pacote_revisoes
C01308,Ka,2014,174657,PF,Sudeste,2.9,0,15,15,629.5,7.0,0,0,0,WhatsApp,1,desconto_pecas
C02201,Transit,2026,3113,PF,Nordeste,23.5,1,0,2,,7.0,1,0,0,WhatsApp,0,checkup_gratuito
C09112,Ranger,2017,55890,PF,Nordeste,18.6,0,6,22,1580.17,8.0,0,0,1,E-mail,1,revisao_preco_fixo
C00931,Ranger,2021,59200,PF,Nordeste,,0,5,19,1053.96,6.0,0,0,0,App FordPass,0,checkup_gratuito
C00464,Territory,2017,138960,PF,Sudeste,16.2,0,6,5,980.04,5.0,0,0,1,WhatsApp,0,desconto_pecas
C09675,Ka,2018,110095,PF,Sudeste,13.1,0,6,5,751.94,8.0,1,0,0,E-mail,0,desconto_pecas
C00459,Territory,2019,85128,PF,Nordeste,24.4,0,3,1,784.94,7.0,0,0,0,Ligacao,0,revisao_preco_fixo
C01497,Territory,2026,4884,PF,Norte,40.6,1,0,1,893.25,8.0,1,0,0,App FordPass,1,pacote_revisoes
C03081,Ka,2020,68011,PF,Sudeste,7.7,0,2,18,617.54,8.0,0,0,0,Ligacao,1,revisao_preco_fixo
C03085,EcoSport,2021,65914,PF,Nordeste,7.9,0,0,13,546.83,6.0,0,0,0,WhatsApp,1,revisao_preco_fixo
C06125,EcoSport,2016,124568,PF,Nordeste,10.4,0,9,8,451.07,7.0,0,0,0,App FordPass,0,desconto_pecas
C06036,Mustang,2016,90463,PF,Sudeste,12.8,0,6,3,1667.84,8.0,0,0,0,WhatsApp,0,revisao_preco_fixo
C02718,Ka,2016,135369,PF,Sudeste,9.6,0,4,60,617.65,,1,0,0,WhatsApp,1,desconto_pecas
C02607,EcoSport,2018,116841,PF,Norte,13.9,0,1,29,799.96,8.0,0,0,0,App FordPass,0,desconto_pecas
C03764,Ka,2017,130103,PF,Nordeste,42.0,0,7,18,671.88,,1,1,0,E-mail,0,checkup_gratuito
C03580,Bronco Sport,2015,201384,PJ_Frota,Sudeste,19.1,0,12,23,1347.54,6.0,0,0,1,WhatsApp,0,plano_frota
C03412,Ranger,2018,104614,PF,Nordeste,3.9,0,7,2,1240.0,9.0,0,0,0,WhatsApp,0,desconto_pecas
C04011,Ka,2021,30949,PF,Sul,14.9,0,3,7,456.14,6.0,0,0,1,WhatsApp,1,revisao_preco_fixo
C03596,Maverick,2015,116425,PF,Sudeste,10.1,0,6,10,1593.87,5.0,1,0,0,E-mail,1,revisao_preco_fixo
C03826,EcoSport,2019,57264,PF,Sudeste,3.0,0,4,4,578.1,7.0,0,0,0,App FordPass,0,checkup_gratuito
C08043,Ranger,2025,9220,PF,Sudeste,7.9,1,1,4,494.94,9.0,0,1,0,E-mail,0,pacote_revisoes
C01150,Ka,2014,281842,PF,Sudeste,4.6,0,16,41,578.04,7.0,0,0,0,WhatsApp,1,desconto_pecas
C01062,EcoSport,2017,149263,PF,Sudeste,5.5,0,6,36,967.72,5.0,0,0,0,App FordPass,1,checkup_gratuito
C09902,Bronco Sport,2020,94518,PF,Norte,31.5,0,7,6,1768.05,10.0,0,0,0,Ligacao,0,revisao_preco_fixo
C02042,Territory,2016,172556,PF,Norte,49.7,0,3,3,1303.61,,0,0,0,WhatsApp,0,desconto_pecas
C02976,Territory,2018,128384,PF,Nordeste,22.9,0,1,22,1076.01,5.0,0,0,0,WhatsApp,1,revisao_preco_fixo
C04319,Ranger,2016,134543,PF,Sul,6.7,0,5,4,1814.55,9.0,0,0,0,E-mail,0,desconto_pecas
C02199,Territory,2022,72775,PF,Nordeste,3.3,0,4,3,1096.8,8.0,0,0,0,WhatsApp,0,revisao_preco_fixo
C04258,Transit,2023,162703,PJ_Frota,Sudeste,12.0,1,12,8,877.92,7.0,0,0,1,App FordPass,1,pacote_revisoes
C01162,Maverick,2022,83478,PF,Sudeste,23.5,0,2,0,949.5,7.0,1,0,0,WhatsApp,0,revisao_preco_fixo
C03620,Territory,2021,89369,PF,Nordeste,19.3,0,2,8,739.02,5.0,0,0,1,WhatsApp,1,revisao_preco_fixo
C07762,EcoSport,2014,175084,PF,Norte,22.5,0,6,21,940.7,8.0,0,0,1,WhatsApp,0,desconto_pecas
C07407,Territory,2025,26397,PJ_Frota,Sudeste,4.8,1,2,1,644.08,7.0,0,0,0,E-mail,0,plano_frota
C08297,EcoSport,2016,108755,PF,Sudeste,6.9,0,2,27,623.07,9.0,0,0,0,E-mail,1,desconto_pecas
C02217,Transit,2016,415496,PJ_Frota,Sudeste,3.3,0,22,11,1502.24,7.0,0,0,0,App FordPass,0,desconto_pecas
C04601,Transit,2014,470756,PJ_Frota,Centro-Oeste,18.6,0,17,36,1061.62,6.0,0,0,1,WhatsApp,1,desconto_pecas
C07592,Maverick,2017,131492,PF,Sudeste,4.8,0,11,9,1404.71,10.0,0,0,0,Ligacao,1,revisao_preco_fixo
C09531,Territory,2022,42388,PF,Centro-Oeste,11.4,0,2,35,1030.51,4.0,1,0,0,App FordPass,1,checkup_gratuito
C06103,Maverick,2020,62506,PF,Sudeste,10.4,0,3,19,717.09,7.0,0,0,0,WhatsApp,1,revisao_preco_fixo
C04375,Ka,2018,157014,PF,Sudeste,11.6,0,7,17,669.48,8.0,0,0,0,WhatsApp,0,desconto_pecas
C05518,Ka,2018,103355,PF,Sudeste,5.5,0,4,27,746.15,6.0,0,0,0,E-mail,0,checkup_gratuito
C06761,Territory,2014,153801,PF,Nordeste,5.8,0,4,60,721.22,9.0,1,0,1,,1,checkup_gratuito
C02183,Ka,2018,135221,PF,Nordeste,12.3,0,5,54,885.6,,0,0,0,Ligacao,1,checkup_gratuito
C05268,Mustang,2023,40543,PF,Sudeste,5.8,1,4,1,1764.93,10.0,1,0,0,WhatsApp,0,desconto_pecas
C00209,Ranger,2025,15936,PF,Sudeste,9.2,1,0,2,1394.81,8.0,0,0,2,WhatsApp,0,pacote_revisoes
C09137,Territory,2017,89685,PF,Centro-Oeste,29.2,0,1,33,984.85,8.0,1,0,0,App FordPass,0,checkup_gratuito
C09233,Mustang,2015,227301,PJ_Frota,Centro-Oeste,11.4,0,8,23,1405.24,8.0,0,0,0,Ligacao,1,revisao_preco_fixo
C00218,Transit,2015,169373,PF,Sudeste,6.2,0,10,28,1507.41,7.0,0,0,1,E-mail,1,revisao_preco_fixo
C09484,Bronco Sport,2014,145746,PF,Sudeste,3.6,0,7,51,1040.3,6.0,0,0,2,App FordPass,1,checkup_gratuito
C00776,Territory,2022,46488,PF,Centro-Oeste,20.0,0,1,12,901.4,6.0,1,0,0,E-mail,1,revisao_preco_fixo
C05014,Ka,2016,348536,PF,Sudeste,18.4,0,16,60,609.79,9.0,0,0,0,App FordPass,1,desconto_pecas
C08737,EcoSport,2020,51437,PF,Nordeste,8.3,0,6,7,625.47,8.0,0,0,0,App FordPass,0,revisao_preco_fixo
C01427,Ka,2015,106449,PF,Sudeste,11.1,0,7,39,608.68,6.0,0,0,1,WhatsApp,1,checkup_gratuito
C01169,Ka,2018,76498,PF,Nordeste,15.1,0,3,43,684.59,9.0,0,0,0,E-mail,1,checkup_gratuito
C07503,Ranger,2015,277528,PF,Sul,11.5,0,13,60,1751.9,9.0,0,0,0,Ligacao,1,desconto_pecas
C00982,Bronco Sport,2020,80195,PF,Sudeste,3.9,0,1,7,1123.35,3.0,0,0,0,App FordPass,1,revisao_preco_fixo
C01439,Transit,2024,39617,PJ_Frota,Centro Oeste,23.6,1,2,4,757.3,10.0,1,0,0,WhatsApp,0,plano_frota
C04162,Maverick,2022,56546,PF,Centro-Oeste,36.0,0,2,35,1358.42,7.0,0,0,0,E-mail,1,revisao_preco_fixo
C03583,Bronco Sport,2018,48153,PF,Nordeste,8.6,0,5,50,873.99,7.0,0,0,0,App FordPass,1,checkup_gratuito
C09356,Transit,2017,101554,PF,Sudeste,4.4,0,5,52,1387.66,9.0,1,0,0,E-mail,1,revisao_preco_fixo
C04424,Territory,2015,114884,PF,Sudeste,8.7,0,8,17,1214.66,4.0,0,0,1,App FordPass,1,checkup_gratuito
C00968,Ranger,2022,29464,PF,Nordeste,11.3,0,1,2,1397.91,,0,0,1,WhatsApp,0,revisao_preco_fixo
C01328,EcoSport,2021,101522,PF,Centro-Oeste,40.8,0,1,2,697.0,6.0,0,0,0,WhatsApp,1,revisao_preco_fixo
C06213,Territory,2014,83216,PF,Sudeste,5.3,0,9,59,1231.04,7.0,0,0,0,WhatsApp,1,revisao_preco_fixo
C00099,Transit,2025,21982,PJ_Frota,Sudeste,3.4,1,2,5,607.4,7.0,0,0,0,WhatsApp,0,plano_frota
C06280,Bronco Sport,2023,36101,PF,norte,34.2,1,3,8,,6.0,1,0,0,WhatsApp,0,revisao_preco_fixo
C07924,Maverick,2015,188579,PF,Norte,61.3,0,4,24,1523.17,5.0,0,0,0,E-mail,1,checkup_gratuito
C06702,Transit,2025,16192,PF,Sudeste,3.9,1,1,3,1358.24,8.0,0,0,0,E-mail,0,pacote_revisoes
C05872,Ka,2015,117536,PF,Sudeste,5.9,0,3,36,685.66,8.0,0,0,0,WhatsApp,1,desconto_pecas
C04922,EcoSport,2020,92678,PF,Sudeste,4.1,0,6,7,954.38,5.0,1,0,2,App FordPass,0,revisao_preco_fixo
C01640,Bronco Sport,2025,16466,PF,Nordeste,35.4,1,0,9,474.6,8.0,1,1,0,App FordPass,1,pacote_revisoes
C06873,EcoSport,2017,94153,PF,Norte,34.2,0,2,27,419.03,7.0,1,0,2,Ligacao,0,revisao_preco_fixo
C04372,Ranger,2021,52306,PF,Norte,43.4,0,4,41,2036.41,10.0,0,0,1,WhatsApp,0,revisao_preco_fixo
C01069,Ranger,2024,21793,PF,Sudeste,4.8,1,1,0,1193.88,6.0,1,0,0,App FordPass,0,pacote_revisoes
C01042,Territory,2023,56113,PF,Nordeste,7.1,1,4,4,1230.83,7.0,1,0,1,,0,pacote_revisoes
C09058,Ka,2020,141959,PJ_Frota,Sudeste,18.8,0,9,12,564.04,6.0,0,0,1,App FordPass,0,plano_frota
C04972,EcoSport,2014,83955,PF,Sudeste,,0,5,4,689.98,10.0,0,0,0,E-mail,0,revisao_preco_fixo
C04187,Ka,2015,212758,PF,Sudeste,4.1,0,14,60,594.31,7.0,0,0,0,E-mail,1,revisao_preco_fixo
C00587,EcoSport,2021,41901,PF,Norte,21.1,0,0,5,702.95,8.0,0,0,0,Ligacao,1,revisao_preco_fixo
C03610,Territory,2023,34512,PF,Norte,11.9,1,2,11,1355.41,5.0,0,0,1,E-mail,0,pacote_revisoes
C05412,EcoSport,2031,81345,PF,Nordeste,14.4,0,5,1,816.35,9.0,1,0,1,WhatsApp,0,revisao_preco_fixo
C01378,Territory,2018,105425,PF,Sul,6.3,0,9,19,889.46,,0,0,2,WhatsApp,0,desconto_pecas
C05534,Maverick,2014,181755,PF,Nordeste,9.8,0,11,60,860.6,7.0,0,0,0,E-mail,1,checkup_gratuito
C08304,Bronco Sport,2018,68257,PF,Nordeste,5.9,0,7,60,992.4,6.0,0,0,1,App FordPass,1,checkup_gratuito
C00981,Maverick,2020,68444,PF,Sudeste,4.6,0,2,29,698.95,8.0,0,0,0,E-mail,0,checkup_gratuito
C08399,Maverick,2015,173436,PF,Sul,4.6,0,12,16,1003.75,8.0,0,0,0,WhatsApp,0,desconto_pecas
C00787,EcoSport,2015,139372,PF,Sudeste,4.8,0,8,1,1604.82,7.0,0,0,0,WhatsApp,0,desconto_pecas
C00922,Territory,2023,30311,PF,Nordeste,9.4,1,2,6,1186.79,8.0,1,0,0,E-mail,0,pacote_revisoes
C05918,Maverick,2018,80693,PF,Sudeste,6.4,0,4,10,1088.9,,0,0,0,WhatsApp,0,desconto_pecas
C09512,EcoSport,2020,74354,PF,Sudeste,19.8,0,3,4,807.46,8.0,1,0,1,E-mail,0,revisao_preco_fixo
C03485,Bronco Sport,2017,98152,PF,Centro-Oeste,18.9,0,3,17,1238.7,6.0,0,0,1,,1,desconto_pecas
C04762,Transit,2022,122003,PJ_Frota,Sul,2.8,0,2,2,1013.07,6.0,1,0,1,App FordPass,0,desconto_pecas
C08126,Ranger,2014,134623,PF,Sudeste,7.7,0,11,60,,6.0,0,0,0,Ligacao,1,desconto_pecas
C09052,Mustang,2014,333205,PJ_Frota,Nordeste,52.0,0,14,41,,10.0,0,1,0,WhatsApp,1,desconto_pecas
C07302,Maverick,2024,26363,PF,Sul,15.4,1,1,7,527.05,8.0,1,0,0,App FordPass,0,pacote_revisoes
C08212,Territory,2014,149669,PF,Sudeste,6.0,0,2,60,1219.74,4.0,0,0,0,Ligacao,1,checkup_gratuito
C02187,Territory,2023,40888,PF,Sudeste,7.3,1,3,2,1049.26,4.0,1,0,0,WhatsApp,0,pacote_revisoes
C00346,Transit,2017,295349,PJ_Frota,Sul,10.1,0,11,15,1293.81,10.0,1,0,0,App FordPass,0,plano_frota
C04509,EcoSport,2020,93853,PF,Norte,22.7,0,3,7,767.38,8.0,0,0,0,E-mail,0,checkup_gratuito
C05175,Ka,2017,105579,PF,Centro-Oeste,55.4,0,0,60,575.9,8.0,0,0,1,WhatsApp,1,revisao_preco_fixo
C02593,Ka,2015,215541,PF,Sudeste,5.4,0,7,45,,8.0,0,0,0,E-mail,1,checkup_gratuito
C03469,Transit,2014,157161,PJ_Frota,Sudeste,6.2,0,4,13,1352.33,,0,0,0,App FordPass,1,desconto_pecas
C04410,Ranger,2020,84150,PF,Sudeste,19.1,0,4,54,1028.96,7.0,0,0,0,Ligacao,1,revisao_preco_fixo
C01298,Bronco Sport,2025,9018,PF,Nordeste,6.1,1,0,2,1441.98,6.0,0,0,0,Ligacao,0,checkup_gratuito
C00360,Transit,2025,32085,PJ_Frota,Centro-Oeste,45.2,1,3,1,982.17,7.0,1,0,1,App FordPass,1,plano_frota
C09272,Transit,2024,67447,PJ_Frota,Nordeste,7.7,1,3,1,569.01,8.0,1,1,0,App FordPass,0,pacote_revisoes
C03309,Ka,2015,111092,PF,Sudeste,3.5,0,4,24,618.29,8.0,0,0,1,E-mail,1,desconto_pecas
C02670,Territory,2019,81645,PF,Sudeste,7.8,0,6,22,1223.29,9.0,0,0,0,Ligacao,0,revisao_preco_fixo
C07308,Ka,2019,141253,PF,Centro-Oeste,16.5,0,10,19,523.68,10.0,0,0,0,Ligacao,0,desconto_pecas
C04293,Territory,2025,14350,PF,Centro-Oeste,8.7,1,1,10,1551.5,8.0,1,0,1,WhatsApp,0,desconto_pecas
C08484,Bronco Sport,2018,85025,PF,Nordeste,13.3,0,5,34,1249.86,,0,0,1,E-mail,0,desconto_pecas
C08987,Transit,2015,378917,PJ_Frota,Sudeste,9.4,0,30,17,1054.62,10.0,0,0,0,E-mail,0,desconto_pecas
C01643,EcoSport,2020,57598,PF,Nordeste,22.1,0,4,20,562.17,,1,0,0,WhatsApp,0,checkup_gratuito
C05005,Ranger,2025,12824,PF,Sudeste,3.0,1,1,0,1348.02,7.0,1,0,0,Ligacao,1,revisao_preco_fixo
C04017,Ranger,2015,402319,PJ_Frota,Sudeste,18.1,0,15,2,677.22,7.0,1,1,0,E-mail,0,desconto_pecas
C02725,Bronco Sport,2015,151523,PF,Sudeste,5.5,0,10,15,839.95,9.0,0,0,1,WhatsApp,1,desconto_pecas
C02958,EcoSport,2019,76286,PF,Norte,11.6,0,2,10,790.78,5.0,0,0,0,WhatsApp,1,revisao_preco_fixo
C03453,Ka,2021,101235,PF,Sul,12.5,0,2,60,736.0,9.0,1,0,0,App FordPass,1,revisao_preco_fixo
C08103,Bronco Sport,2024,28483,PF,Sudeste,6.6,1,1,8,956.43,5.0,0,0,0,App FordPass,0,pacote_revisoes
C08528,Bronco Sport,2023,70272,PF,Nordeste,54.1,1,6,10,887.24,7.0,1,0,1,WhatsApp,1,pacote_revisoes
C02287,Bronco Sport,2015,299072,PJ_Frota,Nordeste,20.7,0,10,32,1381.91,7.0,0,0,0,E-mail,1,desconto_pecas
C08369,Ka,2018,70424,PF,Sudeste,6.3,0,5,6,929.45,5.0,0,0,0,E-mail,0,checkup_gratuito
C07787,Maverick,2026,4403,PF,Sudeste,7.9,1,0,6,968.45,8.0,0,0,0,WhatsApp,0,pacote_revisoes
C06094,Transit,2024,26980,PF,Norte,31.4,1,2,4,677.69,8.0,1,0,0,WhatsApp,0,pacote_revisoes
C07458,Ka,2020,53649,PF,Nordeste,13.9,0,2,22,518.56,6.0,0,0,0,App FordPass,1,revisao_preco_fixo
C02724,Ka,2019,83438,PF,Sudeste,5.7,0,3,2,516.69,5.0,0,0,1,App FordPass,0,revisao_preco_fixo
C02714,Maverick,2017,93030,PF,Sudeste,5.2,0,6,60,1226.9,4.0,0,0,1,Ligacao,1,revisao_preco_fixo
C08531,Ka,2014,134125,PF,norte,61.4,0,9,8,499.97,7.0,1,0,0,WhatsApp,0,desconto_pecas
C07173,Territory,2025,16179,PF,SUDESTE,14.8,1,1,5,998.31,8.0,0,0,0,WhatsApp,0,pacote_revisoes
C04915,Maverick,2023,39849,PF,Sudeste,18.8,1,1,4,857.36,4.0,1,0,0,WhatsApp,0,pacote_revisoes
C00468,Ka,2016,96581,PF,Sul,7.5,0,8,60,742.02,5.0,0,1,0,WhatsApp,1,checkup_gratuito
C00151,Mustang,2025,24297,PF,Centro-Oeste,20.7,1,1,1,881.96,6.0,0,0,0,WhatsApp,0,revisao_preco_fixo
C09085,Ka,2015,149714,PF,Sudeste,9.9,0,10,12,730.41,,0,0,0,WhatsApp,1,desconto_pecas
C07360,Ranger,2020,139727,PF,Norte,52.0,0,3,52,,7.0,0,0,1,WhatsApp,1,checkup_gratuito
C04150,EcoSport,2020,51184,PF,Sudeste,8.8,0,3,20,899.35,10.0,0,0,0,E-mail,0,revisao_preco_fixo
C07660,Ranger,2014,217847,PF,Sudeste,10.1,0,16,18,1273.34,8.0,0,0,0,WhatsApp,0,desconto_pecas
C06159,Transit,2016,177216,PJ_Frota,Norte,25.3,0,7,18,1149.83,8.0,0,0,0,App FordPass,0,plano_frota
C01533,Bronco Sport,2025,14411,PF,Nordeste,26.2,1,1,1,604.63,5.0,0,0,0,WhatsApp,0,pacote_revisoes
C05922,Bronco Sport,2025,7578,PF,Sudeste,3.4,1,1,11,724.34,5.0,0,0,1,App FordPass,1,pacote_revisoes
C08352,Maverick,2020,87717,PF,Sul,5.2,0,4,6,1438.42,9.0,0,0,0,WhatsApp,0,revisao_preco_fixo
C00896,EcoSport,2020,103226,PF,Sudeste,3.2,0,9,5,860.96,8.0,0,0,2,WhatsApp,0,revisao_preco_fixo
C01047,Bronco Sport,2026,4148,PF,Sul,7.4,1,0,17,1108.52,6.0,0,0,0,WhatsApp,1,pacote_revisoes
C02836,Territory,2026,3483,PF,Norte,41.6,1,0,11,545.6,6.0,1,0,0,App FordPass,0,pacote_revisoes
C05984,Territory,2015,281728,PF,Sudeste,2.6,0,10,60,1172.03,7.0,0,1,0,Ligacao,1,checkup_gratuito
C05230,Maverick,2019,89072,PF,Nordeste,20.4,0,5,37,758.82,5.0,0,0,1,WhatsApp,0,checkup_gratuito
C06385,Maverick,2016,176076,PF,Sudeste,6.9,0,4,35,527.66,,0,1,0,Ligacao,0,revisao_preco_fixo
C09986,Maverick,2019,63279,PF,Nordeste,18.4,0,3,30,694.31,7.0,0,0,0,App FordPass,1,revisao_preco_fixo
C06529,Ka,2015,215698,PF,Sudeste,,0,10,29,1019.1,7.0,1,0,0,E-mail,1,desconto_pecas
C05392,Transit,2026,3927,PJ_Frota,Centro-Oeste,11.2,1,0,1,,8.0,1,0,0,App FordPass,0,plano_frota
C05709,Territory,2017,118069,PF,Sudeste,7.1,0,1,36,1378.15,7.0,0,0,0,WhatsApp,1,checkup_gratuito
C02999,Ka,2019,40490,PF,Sul,25.7,0,2,1,849.62,4.0,1,0,1,App FordPass,0,revisao_preco_fixo
C06867,Ka,2020,60410,PF,Sul,11.7,0,0,6,779.22,7.0,0,0,0,App FordPass,0,revisao_preco_fixo
C09073,Territory,2022,127033,PJ_Frota,Norte,43.5,0,3,25,1126.62,,0,0,1,App FordPass,1,plano_frota
C08458,Territory,2014,201160,PF,Centro-Oeste,14.1,0,8,13,734.61,2.0,0,0,0,WhatsApp,1,desconto_pecas
C08828,Ka,2016,129930,PF,Nordeste,23.8,0,5,50,1299.01,,1,0,0,WhatsApp,1,checkup_gratuito
C09781,Ranger,2015,167914,PF,Nordeste,24.6,0,5,14,970.54,9.0,0,0,0,WhatsApp,1,desconto_pecas
C01392,Ka,2014,174823,PF,Nordeste,,0,1,60,589.5,6.0,0,1,0,Ligacao,1,checkup_gratuito
C01377,Maverick,2019,128783,PF,Sudeste,4.8,0,6,60,991.43,6.0,0,0,0,App FordPass,1,checkup_gratuito
C08612,Territory,2020,49299,PF,Sudeste,37.5,0,1,14,,5.0,0,0,2,WhatsApp,1,checkup_gratuito
C00714,Maverick,2022,27570,PF,Nordeste,7.6,0,2,13,1083.13,8.0,1,0,0,E-mail,0,revisao_preco_fixo
C05437,EcoSport,2016,99923,PF,Sul,19.0,0,7,5,713.4,10.0,1,0,1,Ligacao,0,desconto_pecas
C09013,EcoSport,2020,58288,PF,Nordeste,22.6,0,3,7,1014.93,,0,0,1,E-mail,0,revisao_preco_fixo
C09526,Ranger,2015,96225,PF,Sudeste,6.5,0,8,43,1251.09,8.0,0,0,1,Ligacao,1,checkup_gratuito
C07795,Bronco Sport,2026,2778,PF,Sul,13.1,1,0,7,945.99,4.0,1,0,0,WhatsApp,0,pacote_revisoes
C01515,EcoSport,2018,100829,PF,Sudeste,14.6,0,5,24,483.29,6.0,0,0,0,WhatsApp,1,revisao_preco_fixo
C03569,EcoSport,2019,82575,PF,Centro-Oeste,21.2,0,7,38,797.07,6.0,0,0,0,WhatsApp,0,revisao_preco_fixo
C04069,Ka,2017,78999,PF,Nordeste,14.3,0,0,18,902.98,5.0,0,1,0,WhatsApp,1,checkup_gratuito
C08526,Maverick,2017,99070,PF,Sudeste,20.7,0,7,5,1273.97,8.0,0,0,0,WhatsApp,0,checkup_gratuito
C06754,Ranger,2025,10194,PJ_Frota,Nordeste,14.2,1,0,8,1148.65,6.0,0,0,0,Ligacao,0,plano_frota
C01918,Territory,2019,178680,PF,Norte,,0,4,33,972.27,9.0,0,0,0,Ligacao,1,desconto_pecas
C05147,Ranger,2026,1656,PF,Norte,,1,0,4,589.54,4.0,1,0,0,WhatsApp,0,pacote_revisoes
C02715,EcoSport,2017,122169,PF,Sudeste,10.5,0,10,60,1608.6,6.0,0,0,0,,1,checkup_gratuito
C06613,Ka,2018,86653,PF,Nordeste,16.0,0,1,60,729.32,4.0,0,0,0,WhatsApp,1,checkup_gratuito
C04014,Territory,2017,122270,PF,Nordeste,6.2,0,7,31,1290.99,7.0,0,0,0,WhatsApp,0,desconto_pecas
C09425,Maverick,2020,116684,PJ_Frota,Sudeste,16.5,0,4,36,754.29,,1,0,1,App FordPass,1,plano_frota
C01364,Ranger,2021,117598,PF,Nordeste,16.3,0,2,12,772.16,7.0,0,0,2,App FordPass,1,pacote_revisoes
C03346,Maverick,2018,91630,PF,Centro-Oeste,19.9,0,2,30,,8.0,0,0,1,App FordPass,1,desconto_pecas
C04215,Ka,2016,208078,PJ_Frota,Sudeste,17.1,0,12,36,436.66,5.0,0,0,0,App FordPass,0,desconto_pecas
C01092,EcoSport,2018,83474,PF,Nordeste,12.6,0,2,18,953.42,7.0,0,0,0,App FordPass,1,revisao_preco_fixo
C08622,Ka,2020,65152,PF,Sudeste,11.2,0,2,15,381.29,4.0,1,0,1,App FordPass,1,desconto_pecas
C03737,Bronco Sport,2022,47274,PF,Sudeste,13.5,0,1,16,810.66,7.0,0,0,0,App FordPass,0,revisao_preco_fixo
C00597,Territory,2024,20052,PF,Sul,14.2,1,2,5,,10.0,1,0,0,WhatsApp,0,pacote_revisoes
C01896,Territory,2026,4570,PF,Sudeste,18.2,1,0,3,703.55,9.0,0,1,0,App FordPass,0,desconto_pecas
C05604,Ranger,2019,73212,PF,Sul,10.6,0,4,9,712.47,8.0,0,0,0,E-mail,0,revisao_preco_fixo
C05879,EcoSport,2019,141003,PF,Nordeste,18.5,0,10,33,871.94,6.0,1,0,1,E-mail,1,checkup_gratuito
C09517,Ranger,2014,299966,PJ_Frota,Sudeste,24.8,0,18,19,1491.65,4.0,0,0,1,WhatsApp,1,desconto_pecas
C00720,Ranger,2014,106838,PF,Sudeste,16.6,0,9,33,1641.33,6.0,0,0,0,WhatsApp,1,desconto_pecas
C09031,Mustang,2015,154252,PF,Nordeste,10.4,0,5,54,2913.98,7.0,0,0,0,WhatsApp,1,revisao_preco_fixo
C00149,Ka,2020,119961,PF,Nordeste,59.8,0,0,6,595.02,6.0,0,0,0,Ligacao,1,revisao_preco_fixo
C07690,Ka,2021,58493,PF,Sudeste,7.8,0,3,8,745.96,6.0,0,0,0,WhatsApp,0,revisao_preco_fixo
C08687,EcoSport,2014,220111,PF,Nordeste,5.0,0,9,60,1112.71,7.0,0,0,0,App FordPass,1,desconto_pecas
C00560,Ka,2021,51333,PF,Sudeste,18.1,0,3,0,450.96,5.0,0,0,2,WhatsApp,0,checkup_gratuito
C07190,Ranger,2020,81041,PJ_Frota,Nordeste,41.0,0,3,9,1181.53,8.0,0,0,0,,1,revisao_preco_fixo
C02991,Maverick,2021,30664,PF,Sudeste,7.5,0,4,1,890.05,9.0,0,0,0,App FordPass,0,pacote_revisoes
C01658,Ranger,2025,6622,PF,Sudeste,17.3,1,1,9,,8.0,0,0,0,WhatsApp,0,desconto_pecas
C09594,Ranger,2023,47667,PF,Sul,7.6,1,2,3,936.76,8.0,0,0,0,WhatsApp,0,pacote_revisoes
C03902,Bronco Sport,2015,108877,PF,Nordeste,9.8,0,8,9,1088.5,5.0,0,0,1,Ligacao,0,desconto_pecas
C04620,EcoSport,2020,64418,PF,Nordeste,15.6,0,1,2,624.17,7.0,1,0,0,WhatsApp,1,revisao_preco_fixo
C03477,Mustang,2026,6734,PF,Nordeste,6.8,1,0,22,,9.0,0,0,0,E-mail,0,pacote_revisoes
C09580,Bronco Sport,2023,31644,PF,Sudeste,10.6,1,3,14,1004.83,9.0,0,0,1,WhatsApp,0,pacote_revisoes
C04039,Maverick,2026,3274,PF,SUDESTE,6.0,1,0,4,,8.0,1,0,0,WhatsApp,0,pacote_revisoes
C05951,Ranger,2019,111843,PF,Sudeste,5.5,0,3,13,752.38,4.0,0,0,0,App FordPass,1,checkup_gratuito
C04446,Ranger,2015,125689,PF,Nordeste,14.2,0,4,11,1328.27,6.0,1,0,0,WhatsApp,0,desconto_pecas
C08461,Territory,2020,139041,PF,SUDESTE,5.6,0,7,57,1026.79,,0,0,0,E-mail,1,revisao_preco_fixo
C05101,EcoSport,2020,96577,PF,Sudeste,2.7,0,5,11,1361.89,8.0,0,0,1,WhatsApp,1,revisao_preco_fixo
C00978,Ranger,2019,60252,PF,Sul,17.8,0,2,44,581.97,7.0,0,0,0,Ligacao,1,revisao_preco_fixo
C07613,Ranger,2017,198893,PJ_Frota,Nordeste,36.7,0,13,0,1642.2,7.0,1,0,0,WhatsApp,0,plano_frota
C01974,Ka,2021,43353,PF,Sudeste,5.5,0,3,21,602.87,9.0,0,0,0,App FordPass,1,checkup_gratuito
C07475,Ranger,2023,30059,PF,Nordeste,30.3,1,2,5,1180.01,9.0,0,0,0,WhatsApp,0,pacote_revisoes
C09948,Territory,2020,143387,PJ_Frota,Sudeste,4.2,0,7,6,1074.22,8.0,0,1,0,WhatsApp,0,checkup_gratuito
C04213,Ka,2016,172906,PF,Sudeste,6.3,0,5,10,724.05,5.0,0,0,0,E-mail,0,desconto_pecas
C06041,Ka,2015,167908,PF,Sul,7.7,0,11,60,1046.71,8.0,0,0,0,WhatsApp,0,checkup_gratuito
C00772,Territory,2014,182532,PF,Sudeste,8.1,0,4,60,1308.47,5.0,0,0,0,Ligacao,1,checkup_gratuito
C03261,Territory,2023,38354,PF,Sudeste,19.3,1,2,0,700.32,10.0,1,0,0,App FordPass,0,pacote_revisoes
C02194,Territory,2021,90267,PJ_Frota,Sudeste,20.1,0,7,2,1329.34,7.0,1,0,0,WhatsApp,0,plano_frota
C04470,Mustang,2018,70582,PF,Sudeste,2.2,0,2,23,2111.16,9.0,0,0,0,E-mail,1,revisao_preco_fixo
C04549,EcoSport,2020,90111,PF,Sudeste,6.3,0,5,13,419.01,10.0,0,1,0,WhatsApp,0,revisao_preco_fixo
C06469,Maverick,2017,90699,PF,Sudeste,10.6,0,1,19,1254.35,7.0,1,0,0,App FordPass,1,revisao_preco_fixo
C03623,Maverick,2023,48957,PF,Norte,22.8,1,3,18,498.15,4.0,1,0,1,App FordPass,0,pacote_revisoes
C00365,Ranger,2021,82831,PF,Sudeste,4.6,0,2,12,1593.94,5.0,1,0,0,Ligacao,0,desconto_pecas
C04002,Maverick,2018,-69631,PF,Nordeste,16.6,0,8,11,1226.55,9.0,0,0,0,App FordPass,0,desconto_pecas
C03229,Ranger,2017,132740,PJ_Frota,Nordeste,6.7,0,6,18,1197.1,8.0,1,0,1,App FordPass,0,plano_frota
C08308,Ranger,2024,65096,PJ_Frota,Sudeste,16.1,1,6,2,794.22,10.0,1,0,0,App FordPass,0,plano_frota
C06762,Mustang,2022,56567,PF,Sudeste,2.2,0,4,7,2027.65,9.0,0,0,0,WhatsApp,0,revisao_preco_fixo
C07158,Ka,2016,75028,PF,Norte,21.2,0,4,1,840.43,6.0,0,0,0,WhatsApp,0,desconto_pecas
C05653,Ranger,2022,33347,PF,Sudeste,9.1,0,3,6,1775.52,8.0,1,1,2,App FordPass,0,revisao_preco_fixo
C04524,Bronco Sport,2031,123885,PF,Norte,23.8,0,8,14,1217.66,9.0,0,0,0,E-mail,1,desconto_pecas
C06112,EcoSport,2020,106309,PF,Nordeste,14.6,0,4,3,842.68,4.0,0,0,1,E-mail,0,revisao_preco_fixo
C03222,Bronco Sport,2014,215069,PF,Nordeste,7.3,0,10,56,1080.54,3.0,0,0,1,WhatsApp,1,checkup_gratuito
C03877,Transit,2026,3187,PF,Sudeste,14.6,1,0,10,516.8,,0,0,1,WhatsApp,0,pacote_revisoes
C05110,Ka,2020,25769,PF,Sudeste,7.2,0,6,17,445.37,,1,0,0,App FordPass,0,revisao_preco_fixo
C01731,Ka,2014,158596,PF,Sudeste,2.9,0,7,60,413.36,10.0,0,1,0,App FordPass,1,checkup_gratuito
C06300,EcoSport,2014,148824,PF,Sudeste,26.8,0,11,38,1001.38,8.0,1,0,0,Ligacao,1,desconto_pecas
C02147,Transit,2019,281446,PJ_Frota,Nordeste,19.2,0,8,3,1181.09,7.0,0,0,0,App FordPass,0,desconto_pecas
C00445,Bronco Sport,2026,10187,PF,Sudeste,3.9,1,0,4,850.53,4.0,0,0,0,E-mail,0,pacote_revisoes
C04663,Ka,2021,85038,PJ_Frota,Sul,13.5,0,5,1,439.11,6.0,0,0,1,App FordPass,0,plano_frota
C08671,EcoSport,2015,135360,PF,Nordeste,10.0,0,6,23,1039.93,5.0,0,0,1,Ligacao,1,desconto_pecas
C07064,Ranger,2022,43683,PF,Centro-Oeste,72.5,0,0,9,1510.38,9.0,0,0,0,App FordPass,1,revisao_preco_fixo
C02528,Maverick,2022,38985,PF,Nordeste,38.0,0,2,36,847.35,8.0,0,0,1,WhatsApp,0,revisao_preco_fixo
C04138,Bronco Sport,2024,17375,PF,SUDESTE,6.7,1,1,2,1558.62,6.0,1,1,0,WhatsApp,0,pacote_revisoes
C07071,EcoSport,2015,119391,PF,Sudeste,6.9,0,6,26,729.49,8.0,0,0,0,WhatsApp,1,desconto_pecas
C07043,EcoSport,2021,75255,PF,Sudeste,14.4,0,2,2,485.51,7.0,1,1,0,App FordPass,0,pacote_revisoes
C06944,Ranger,2019,59164,PF,Norte,43.6,0,6,1,1606.17,,1,0,0,Ligacao,1,revisao_preco_fixo
C08036,Ranger,2021,69208,PF,sul,,0,1,4,1356.06,5.0,0,0,1,E-mail,1,revisao_preco_fixo
C04571,Maverick,2014,585559,PJ_Frota,Sudeste,13.5,0,24,9,795.14,4.0,0,0,0,WhatsApp,0,desconto_pecas
C06133,EcoSport,2015,154285,PF,Sudeste,9.6,0,8,6,1054.46,,1,0,0,App FordPass,1,desconto_pecas
C07410,Bronco Sport,2018,134376,PF,Nordeste,10.3,0,10,21,653.69,7.0,0,0,1,WhatsApp,1,desconto_pecas
C09439,Ka,2021,42407,PF,Sudeste,24.8,0,1,12,596.24,8.0,0,0,1,WhatsApp,1,revisao_preco_fixo
C00539,Maverick,2021,58596,PJ_Frota,Norte,60.5,0,1,35,1638.08,10.0,0,0,1,Ligacao,1,revisao_preco_fixo
C07463,Mustang,2023,32779,PF,Sudeste,3.3,1,3,9,1210.3,8.0,1,0,0,E-mail,0,pacote_revisoes
C00598,Transit,2025,10315,PF,Sudeste,26.6,1,0,2,814.01,7.0,0,0,1,WhatsApp,0,desconto_pecas
C03173,Transit,2026,6971,PJ_Frota,Sul,24.3,1,0,11,496.51,,1,0,0,App FordPass,0,plano_frota
C04688,Maverick,2024,30033,PF,Nordeste,34.6,1,2,7,765.35,10.0,1,0,0,App FordPass,0,pacote_revisoes
C03383,Ranger,2026,10229,PJ_Frota,Sudeste,5.8,1,1,2,887.78,10.0,1,0,0,App FordPass,0,plano_frota
C03428,Transit,2015,302316,PJ_Frota,Sudeste,8.4,0,23,20,1766.8,5.0,0,0,0,WhatsApp,1,desconto_pecas
C08240,Ka,2014,199391,PF,Sul,14.5,0,9,43,889.97,6.0,0,0,0,App FordPass,1,desconto_pecas
C06273,Ka,2016,132729,PF,Nordeste,17.8,0,1,10,468.19,4.0,0,0,0,E-mail,1,desconto_pecas
C02486,Bronco Sport,2023,21809,PF,Sudeste,3.4,1,2,8,850.99,9.0,1,0,0,WhatsApp,0,pacote_revisoes
C04378,Mustang,2024,41569,PF,Norte,15.3,1,3,12,1352.86,8.0,0,0,1,E-mail,0,pacote_revisoes
C02524,Mustang,2020,56482,PF,Nordeste,21.6,0,0,6,2162.8,6.0,0,0,0,Ligacao,1,revisao_preco_fixo
C04675,Ka,2019,152441,PF,SUDESTE,9.2,0,9,27,556.15,10.0,0,0,0,WhatsApp,0,revisao_preco_fixo
C02711,EcoSport,2021,63128,PF,Sudeste,9.9,0,3,8,,9.0,0,0,0,App FordPass,1,revisao_preco_fixo
C07052,Ranger,2021,136746,PJ_Frota,Nordeste,16.0,0,9,5,,7.0,1,0,0,E-mail,0,plano_frota
C05426,Transit,2023,84753,PJ_Frota,Centro-Oeste,17.5,1,7,2,1509.73,7.0,1,0,1,App FordPass,0,plano_frota
C08934,Maverick,2023,32768,PF,Nordeste,10.3,1,3,2,736.34,7.0,0,0,0,App FordPass,0,pacote_revisoes
C07079,Transit,2014,320490,PJ_Frota,Sudeste,12.0,0,16,60,1513.4,,0,0,0,E-mail,1,desconto_pecas
C09653,Territory,2017,96463,PF,Norte,33.6,0,1,29,999.73,3.0,0,0,1,E-mail,1,checkup_gratuito
C03054,Territory,2020,130165,PF,Sudeste,10.5,0,3,60,1017.23,,0,0,0,WhatsApp,1,revisao_preco_fixo
C04294,Maverick,2018,95173,PF,Sudeste,6.3,0,5,13,1033.28,7.0,1,0,0,WhatsApp,0,desconto_pecas
C09475,Transit,2022,148264,PJ_Frota,Centro-Oeste,17.3,0,8,0,820.68,,1,0,1,WhatsApp,0,plano_frota
C09559,Territory,2014,182152,PF,Sudeste,14.5,0,8,7,,6.0,0,0,2,WhatsApp,1,desconto_pecas
C08580,Territory,2025,16788,PF,Sudeste,11.4,1,1,8,848.71,9.0,1,0,0,App FordPass,0,pacote_revisoes
C05605,Ranger,2018,125602,PF,SUDESTE,10.1,0,10,11,999.41,7.0,0,0,0,,0,desconto_pecas
C00270,Ka,2014,134687,PF,Nordeste,13.1,0,5,27,766.16,4.0,0,0,0,WhatsApp,1,pacote_revisoes
C02012,Ka,2014,126007,PF,Centro-Oeste,42.1,0,2,4,573.53,4.0,0,0,0,WhatsApp,1,revisao_preco_fixo
C09951,Transit,2023,60520,PJ_Frota,Sul,6.8,1,6,5,789.37,7.0,1,0,0,App FordPass,0,pacote_revisoes
C08136,Ranger,2024,18909,PF,Sudeste,10.1,1,1,13,673.39,8.0,1,0,0,E-mail,0,pacote_revisoes
C05081,Territory,2023,189543,PJ_Frota,Sul,8.3,1,17,2,541.95,6.0,1,0,1,WhatsApp,0,plano_frota
C08979,Territory,2018,111606,PF,Nordeste,11.8,0,3,2,2054.6,5.0,0,0,0,App FordPass,0,desconto_pecas
C07343,Ka,2019,63905,PF,Sul,19.6,0,3,16,541.12,,1,0,0,Ligacao,0,revisao_preco_fixo
C02923,Territory,2015,300830,PF,Sudeste,6.2,0,20,41,931.83,,0,0,1,WhatsApp,1,checkup_gratuito
C06624,Ka,2018,96536,PF,Sudeste,7.0,0,7,60,446.08,8.0,0,0,0,WhatsApp,1,checkup_gratuito
C06268,Ka,2021,77727,PF,Centro-Oeste,32.3,0,2,5,1643.29,7.0,0,0,0,E-mail,1,revisao_preco_fixo
C05239,Territory,2021,66438,PF,Sudeste,7.4,0,1,7,,,1,0,2,Ligacao,0,revisao_preco_fixo
C04024,Maverick,2024,19998,PF,Sul,18.8,1,1,0,1049.1,6.0,1,0,1,Ligacao,0,pacote_revisoes
C01676,Bronco Sport,2017,105541,PF,Sudeste,4.5,0,6,6,1306.19,10.0,0,0,0,WhatsApp,0,desconto_pecas
C05714,Ka,2017,173648,PF,Nordeste,17.5,0,8,51,689.06,5.0,0,0,0,WhatsApp,1,checkup_gratuito
C04074,Ka,2020,54605,PF,Sul,14.2,0,5,24,435.19,7.0,1,0,0,WhatsApp,0,checkup_gratuito
C07552,EcoSport,2014,151366,PF,Sudeste,25.4,0,4,29,926.97,7.0,0,0,0,App FordPass,1,desconto_pecas
C08844,Bronco Sport,2024,18311,PF,Sudeste,13.2,1,1,20,443.63,2.0,1,0,2,App FordPass,1,pacote_revisoes
C09201,Transit,2017,143896,PF,Sul,8.2,0,13,9,1124.78,6.0,0,0,0,WhatsApp,0,desconto_pecas
C05127,EcoSport,2018,168168,PF,Sudeste,6.4,0,6,8,859.18,6.0,0,0,0,App FordPass,1,desconto_pecas
C02378,Ka,2021,113067,PF,Nordeste,25.2,0,6,4,652.28,8.0,1,0,0,WhatsApp,0,plano_frota
C04920,Ranger,2019,233172,PJ_Frota,Sul,19.4,0,13,8,708.86,8.0,1,0,2,App FordPass,0,desconto_pecas
C07680,Transit,2020,88267,PJ_Frota,Norte,8.1,0,7,16,1147.21,,0,1,0,WhatsApp,0,plano_frota
C01665,Maverick,2021,48224,PF,Nordeste,5.4,0,2,27,1125.29,9.0,0,0,0,Ligacao,0,revisao_preco_fixo
C09993,Ka,2015,208455,PF,Sudeste,5.2,0,13,43,648.7,6.0,1,0,0,E-mail,1,checkup_gratuito
C05689,Mustang,2016,66443,PF,Norte,48.5,0,1,49,2425.7,,0,0,0,WhatsApp,1,checkup_gratuito
C04322,Territory,2019,75114,PF,Centro-Oeste,30.6,0,4,1,1767.84,,1,0,0,Ligacao,0,revisao_preco_fixo
C07847,EcoSport,2015,79112,PF,Sudeste,5.3,0,9,22,503.66,9.0,0,0,0,App FordPass,0,desconto_pecas
C03741,Ka,2019,-78484,PF,Sul,16.9,0,5,10,657.75,8.0,0,0,1,WhatsApp,1,pacote_revisoes
C06526,EcoSport,2020,156443,PF,Sudeste,4.7,0,10,36,831.47,7.0,0,0,1,WhatsApp,1,checkup_gratuito
C04305,Ka,2018,90458,PF,Sul,13.7,0,6,38,658.87,,0,0,1,WhatsApp,1,checkup_gratuito
C01087,Bronco Sport,2021,68703,PF,Sul,6.9,0,1,2,772.44,7.0,0,0,0,App FordPass,1,revisao_preco_fixo
C01170,Ranger,2025,14881,PF,Sudeste,9.3,1,1,2,1293.29,9.0,0,0,0,E-mail,0,pacote_revisoes
C01251,Ka,2016,77061,PF,Nordeste,15.6,0,5,2,565.62,8.0,0,0,0,WhatsApp,0,desconto_pecas
C08683,Maverick,2018,89678,PF,Sul,10.2,0,5,1,,9.0,0,0,0,App FordPass,0,pacote_revisoes
C01847,Territory,2022,57585,PF,Sul,15.8,0,0,6,1044.74,,0,0,0,E-mail,1,revisao_preco_fixo
C00034,Ranger,2019,79983,PF,Norte,76.8,0,2,3,779.32,7.0,0,0,0,WhatsApp,1,revisao_preco_fixo
C03974,Ka,2016,123547,PF,Sudeste,10.5,0,4,15,492.69,8.0,0,0,0,App FordPass,1,desconto_pecas
C07069,Bronco Sport,2018,197513,PF,Sudeste,8.2,0,6,32,1015.06,9.0,0,0,0,App FordPass,1,desconto_pecas
C01430,Transit,2016,109084,PF,SUDESTE,6.3,0,3,17,1104.87,8.0,0,0,0,WhatsApp,1,desconto_pecas
C05986,Ka,2018,81180,PF,Nordeste,15.2,0,6,21,543.17,8.0,0,0,1,WhatsApp,0,revisao_preco_fixo
C07830,Transit,2018,56278,PF,Nordeste,12.8,0,1,19,1719.67,9.0,0,0,1,,1,revisao_preco_fixo
C04839,Ka,2017,175880,PF,SUDESTE,22.0,0,6,24,342.21,7.0,0,0,0,E-mail,0,desconto_pecas
C05686,Ka,2018,72259,PF,Norte,46.9,0,3,36,,6.0,0,0,0,E-mail,1,checkup_gratuito
C02530,Territory,2016,149405,PF,Sudeste,5.3,0,10,38,1201.23,6.0,1,0,2,E-mail,1,checkup_gratuito
C09689,Ka,2018,126319,PF,Sul,23.8,0,3,6,1056.05,7.0,0,0,1,WhatsApp,0,checkup_gratuito
C03770,Transit,2026,10445,PJ_Frota,Norte,50.8,1,1,1,707.53,10.0,1,0,0,Ligacao,0,plano_frota
C08795,Territory,2014,153590,PF,Norte,53.7,0,9,5,2200.7,10.0,0,0,0,WhatsApp,0,revisao_preco_fixo
C06620,Maverick,2026,4788,PF,Nordeste,22.7,1,0,1,1136.44,4.0,0,0,0,E-mail,1,pacote_revisoes
C00303,Ranger,2016,217439,PF,Sul,,0,14,35,1518.84,8.0,0,0,0,WhatsApp,0,desconto_pecas
C00313,Ranger,2015,131533,PF,Norte,47.3,0,4,36,922.81,8.0,0,0,0,WhatsApp,1,desconto_pecas
C09010,Ranger,2025,14939,PF,Sudeste,5.6,1,1,2,647.22,4.0,1,0,2,Ligacao,0,pacote_revisoes
C00244,Territory,2022,102534,PF,Sudeste,5.1,0,6,0,1103.96,,1,0,1,App FordPass,0,revisao_preco_fixo
C05423,Ka,2017,142393,PF,Sudeste,7.2,0,4,2,570.86,8.0,0,0,0,WhatsApp,0,desconto_pecas
C06482,Maverick,2019,84010,PF,Sul,8.8,0,2,9,1640.02,8.0,0,0,0,App FordPass,0,revisao_preco_fixo
C05947,Territory,2020,103517,PF,Sudeste,9.8,0,9,7,1013.95,,0,0,0,E-mail,0,desconto_pecas
C07689,Ranger,2021,85861,PF,Sudeste,9.1,0,5,16,1088.9,10.0,0,1,1,WhatsApp,0,revisao_preco_fixo
C00935,EcoSport,2018,191464,PF,Sudeste,,0,14,1,532.32,7.0,0,0,0,App FordPass,0,desconto_pecas
C03528,Maverick,2025,15087,PF,Nordeste,4.8,1,1,5,1123.14,5.0,1,0,2,App FordPass,0,checkup_gratuito
C08348,Ka,2017,120634,PF,Sudeste,6.0,0,7,8,666.79,6.0,0,0,2,Ligacao,1,checkup_gratuito
C09505,Territory,2015,138460,PF,Sul,16.2,0,4,2,,8.0,0,0,1,E-mail,1,desconto_pecas
C04458,Ka,2018,137436,PF,Sul,14.5,0,3,24,956.29,9.0,1,0,0,Ligacao,0,revisao_preco_fixo
C09644,Maverick,2023,29512,PF,Sudeste,,1,2,7,1165.19,7.0,1,0,0,E-mail,0,pacote_revisoes
C02269,Maverick,2020,56220,PF,Sudeste,4.7,0,6,8,625.23,6.0,0,0,0,E-mail,1,revisao_preco_fixo
C08536,Ka,2015,136346,PF,Sudeste,5.1,0,7,20,,8.0,0,0,1,App FordPass,0,desconto_pecas
C00278,Maverick,2026,4941,PF,Sudeste,8.2,1,0,6,1595.08,8.0,1,0,1,App FordPass,0,pacote_revisoes
C09712,Maverick,2014,136710,PF,Nordeste,12.3,0,13,6,756.63,9.0,0,0,1,WhatsApp,0,desconto_pecas
C01452,Maverick,2023,24849,PF,Sudeste,4.3,1,3,2,1414.03,9.0,0,1,1,WhatsApp,1,pacote_revisoes
C08464,Territory,2023,38496,PF,Nordeste,8.7,1,3,8,1439.39,6.0,1,0,0,E-mail,0,pacote_revisoes
C00546,Ranger,2022,31751,PF,Sul,16.2,0,0,5,721.49,7.0,1,0,0,WhatsApp,0,revisao_preco_fixo
C04462,EcoSport,2019,109108,PF,Nordeste ,14.1,0,6,14,826.47,,0,0,0,Ligacao,0,revisao_preco_fixo
C00119,Territory,2017,83913,PF,Sudeste,10.0,0,5,10,620.1,,1,0,0,App FordPass,1,desconto_pecas
C01268,Ranger,2015,183159,PF,Sudeste,6.9,0,14,1,,8.0,0,0,0,WhatsApp,0,desconto_pecas
C09661,Bronco Sport,2016,116831,PF,Centro-Oeste,16.9,0,7,24,1387.01,9.0,1,1,0,App FordPass,0,checkup_gratuito
C08167,Transit,2016,171137,PJ_Frota,Nordeste,4.3,0,12,60,1527.27,7.0,0,0,1,,1,checkup_gratuito
C01119,Mustang,2015,189233,PF,Nordeste ,9.1,0,9,13,2271.38,9.0,0,1,1,App FordPass,0,revisao_preco_fixo
C05640,Ranger,2016,111132,PF,Sudeste,21.1,0,3,60,751.74,6.0,0,1,3,WhatsApp,1,checkup_gratuito
C07884,Ka,2015,212802,PF,Sudeste,8.7,0,19,60,958.27,7.0,0,1,0,WhatsApp,1,checkup_gratuito
C01465,Territory,2015,92140,PF,Nordeste,5.4,0,7,33,676.54,8.0,0,0,0,App FordPass,1,desconto_pecas
C09555,Ka,2020,99729,PF,Sudeste,13.5,0,3,3,575.7,7.0,0,0,0,Ligacao,1,revisao_preco_fixo
C01369,EcoSport,2021,93216,PF,Centro-Oeste,,0,1,4,475.36,,0,0,1,WhatsApp,1,revisao_preco_fixo
C01061,Territory,2026,4292,PF,Sul,,1,0,8,955.54,8.0,0,0,0,WhatsApp,0,pacote_revisoes
C04042,Ka,2018,100045,PF,Nordeste,12.0,0,2,60,717.78,7.0,0,0,0,,1,checkup_gratuito
C04726,Maverick,2018,81378,PF,Sul,11.9,0,6,9,1212.33,7.0,1,0,0,E-mail,0,checkup_gratuito
C06181,Ranger,2023,92405,PJ_Frota,Nordeste,9.3,1,4,5,1139.03,7.0,0,0,0,WhatsApp,0,plano_frota
C03931,Territory,2016,60257,PF,Sul,25.6,0,7,14,1058.13,5.0,0,0,1,App FordPass,1,pacote_revisoes
C05388,Ranger,2024,20034,PF,Nordeste,122.2,1,0,7,572.26,4.0,1,0,0,WhatsApp,0,pacote_revisoes
C00131,Transit,2014,326504,PJ_Frota,Sudeste,7.1,0,13,60,1008.12,8.0,1,1,0,App FordPass,1,desconto_pecas
C08647,EcoSport,2018,115886,PF,Centro-Oeste,12.0,0,10,4,959.03,9.0,0,0,0,App FordPass,0,revisao_preco_fixo
C08072,EcoSport,2019,93222,PF,Sudeste,9.8,0,1,12,,6.0,0,0,0,App FordPass,1,revisao_preco_fixo
C06236,Ranger,2014,294675,PJ_Frota,Centro-Oeste,34.6,0,8,3,810.09,6.0,0,0,0,,1,desconto_pecas
C07338,Ka,2017,210921,PF,Nordeste,5.6,0,1,35,613.06,8.0,0,0,0,App FordPass,1,desconto_pecas
C05404,Ranger,2022,35891,PF,sul,7.5,0,2,1,830.91,9.0,0,1,0,WhatsApp,0,pacote_revisoes
C03611,EcoSport,2014,134089,PF,Sul,2.8,0,3,25,1218.76,7.0,0,0,0,WhatsApp,1,desconto_pecas
C08716,Ka,2015,166124,PF,Sul,6.5,0,7,23,,10.0,1,0,0,Ligacao,0,desconto_pecas
C09020,EcoSport,2014,171892,PF,Centro-Oeste,6.2,0,4,33,881.95,7.0,0,0,0,Ligacao,1,desconto_pecas
C07848,EcoSport,2021,63843,PF,SUDESTE,7.7,0,1,4,656.76,5.0,0,0,0,App FordPass,1,revisao_preco_fixo
C08608,EcoSport,2017,121338,PF,Norte,43.8,0,2,8,,9.0,0,0,0,App FordPass,0,desconto_pecas
C03381,Maverick,2017,101718,PF,Sul,9.4,0,6,19,2283.82,,1,0,0,App FordPass,0,revisao_preco_fixo
C04666,Maverick,2020,116018,PF,Sudeste,4.3,0,7,9,861.07,10.0,1,0,1,,0,desconto_pecas
C01958,Maverick,2018,95379,PF,Nordeste,8.0,0,4,13,920.03,5.0,1,0,2,App FordPass,0,checkup_gratuito
C03602,Ranger,2022,37276,PF,Sudeste,3.7,0,4,12,1253.9,10.0,0,0,1,App FordPass,1,revisao_preco_fixo
C00434,Ka,2021,79016,PF,Sudeste,3.3,0,7,3,525.13,7.0,0,0,0,Ligacao,0,revisao_preco_fixo
C01902,Maverick,2016,167748,PF,Sul,16.8,0,12,35,559.72,10.0,0,0,0,Ligacao,1,desconto_pecas
C07655,Bronco Sport,2022,70021,PF,Nordeste,12.1,0,5,2,751.06,7.0,1,0,0,App FordPass,0,revisao_preco_fixo
C02420,Ka,2021,116088,PF,Sudeste,12.8,0,3,15,674.0,10.0,1,0,1,WhatsApp,0,desconto_pecas
C02779,Ka,2015,157010,PF,Nordeste,29.4,0,6,4,549.13,9.0,0,0,0,WhatsApp,0,desconto_pecas
C03708,Ranger,2024,24427,PF,Norte,44.1,1,1,2,1004.02,5.0,0,0,0,App FordPass,0,pacote_revisoes
C04794,EcoSport,2014,86166,PF,Sudeste,10.5,0,8,57,803.17,9.0,0,0,0,Ligacao,1,checkup_gratuito
C08918,Maverick,2022,43158,PF,Sudeste,9.7,0,4,4,809.24,8.0,0,0,0,WhatsApp,0,revisao_preco_fixo
C01880,Ranger,2023,64669,PF,sul,3.9,1,2,1,1060.81,6.0,1,0,1,Ligacao,0,pacote_revisoes
C07781,EcoSport,2016,202549,PF,Centro-Oeste,13.5,0,0,43,653.47,,0,0,0,Ligacao,1,checkup_gratuito
C00892,EcoSport,2017,171199,PJ_Frota,Centro-Oeste,21.7,0,4,12,731.27,,1,0,1,App FordPass,1,plano_frota
C04911,Ranger,2020,156609,PF,Sudeste,4.0,0,9,8,1565.29,7.0,0,0,0,Ligacao,0,revisao_preco_fixo
C08985,Bronco Sport,2022,53154,PF,Sul,16.8,0,2,4,1191.72,,1,0,0,Ligacao,0,desconto_pecas
C08440,Bronco Sport,2016,114090,PF,Norte,48.9,0,3,11,1220.14,7.0,0,0,2,E-mail,1,desconto_pecas
C00280,Ka,2020,52821,PF,Nordeste,28.3,0,1,2,519.03,7.0,0,0,2,E-mail,1,revisao_preco_fixo
C06848,EcoSport,2014,131372,PF,Sudeste,10.0,0,11,36,1218.34,6.0,0,0,0,App FordPass,1,checkup_gratuito
C07610,Bronco Sport,2017,159466,PF,Sudeste,12.0,0,5,14,1416.91,5.0,1,1,0,E-mail,1,checkup_gratuito
C00917,Ka,2019,143878,PJ_Frota,Nordeste,21.9,0,11,29,387.45,9.0,1,0,0,App FordPass,0,plano_frota
C08074,Transit,2018,239846,PJ_Frota,Sul,15.1,0,2,33,998.06,9.0,1,1,1,WhatsApp,1,checkup_gratuito
C02983,Territory,2025,19908,PF,Nordeste,24.5,1,1,11,557.29,4.0,1,0,0,E-mail,0,checkup_gratuito
C07146,EcoSport,2020,153868,PF,Centro-Oeste,12.5,0,3,1,617.76,6.0,0,0,1,App FordPass,0,revisao_preco_fixo
C01828,Transit,2024,13374,PF,Sudeste,4.7,1,1,1,892.06,10.0,0,0,0,App FordPass,0,pacote_revisoes
C07712,Ranger,2017,155731,PF,Norte,85.1,0,4,54,1167.63,8.0,0,0,0,WhatsApp,1,checkup_gratuito
C03352,Ka,2015,113555,PF,Nordeste,13.6,0,10,8,764.83,9.0,0,0,2,E-mail,1,desconto_pecas
C08869,Territory,2024,88061,PJ_Frota,Sudeste,2.3,1,6,2,838.37,7.0,1,0,0,WhatsApp,0,plano_frota
C04853,Ka,2020,89954,PF,Sudeste,7.3,0,8,6,464.42,7.0,0,1,0,App FordPass,0,checkup_gratuito
C07316,Maverick,2023,55475,PF,Nordeste,13.7,1,1,31,1348.06,6.0,0,0,0,Ligacao,1,revisao_preco_fixo
C06908,Transit,2024,42469,PF,Sul,16.9,1,4,0,670.91,8.0,1,0,0,WhatsApp,0,pacote_revisoes
C09000,Maverick,2017,158123,PF,SUDESTE,7.4,0,8,23,1209.65,9.0,0,0,1,Ligacao,0,desconto_pecas
C06151,Bronco Sport,2023,37588,PF,Sudeste,6.6,1,3,5,624.35,5.0,0,0,0,WhatsApp,0,pacote_revisoes
C05746,Ka,2018,145088,PF,Sul,28.0,0,3,60,471.7,4.0,0,0,1,App FordPass,1,checkup_gratuito
C06954,Bronco Sport,2025,10647,PF,Nordeste,37.7,1,0,5,1332.91,8.0,0,0,1,WhatsApp,0,revisao_preco_fixo
C07797,Maverick,2015,80603,PF,Sudeste,5.5,0,6,50,,9.0,0,0,0,,1,desconto_pecas
C09952,Maverick,2026,8092,PJ_Frota,Sul,4.4,1,0,1,725.98,3.0,1,0,0,Ligacao,0,pacote_revisoes
C06994,Maverick,2018,187278,PF,Sudeste,3.2,0,10,11,839.79,,1,0,1,App FordPass,0,desconto_pecas
C04550,Ka,2021,168162,PJ_Frota,Sudeste,9.6,0,9,22,616.73,5.0,1,1,0,App FordPass,0,pacote_revisoes
C08151,Ranger,2018,150220,PF,Sudeste,4.4,0,9,5,1129.43,6.0,0,0,0,WhatsApp,0,revisao_preco_fixo
C06402,Ka,2019,82695,PF,Centro-Oeste,51.6,0,4,10,619.02,7.0,0,0,0,WhatsApp,0,revisao_preco_fixo
C05998,Maverick,2017,131727,PF,Nordeste ,3.2,0,8,10,1002.5,,0,0,0,Ligacao,0,desconto_pecas
C09394,Bronco Sport,2021,114824,PF,Sudeste,3.9,0,10,26,704.6,9.0,1,0,0,WhatsApp,0,revisao_preco_fixo
C08871,Maverick,2020,104027,PF,Sudeste,7.5,0,8,37,798.08,1.0,0,0,0,App FordPass,1,checkup_gratuito
C00645,Maverick,2014,152315,PF,Sudeste,13.3,0,5,3,721.78,7.0,1,0,1,App FordPass,1,desconto_pecas
C06836,Ka,2031,52863,PF,Sul,6.0,0,4,12,,7.0,1,0,0,E-mail,0,revisao_preco_fixo
C01845,Territory,2026,4061,PF,sul,9.2,1,0,9,1045.74,8.0,1,0,0,App FordPass,0,pacote_revisoes
C03055,Ranger,2023,30126,PF,Sudeste,11.3,1,2,8,907.71,8.0,0,0,0,WhatsApp,0,pacote_revisoes
C04114,Bronco Sport,2017,149547,PF,Sudeste,9.4,0,11,28,1006.31,6.0,0,0,1,E-mail,1,revisao_preco_fixo
C06153,EcoSport,2018,126849,PF,Sul,21.8,0,2,60,683.56,6.0,0,0,0,Ligacao,1,checkup_gratuito
C05790,Maverick,2018,138452,PF,Nordeste,12.7,0,3,60,955.05,9.0,0,1,0,WhatsApp,1,checkup_gratuito
C03855,EcoSport,2016,147591,PF,Sul,40.9,0,11,35,946.47,7.0,0,0,1,WhatsApp,1,desconto_pecas
C01749,Ranger,2023,68293,PF,Nordeste,7.8,1,2,1,792.53,7.0,0,0,0,WhatsApp,0,pacote_revisoes
C08597,Territory,2015,100943,PF,Sudeste,10.1,0,8,21,955.37,10.0,0,0,0,WhatsApp,0,desconto_pecas
C02007,Ka,2019,146400,PF,Norte,10.6,0,6,28,518.85,7.0,0,0,0,E-mail,0,checkup_gratuito
C01524,Bronco Sport,2014,156265,PF,Centro-Oeste,17.8,0,12,24,1353.77,9.0,0,0,0,App FordPass,1,desconto_pecas
C02192,Bronco Sport,2016,224670,PJ_Frota,Sudeste,6.5,0,11,60,850.96,8.0,0,0,1,WhatsApp,1,plano_frota
C02584,Ka,2014,610411,PJ_Frota,Nordeste,,0,51,5,777.97,8.0,0,0,1,App FordPass,0,desconto_pecas
C07124,EcoSport,2017,147550,PF,Sudeste,10.4,0,13,8,1034.49,7.0,1,0,0,WhatsApp,0,desconto_pecas
C06230,Mustang,2018,62377,PF,Sudeste,14.2,0,2,3,1890.85,6.0,0,0,0,Ligacao,1,revisao_preco_fixo
C02734,EcoSport,2019,206955,PF,Nordeste,25.1,0,5,13,477.02,8.0,0,0,0,WhatsApp,1,desconto_pecas
C05031,Maverick,2019,235772,PJ_Frota,Sul,23.8,0,7,28,984.75,9.0,0,0,0,App FordPass,1,plano_frota
C03049,EcoSport,2015,131814,PF,Sudeste,11.7,0,10,36,843.3,7.0,0,0,0,WhatsApp,1,desconto_pecas
C03730,Transit,2015,429866,PJ_Frota,Nordeste,7.6,0,37,55,1026.31,10.0,0,0,0,WhatsApp,1,desconto_pecas
C03258,Territory,2025,23442,PF,Sudeste,2.7,1,2,1,680.05,6.0,1,0,0,WhatsApp,0,pacote_revisoes
C05269,Ranger,2014,222015,PF,Sudeste,5.1,0,5,60,1452.8,7.0,0,0,0,E-mail,1,checkup_gratuito
C09587,Ranger,2023,29743,PF,Sudeste,7.9,1,1,0,983.91,8.0,0,0,0,E-mail,0,revisao_preco_fixo
C09710,Maverick,2025,6434,PF,Sudeste,6.4,1,1,12,956.46,,0,0,1,E-mail,1,checkup_gratuito
C08796,Ranger,2023,35489,PF,Sudeste,3.7,1,2,8,1302.46,,0,0,1,App FordPass,1,checkup_gratuito
C00101,Territory,2021,-41646,PF,Nordeste,10.6,0,4,12,714.34,9.0,0,0,0,E-mail,0,revisao_preco_fixo
C08515,Territory,2014,198402,PF,Nordeste,9.1,0,18,28,1325.88,9.0,0,0,0,WhatsApp,0,desconto_pecas
C08529,EcoSport,2017,98891,PF,Sudeste,6.4,0,4,28,580.14,9.0,0,0,0,Ligacao,1,desconto_pecas
C00140,Ranger,2023,16541,PF,Sudeste,4.2,1,3,5,1300.9,,0,0,0,E-mail,0,pacote_revisoes
C09728,Territory,2017,98396,PF,Sudeste,6.9,0,3,8,1055.18,7.0,1,0,0,App FordPass,0,desconto_pecas
C02212,Maverick,2017,68817,PF,Nordeste,21.5,0,3,0,710.88,7.0,0,1,0,E-mail,0,desconto_pecas
C03771,Transit,2023,63887,PJ_Frota,Sudeste,3.9,1,4,9,587.0,7.0,1,0,0,App FordPass,0,plano_frota
C06630,Territory,2015,103224,PF,Sudeste,10.2,0,10,41,1980.38,7.0,0,0,1,WhatsApp,0,revisao_preco_fixo
C06480,Bronco Sport,2019,186044,PF,Centro-Oeste,56.5,0,11,10,1230.01,7.0,1,0,0,WhatsApp,0,desconto_pecas
C03140,EcoSport,2014,150021,PF,Nordeste,18.4,0,10,28,914.87,7.0,0,0,2,Ligacao,1,desconto_pecas
C00551,Ka,2019,178812,PF,Sudeste,8.3,0,12,23,846.08,8.0,1,0,0,App FordPass,0,revisao_preco_fixo
C09411,EcoSport,2017,193506,PF,SUDESTE,8.6,0,8,17,1297.06,7.0,0,0,1,WhatsApp,1,desconto_pecas
C05459,Ka,2019,140234,PF,Sul,27.8,0,7,0,657.84,7.0,0,1,0,E-mail,1,desconto_pecas
C06840,Bronco Sport,2018,172047,PF,Sudeste,8.4,0,4,15,1241.8,,0,0,0,WhatsApp,1,desconto_pecas
C09621,Bronco Sport,2014,295824,PJ_Frota,Nordeste,18.1,0,24,46,1873.75,10.0,0,0,0,E-mail,0,desconto_pecas
C08802,Ka,2021,69415,PF,Sudeste,8.6,0,2,25,568.86,6.0,1,0,0,App FordPass,1,checkup_gratuito
C09772,Bronco Sport,2019,71909,PF,Sul,7.1,0,4,20,1168.81,6.0,1,0,1,App FordPass,0,revisao_preco_fixo
C00781,Mustang,2016,129154,PF,Nordeste,8.8,0,11,10,1564.27,9.0,0,0,0,WhatsApp,1,revisao_preco_fixo
C04390,EcoSport,2021,38353,PF,Nordeste,12.8,0,1,14,351.14,5.0,0,0,2,E-mail,1,revisao_preco_fixo
C08525,Maverick,2021,55367,PF,Sudeste,8.6,0,2,18,593.41,7.0,1,0,1,WhatsApp,0,revisao_preco_fixo
C00658,Territory,2024,21492,PF,Sul,9.0,1,2,1,578.65,7.0,0,0,1,WhatsApp,0,pacote_revisoes
C00873,Ranger,2026,13729,PJ_Frota,Sudeste,7.1,1,1,7,893.48,9.0,1,0,0,E-mail,0,plano_frota
C08965,Ka,2018,178839,PF,Norte,19.7,0,8,2,,6.0,1,0,0,App FordPass,0,desconto_pecas
C06271,EcoSport,2019,107546,PF,Norte,59.6,0,3,14,1170.24,6.0,1,0,0,App FordPass,1,revisao_preco_fixo
C02216,Ka,2014,126958,PF,Sudeste,8.7,0,4,27,743.59,5.0,0,1,0,Ligacao,1,desconto_pecas
C08896,EcoSport,2017,127296,PF,Nordeste,7.3,0,3,15,727.35,6.0,0,0,0,App FordPass,0,desconto_pecas
C05999,Maverick,2026,3543,PF,Sul,9.8,1,0,1,,3.0,1,0,0,App FordPass,1,pacote_revisoes
C00457,Ranger,2019,66533,PF,Sudeste,7.5,0,7,23,2256.71,7.0,1,0,0,E-mail,0,revisao_preco_fixo
C08662,Transit,2025,26111,PJ_Frota,sul,7.2,1,2,8,517.86,,0,0,1,E-mail,0,plano_frota
C03747,Maverick,2014,148562,PF,Sul,11.7,0,8,17,968.84,7.0,0,1,1,WhatsApp,0,checkup_gratuito
C02574,Ranger,2024,118217,PF,Nordeste,9.7,1,11,8,,7.0,1,0,1,E-mail,0,pacote_revisoes
C06952,Ka,2020,98257,PF,norte,46.4,0,7,5,844.21,10.0,0,0,0,E-mail,0,revisao_preco_fixo
C01885,EcoSport,2014,151706,PF,Sudeste,11.7,0,9,37,886.76,7.0,0,0,0,WhatsApp,0,desconto_pecas
C03504,Bronco Sport,2023,37298,PF,Sudeste,4.9,1,2,1,632.22,10.0,1,0,0,E-mail,0,pacote_revisoes
C00466,Territory,2025,17793,PF,Sudeste,5.3,1,1,4,853.03,7.0,1,0,0,App FordPass,0,pacote_revisoes
C05765,Ranger,2021,125693,PJ_Frota,Sudeste,,0,6,23,1111.68,7.0,1,0,0,WhatsApp,1,plano_frota
C06312,Transit,2024,72463,PJ_Frota,Centro-Oeste,42.6,1,6,2,1145.88,10.0,1,0,1,App FordPass,0,plano_frota
C01071,Territory,2014,117851,PF,Sudeste,4.1,0,2,42,1633.55,5.0,0,0,2,WhatsApp,1,checkup_gratuito
C06996,Bronco Sport,2017,118078,PF,Norte,49.6,0,4,42,1694.93,6.0,0,0,1,Ligacao,1,checkup_gratuito
C03762,Ka,2015,107282,PF,Sudeste,13.4,0,11,36,631.67,7.0,0,0,1,WhatsApp,1,desconto_pecas
C05283,Ranger,2025,29975,PJ_Frota,Centro-Oeste,57.2,1,2,1,909.32,9.0,0,0,0,,0,plano_frota
C04415,Bronco Sport,2016,236539,PF,Sul,8.5,0,17,60,1040.3,7.0,0,0,2,E-mail,1,desconto_pecas
C00339,Transit,2022,115384,PJ_Frota,Nordeste,11.9,0,8,7,970.59,,1,0,1,App FordPass,1,plano_frota
C01878,Ranger,2026,4865,PF,Sudeste,14.5,1,0,10,759.01,4.0,1,0,1,WhatsApp,0,pacote_revisoes
C02555,Territory,2024,26126,PF,Sudeste,4.2,1,1,2,610.33,,0,0,0,WhatsApp,0,pacote_revisoes
C07277,Territory,2016,98976,PF,Sudeste,6.0,0,5,30,1005.18,5.0,0,0,0,WhatsApp,1,checkup_gratuito
C00076,EcoSport,2014,166393,PF,Sul,20.5,0,9,15,1135.15,9.0,0,0,0,App FordPass,0,desconto_pecas
C05112,Bronco Sport,2014,155588,PF,Norte,37.9,0,7,3,668.42,4.0,0,0,0,WhatsApp,1,desconto_pecas
C01916,Territory,2021,54757,PF,Nordeste,33.2,0,2,3,,9.0,0,0,0,WhatsApp,0,revisao_preco_fixo
C09906,Ranger,2024,16102,PF,Nordeste,9.0,1,1,6,1529.96,8.0,1,0,0,WhatsApp,0,checkup_gratuito
C09108,Maverick,2026,10715,PJ_Frota,Centro-Oeste,18.7,1,0,1,639.28,7.0,1,0,1,WhatsApp,0,pacote_revisoes
C00502,Transit,2024,61993,PJ_Frota,Sudeste,5.2,1,6,14,756.97,3.0,0,0,0,WhatsApp,0,pacote_revisoes
C09412,EcoSport,2018,163891,PF,Sudeste,10.0,0,7,4,743.68,,0,0,0,WhatsApp,1,desconto_pecas
C06818,Ka,2016,135442,PF,norte,43.1,0,2,60,893.23,4.0,1,0,1,,1,checkup_gratuito
C09297,Transit,2025,53814,PJ_Frota,Sul,36.6,1,4,2,614.37,8.0,0,0,0,E-mail,0,plano_frota
C02178,EcoSport,2014,106952,PF,Sudeste,5.9,0,10,3,609.7,6.0,0,0,0,WhatsApp,0,desconto_pecas
C05943,Maverick,2020,59973,PF,Nordeste,37.8,0,1,6,987.81,7.0,1,0,1,E-mail,0,pacote_revisoes
C09839,Transit,2014,276786,PJ_Frota,Sudeste,11.7,0,22,37,1226.03,7.0,0,0,1,App FordPass,0,plano_frota
C07853,Ranger,2020,154854,PJ_Frota,SUDESTE,6.3,0,8,22,1667.44,6.0,1,0,2,App FordPass,1,plano_frota
C06269,Ka,2014,160268,PF,Centro-Oeste,22.6,0,8,29,1245.92,9.0,0,0,0,WhatsApp,0,desconto_pecas
C06416,Ranger,2025,11569,PF,Sul,20.9,1,1,7,1257.9,5.0,1,0,0,,0,checkup_gratuito
C02347,Maverick,2017,188150,PF,Sudeste,6.6,0,9,15,1761.1,5.0,0,0,0,WhatsApp,1,desconto_pecas
C08765,Ranger,2015,-289539,PJ_Frota,Sul,5.3,0,16,8,1721.33,,0,0,0,E-mail,0,desconto_pecas
C05417,Transit,2025,15988,PJ_Frota,Centro-Oeste,55.7,1,1,0,441.04,,0,0,0,WhatsApp,0,plano_frota
C06597,EcoSport,2018,148482,PF,Sudeste,26.6,0,2,14,463.97,5.0,0,0,0,E-mail,0,checkup_gratuito
C03612,Territory,2017,131826,PF,Nordeste,18.1,0,4,16,943.56,,0,0,1,WhatsApp,0,checkup_gratuito
C05244,Ranger,2026,8958,PJ_Frota,Centro-Oeste,31.7,1,0,1,1487.86,8.0,1,0,0,App FordPass,0,plano_frota
C00575,Ranger,2020,299708,PJ_Frota,Nordeste,44.9,0,5,20,783.36,4.0,1,1,1,App FordPass,1,plano_frota
C01037,Ranger,2016,155109,PF,Sul,27.2,0,11,35,1953.39,10.0,0,0,0,WhatsApp,0,desconto_pecas
C04530,Bronco Sport,2014,119672,PF,Sudeste,23.0,0,5,8,1198.01,9.0,1,0,0,App FordPass,0,desconto_pecas
C01680,Bronco Sport,2016,193697,PF,Sudeste,6.4,0,9,9,1020.71,6.0,0,0,0,E-mail,0,desconto_pecas
C03083,Maverick,2021,138637,PF,Nordeste,8.3,0,5,0,1159.53,9.0,0,0,0,WhatsApp,0,revisao_preco_fixo
C03348,Bronco Sport,2022,56591,PF,Nordeste,34.7,0,3,35,1755.61,7.0,0,0,0,E-mail,1,revisao_preco_fixo
C04043,Transit,2024,61379,PJ_Frota,Centro-Oeste,,1,2,2,964.11,5.0,1,0,0,App FordPass,0,plano_frota
C06410,Ka,2017,131850,PF,Sudeste,16.0,0,3,6,336.65,6.0,0,0,1,,1,desconto_pecas
C01269,Ranger,2019,102387,PF,Sudeste,8.5,0,9,21,1562.76,9.0,0,0,0,App FordPass,1,revisao_preco_fixo
C07018,Ka,2019,78850,PF,Nordeste,8.6,0,4,29,702.53,10.0,0,0,0,WhatsApp,1,revisao_preco_fixo
C05880,EcoSport,2016,136451,PF,Sudeste,15.0,0,3,23,1099.4,7.0,0,0,0,WhatsApp,1,revisao_preco_fixo
C03163,Bronco Sport,2019,135680,PF,Sudeste,8.2,0,5,1,1107.11,,1,0,1,App FordPass,0,desconto_pecas
C03380,EcoSport,2017,100761,PF,Sudeste,7.5,0,2,38,818.72,7.0,0,0,1,E-mail,1,revisao_preco_fixo
C00804,Ka,2020,51034,PF,Sul,18.3,0,3,25,573.76,7.0,0,0,1,App FordPass,1,revisao_preco_fixo
C01275,EcoSport,2019,106549,PF,Sudeste,4.9,0,3,60,860.49,6.0,1,0,0,WhatsApp,1,revisao_preco_fixo
C04431,Mustang,2019,68739,PF,Nordeste,11.9,0,4,41,1735.36,9.0,0,0,0,WhatsApp,0,revisao_preco_fixo
C08848,Maverick,2017,90763,PF,Norte,39.9,0,5,20,1039.09,7.0,0,0,0,WhatsApp,0,desconto_pecas
C02548,EcoSport,2015,82332,PF,Sudeste,6.5,0,3,34,1101.64,9.0,0,0,0,E-mail,1,revisao_preco_fixo
C05418,Ka,2014,139616,PF,Sudeste,9.6,0,5,22,515.66,7.0,0,0,0,WhatsApp,0,desconto_pecas
C08428,Transit,2015,176112,PF,Sul,9.0,0,4,5,892.04,,0,0,1,E-mail,1,desconto_pecas
C08318,EcoSport,2021,51637,PF,SUDESTE,,0,4,4,1048.71,7.0,1,0,0,WhatsApp,0,revisao_preco_fixo
C09737,Ka,2019,52546,PF,Norte,39.0,0,6,46,,6.0,1,0,0,App FordPass,1,checkup_gratuito
C00603,Bronco Sport,2023,42083,PF,Nordeste,28.6,1,2,10,676.26,7.0,1,0,0,App FordPass,0,pacote_revisoes
C06676,Ranger,2016,349486,PJ_Frota,Centro Oeste,,0,18,6,1577.67,,0,0,1,E-mail,1,desconto_pecas
C07966,Ranger,2019,148032,PJ_Frota,Norte,36.1,0,3,39,1861.2,8.0,0,0,0,E-mail,1,revisao_preco_fixo
C06743,Ka,2015,220436,PF,Nordeste,18.9,0,16,14,777.51,,1,0,1,App FordPass,0,desconto_pecas
C01954,Mustang,2023,40913,PF,Centro-Oeste,28.8,1,3,27,833.02,6.0,1,0,0,WhatsApp,0,pacote_revisoes
C04780,EcoSport,2021,78844,PF,Sul,28.2,0,2,33,771.67,5.0,0,0,1,E-mail,1,checkup_gratuito
C08963,Ranger,2022,57349,PF,Sudeste,11.2,0,3,10,,7.0,1,0,0,WhatsApp,0,revisao_preco_fixo
C08961,Ranger,2019,68351,PF,Sudeste,13.7,0,6,32,812.96,9.0,0,0,0,E-mail,0,revisao_preco_fixo
C09273,Territory,2016,58990,PF,Sudeste,9.6,0,6,44,,4.0,0,0,0,WhatsApp,1,checkup_gratuito
C07381,Ranger,2020,77832,PF,Sul,3.0,0,7,11,1303.7,,0,1,0,E-mail,0,revisao_preco_fixo
C01597,Ka,2019,105790,PF,Sul,42.0,0,0,10,570.51,8.0,0,0,0,WhatsApp,0,plano_frota
C00574,Maverick,2017,108188,PF,Centro-Oeste,43.1,0,4,3,522.48,7.0,0,0,1,WhatsApp,0,desconto_pecas
C01026,Transit,2019,61538,PF,Sudeste,21.4,0,0,4,1322.34,6.0,0,0,0,WhatsApp,0,revisao_preco_fixo
C08891,Bronco Sport,2022,33568,PF,Nordeste,24.0,0,3,2,1044.39,9.0,1,0,0,E-mail,1,revisao_preco_fixo
C07231,EcoSport,2021,98497,PF,Centro-Oeste,26.6,0,2,3,684.63,8.0,1,0,0,WhatsApp,1,checkup_gratuito
C02421,Ka,2016,198538,PF,Sudeste,15.7,0,5,6,549.43,4.0,0,0,0,WhatsApp,0,desconto_pecas
C02316,Ka,2016,85828,PF,Centro-Oeste,26.9,0,3,2,477.95,6.0,0,0,1,WhatsApp,1,desconto_pecas
C03113,Territory,2023,30090,PF,Sudeste,6.1,1,2,6,744.96,8.0,0,0,0,WhatsApp,0,pacote_revisoes
C00770,EcoSport,2018,94782,PF,Sudeste,10.4,0,4,11,1703.7,7.0,1,0,0,App FordPass,1,revisao_preco_fixo
C05920,Ranger,2022,54536,PF,Sudeste,8.8,0,2,5,846.86,7.0,1,0,1,Ligacao,0,checkup_gratuito
C09743,Territory,2022,50451,PF,Sudeste,3.8,0,2,10,914.21,10.0,0,0,0,E-mail,0,desconto_pecas
C05040,EcoSport,2014,146044,PF,Sudeste,5.4,0,5,60,1053.49,7.0,0,0,0,WhatsApp,1,checkup_gratuito
C01004,Territory,2020,77098,PF,Nordeste,20.8,0,1,12,575.0,8.0,0,0,1,Ligacao,1,revisao_preco_fixo
C00914,Transit,2019,276931,PJ_Frota,Norte,31.7,0,7,16,722.78,8.0,0,0,0,,1,revisao_preco_fixo
C07959,Transit,2024,83518,PJ_Frota,Nordeste,20.4,1,6,4,963.38,7.0,0,1,0,Ligacao,0,plano_frota
C02907,Ka,2021,74125,PF,Nordeste,15.5,0,3,5,473.24,,0,0,0,E-mail,0,revisao_preco_fixo
C08176,Territory,2026,4843,PF,Sudeste,1.6,1,0,9,743.82,8.0,1,0,0,WhatsApp,1,pacote_revisoes
C03151,Territory,2025,25931,PF,Nordeste,11.7,1,2,1,968.6,7.0,1,0,0,WhatsApp,0,pacote_revisoes
C08401,Ka,2017,165991,PF,Sudeste,4.9,0,13,4,772.7,10.0,0,0,0,WhatsApp,0,desconto_pecas
C03670,EcoSport,2014,181327,PF,Centro-Oeste,37.7,0,12,8,899.21,8.0,0,0,1,WhatsApp,1,desconto_pecas
C02821,Territory,2021,66250,PF,Sudeste,5.4,0,2,12,921.11,,0,0,0,WhatsApp,0,desconto_pecas
C07807,EcoSport,2014,152400,PF,Centro-Oeste,11.3,0,8,28,985.9,8.0,0,0,0,Ligacao,0,desconto_pecas
C04659,Ka,2020,94153,PF,Sudeste,3.0,0,6,12,374.45,6.0,0,1,0,WhatsApp,0,desconto_pecas
C07363,Maverick,2014,232523,PF,Sudeste,5.9,0,12,16,41009.0,7.0,0,0,0,WhatsApp,0,desconto_pecas
C03851,EcoSport,2020,81922,PF,Sul,22.0,0,6,0,901.11,7.0,0,0,0,App FordPass,0,revisao_preco_fixo
C05552,EcoSport,2020,69644,PF,Sul,16.9,0,4,38,508.32,7.0,1,0,0,WhatsApp,1,checkup_gratuito
C08333,Territory,2024,23420,PF,norte,17.4,1,1,7,1409.09,8.0,0,1,0,Ligacao,0,pacote_revisoes
C01025,EcoSport,2021,58979,PF,Nordeste,11.6,0,2,3,1036.01,,1,0,1,WhatsApp,0,revisao_preco_fixo
C02071,Ranger,2016,226826,PJ_Frota,Sudeste,5.4,0,8,50,,7.0,0,0,0,Ligacao,0,checkup_gratuito
C04299,Territory,2025,14104,PF,Sul,3.3,1,1,8,925.27,5.0,0,0,0,WhatsApp,0,checkup_gratuito
C08340,Ka,2019,101787,PF,Sudeste,8.2,0,6,17,829.51,10.0,1,0,0,App FordPass,0,desconto_pecas
C01479,Ranger,2018,260702,PJ_Frota,Centro-Oeste,65.8,0,9,22,1505.37,10.0,0,0,1,WhatsApp,1,desconto_pecas
C08625,Ka,2017,138630,PF,Sudeste,18.5,0,8,33,482.35,8.0,0,0,1,WhatsApp,1,desconto_pecas
C05484,Mustang,2017,232617,PJ_Frota,Sudeste,4.5,0,2,6,1283.37,5.0,0,0,0,Ligacao,1,plano_frota
C04005,Ka,2017,56950,PF,Centro-Oeste,12.9,0,6,60,1065.99,10.0,0,1,0,App FordPass,0,checkup_gratuito
C05866,Maverick,2021,73382,PF,Sul,7.7,0,5,8,947.63,9.0,1,0,0,WhatsApp,1,revisao_preco_fixo
C02990,Maverick,2026,4550,PF,Sul,32.0,1,0,11,898.08,,0,0,0,WhatsApp,0,pacote_revisoes
C00868,Ka,2018,112874,PF,Nordeste,19.4,0,5,11,889.19,9.0,0,1,1,WhatsApp,1,revisao_preco_fixo
C07271,Mustang,2023,56573,PF,Sul,21.0,1,3,2,2217.47,5.0,0,0,1,WhatsApp,0,checkup_gratuito
C01320,Ranger,2025,23231,PF,Sudeste,6.0,1,1,1,1349.89,8.0,1,0,0,App FordPass,0,revisao_preco_fixo
C02326,EcoSport,2021,167586,PF,Sul,9.7,0,6,3,712.31,8.0,1,0,1,App FordPass,1,desconto_pecas
C09915,EcoSport,2019,73850,PF,Centro-Oeste,16.9,0,3,60,623.84,6.0,0,0,0,E-mail,1,checkup_gratuito
C03567,Ranger,2022,46700,PF,Sudeste,,0,0,2,1262.34,8.0,1,0,1,WhatsApp,0,revisao_preco_fixo
C06756,Maverick,2015,153961,PF,Sudeste,7.4,0,9,28,1292.04,9.0,1,1,0,WhatsApp,1,desconto_pecas
C01413,Transit,2019,195040,PJ_Frota,Sul,5.5,0,10,4,1208.56,6.0,0,0,0,,0,plano_frota
C08215,Ka,2019,128232,PF,Centro-Oeste,46.2,0,8,4,556.75,10.0,0,0,0,WhatsApp,0,desconto_pecas
C02600,Ranger,2025,8102,PF,Nordeste,15.4,1,0,10,838.0,9.0,0,0,0,App FordPass,0,pacote_revisoes
C02525,Ka,2016,93793,PF,Sudeste,16.1,0,4,35,1239.81,6.0,0,0,0,WhatsApp,1,revisao_preco_fixo
C05222,Ka,2016,98694,PF,Nordeste ,16.5,0,5,31,665.31,,0,0,0,App FordPass,1,desconto_pecas
C08188,Territory,2022,49211,PF,Sul,12.7,0,0,1,877.73,8.0,0,0,1,App FordPass,0,revisao_preco_fixo
C06320,EcoSport,2020,110250,PF,Centro-Oeste,24.4,0,7,9,1148.52,7.0,1,0,2,WhatsApp,1,revisao_preco_fixo
C09991,EcoSport,2021,69854,PF,Sudeste,9.3,0,3,16,499.91,10.0,0,0,0,WhatsApp,1,revisao_preco_fixo
C00697,Territory,2019,75719,PF,Nordeste,29.1,0,3,6,643.89,8.0,0,0,0,WhatsApp,0,revisao_preco_fixo
C03120,Ka,2018,106053,PF,Sudeste,,0,3,12,,7.0,0,0,1,WhatsApp,1,checkup_gratuito
C09762,Bronco Sport,2017,58987,PF,Sul,5.0,0,3,27,668.83,6.0,1,1,0,App FordPass,1,checkup_gratuito
C02500,Ka,2019,150956,PF,Nordeste,12.4,0,3,41,663.33,7.0,0,0,0,Ligacao,1,checkup_gratuito
C09056,Territory,2021,80736,PF,Sul,11.5,0,2,2,1296.21,7.0,0,0,0,Ligacao,0,revisao_preco_fixo
C08332,Ka,2014,114865,PF,Sudeste,2.4,0,6,60,846.0,5.0,0,0,1,WhatsApp,1,checkup_gratuito
C06329,EcoSport,2020,102803,PF,Sudeste,11.8,0,6,11,510.19,7.0,1,0,2,App FordPass,0,revisao_preco_fixo
C07427,Ka,2019,108378,PF,Sudeste,5.3,0,5,52,744.27,8.0,0,0,0,,1,checkup_gratuito
C04412,Bronco Sport,2016,107946,PF,Sudeste,25.2,0,5,3,1735.67,,0,0,1,E-mail,0,desconto_pecas
C03437,EcoSport,2018,128903,PF,Sudeste,10.1,0,2,3,898.49,7.0,0,1,0,Ligacao,0,desconto_pecas
C03601,Ka,2020,200536,PF,Sudeste,12.7,0,3,23,798.42,7.0,0,0,0,WhatsApp,1,revisao_preco_fixo
C02020,Territory,2014,401144,PJ_Frota,Sudeste,4.0,0,23,43,2250.19,9.0,0,0,0,E-mail,0,desconto_pecas
C06899,Transit,2019,90680,PF,Sudeste,7.1,0,7,8,785.77,10.0,0,0,0,WhatsApp,0,desconto_pecas
C08161,Ranger,2015,133012,PF,Nordeste,13.2,0,7,38,1215.06,8.0,0,0,0,WhatsApp,1,checkup_gratuito
C07484,EcoSport,2018,128932,PF,Norte,35.0,0,1,16,1313.78,7.0,0,0,0,WhatsApp,1,desconto_pecas
C05183,Territory,2020,72543,PF,Nordeste,10.2,0,3,3,1698.82,,1,0,0,WhatsApp,0,revisao_preco_fixo
C09822,Ranger,2014,167642,PF,Sudeste,9.7,0,8,60,1281.96,8.0,0,0,0,WhatsApp,0,desconto_pecas
C06876,Ka,2015,156434,PF,Nordeste,12.4,0,3,24,594.21,5.0,0,0,0,WhatsApp,1,desconto_pecas
C07250,Ranger,2018,68413,PF,Nordeste,13.3,0,0,60,1910.98,5.0,0,0,1,E-mail,1,checkup_gratuito
C06719,Ranger,2014,79064,PF,Sudeste,2.4,0,10,14,1095.76,10.0,1,0,0,App FordPass,0,desconto_pecas
C09815,Ka,2015,108380,PF,Sudeste,6.0,0,5,38,798.65,,0,0,1,App FordPass,1,checkup_gratuito
C06278,Bronco Sport,2021,82652,PF,Nordeste,,0,2,36,955.43,10.0,0,0,2,App FordPass,1,revisao_preco_fixo
C00789,Territory,2016,150754,PF,Sudeste,10.8,0,8,60,963.25,9.0,0,0,1,WhatsApp,1,checkup_gratuito
C02855,Transit,2019,178658,PJ_Frota,Nordeste,12.6,0,9,9,1505.69,8.0,0,0,0,WhatsApp,1,desconto_pecas
C08322,Ka,2017,259323,PJ_Frota,Centro-Oeste,16.9,0,10,13,666.91,5.0,1,0,1,WhatsApp,0,plano_frota
C09418,Ranger,2019,180667,PF,Sudeste,12.8,0,13,16,974.32,7.0,0,1,0,App FordPass,0,revisao_preco_fixo
C02638,Maverick,2018,87233,PF,Sul,4.7,0,2,6,825.26,10.0,1,0,0,App FordPass,1,desconto_pecas
C09767,Territory,2016,114403,PF,Sudeste,2.7,0,6,35,972.1,7.0,0,0,0,WhatsApp,0,revisao_preco_fixo
C09878,Ka,2020,77645,PF,Sudeste,7.3,0,1,17,393.09,,0,0,0,Ligacao,1,revisao_preco_fixo
C03870,Ranger,2020,81574,PF,Sudeste,7.7,0,1,35,1238.72,6.0,0,0,0,App FordPass,1,revisao_preco_fixo
C04027,Territory,2017,146719,PF,Nordeste,15.7,0,8,15,656.48,,0,0,0,WhatsApp,0,desconto_pecas
C00974,EcoSport,2014,176264,PF,Nordeste,38.2,0,10,28,620.28,8.0,0,0,0,WhatsApp,0,revisao_preco_fixo
C01626,Ranger,2014,177689,PF,Sudeste,14.4,0,14,8,1606.95,8.0,0,0,0,WhatsApp,0,desconto_pecas
C03460,Ranger,2015,188507,PF,Sudeste,4.5,0,13,45,,10.0,0,0,0,WhatsApp,1,desconto_pecas
C01283,Territory,2014,144307,PF,Sudeste,7.2,0,8,60,1406.4,8.0,1,0,0,App FordPass,1,checkup_gratuito
C03975,EcoSport,2017,42355,PF,Centro-Oeste,19.4,0,6,21,1163.86,10.0,0,0,0,WhatsApp,1,checkup_gratuito
C06780,Ranger,2015,71501,PF,Nordeste,17.9,0,11,42,1573.08,4.0,0,0,0,E-mail,1,desconto_pecas
C06680,Territory,2020,38623,PF,Sudeste,7.4,0,3,46,842.8,6.0,1,0,1,WhatsApp,1,checkup_gratuito
C05213,Mustang,2018,91104,PF,Nordeste,21.3,0,4,16,,8.0,0,0,0,E-mail,1,revisao_preco_fixo
C06667,Ranger,2022,52838,PF,Nordeste,12.6,0,0,6,1065.14,7.0,1,0,0,App FordPass,0,desconto_pecas
C08783,EcoSport,2018,101277,PF,Sudeste,30.9,0,0,44,784.24,5.0,0,1,0,WhatsApp,1,checkup_gratuito
C06459,Bronco Sport,2014,106029,PF,Sudeste,5.6,0,8,29,,10.0,0,0,0,App FordPass,0,desconto_pecas
C04218,Transit,2024,64455,PJ_Frota,Nordeste,14.9,1,4,3,777.99,8.0,1,0,0,WhatsApp,0,plano_frota
C08062,Ranger,2019,176898,PJ_Frota,Centro-Oeste,12.1,0,5,41,1202.76,6.0,0,0,1,WhatsApp,1,revisao_preco_fixo
C02782,Territory,2014,274882,PF,Sul,11.2,0,9,60,698.71,6.0,0,0,0,WhatsApp,1,checkup_gratuito
C01130,Transit,2018,92410,PF,Sudeste,7.9,0,7,24,1083.03,6.0,0,1,0,WhatsApp,0,checkup_gratuito
C03564,Transit,2026,2943,PF,Nordeste,25.0,1,0,10,1184.85,8.0,1,0,0,App FordPass,0,pacote_revisoes
C07283,Ka,2015,258389,PF,Sudeste,11.4,0,20,20,509.07,4.0,0,0,1,E-mail,0,desconto_pecas
C08626,EcoSport,2019,101622,PF,Sudeste,,0,0,3,1354.79,7.0,0,0,0,E-mail,1,revisao_preco_fixo
C03791,EcoSport,2021,175945,PJ_Frota,Centro-Oeste,26.9,0,6,12,558.88,6.0,0,0,0,Ligacao,0,revisao_preco_fixo
C06394,Territory,2031,213009,PF,SUDESTE,8.3,0,16,20,1006.97,6.0,1,0,1,App FordPass,0,desconto_pecas
C03095,Ka,2020,71356,PF,Sul,6.2,0,3,28,,7.0,0,0,1,WhatsApp,1,checkup_gratuito
C07191,EcoSport,2018,54293,PF,Sul,14.9,0,3,0,895.25,7.0,0,0,0,App FordPass,1,revisao_preco_fixo
C09671,Transit,2021,97142,PJ_Frota,Sudeste,5.6,0,6,11,803.21,6.0,1,0,0,WhatsApp,0,checkup_gratuito
C09884,EcoSport,2020,75810,PF,Sudeste,4.6,0,7,2,654.8,6.0,0,0,0,App FordPass,0,revisao_preco_fixo
C03920,EcoSport,2014,149604,PF,Nordeste,19.0,0,11,9,761.0,9.0,1,0,0,App FordPass,0,desconto_pecas
C02009,Territory,2023,45629,PF,Sul,9.3,1,1,0,1287.84,10.0,0,0,0,App FordPass,0,pacote_revisoes
C04833,Bronco Sport,2017,98557,PF,Sudeste,5.9,0,6,60,1503.97,6.0,0,0,0,WhatsApp,1,revisao_preco_fixo
C03219,EcoSport,2020,126294,PF,Sul,17.8,0,7,10,524.06,8.0,1,0,1,App FordPass,0,desconto_pecas
C09811,Ranger,2024,25914,PF,Norte,34.8,1,2,10,683.55,,1,0,0,Ligacao,0,pacote_revisoes
C05911,Ka,2016,286919,PF,Nordeste,10.9,0,18,39,844.55,8.0,0,0,1,WhatsApp,0,desconto_pecas
C08427,EcoSport,2015,117885,PF,Norte,32.5,0,4,60,1159.71,,0,0,0,App FordPass,1,checkup_gratuito
C00452,Bronco Sport,2017,93635,PF,Nordeste,6.3,0,3,4,1208.32,7.0,0,0,0,App FordPass,1,desconto_pecas
C00441,Ka,2015,168390,PF,Sudeste,8.3,0,13,8,557.34,,0,0,0,WhatsApp,0,revisao_preco_fixo
C00614,EcoSport,2016,117572,PF,Sul,9.2,0,7,49,455.33,,0,0,1,WhatsApp,0,desconto_pecas
C09785,Territory,2018,99271,PF,SUDESTE,5.3,0,6,15,681.48,8.0,0,0,0,App FordPass,0,pacote_revisoes
C09436,EcoSport,2014,256651,PF,Nordeste,8.1,0,18,39,862.67,6.0,0,0,1,E-mail,1,desconto_pecas
C04731,Mustang,2016,71017,PF,Sudeste,7.2,0,1,1,2901.42,6.0,0,0,0,Ligacao,1,revisao_preco_fixo
C05695,EcoSport,2016,74146,PF,Nordeste,16.0,0,1,36,723.23,,0,0,1,WhatsApp,1,checkup_gratuito
C02733,EcoSport,2015,104269,PF,Centro-Oeste,79.0,0,0,44,686.74,,0,0,0,App FordPass,1,checkup_gratuito
C00428,Ka,2015,101661,PF,Sudeste,10.5,0,3,57,1152.61,7.0,0,0,0,E-mail,1,checkup_gratuito
C04647,EcoSport,2021,143685,PF,Centro-Oeste,44.3,0,0,60,,7.0,0,0,1,Ligacao,1,checkup_gratuito
C02173,Ka,2015,307367,PJ_Frota,Sul,8.1,0,12,0,527.65,7.0,0,0,0,WhatsApp,0,desconto_pecas
C09285,Ka,2018,94439,PF,Centro-Oeste,16.8,0,4,26,506.39,6.0,0,0,1,WhatsApp,1,checkup_gratuito
C02429,Bronco Sport,2022,62016,PF,Sul,8.7,0,4,12,987.39,8.0,1,0,0,App FordPass,0,revisao_preco_fixo
C06562,Ka,2014,136440,PF,Sudeste,5.5,0,2,1,538.83,7.0,0,0,0,WhatsApp,0,desconto_pecas
C08102,Bronco Sport,2014,166762,PF,Sudeste,8.6,0,13,1,1503.93,7.0,0,0,0,App FordPass,0,desconto_pecas
C01634,Transit,2016,456037,PJ_Frota,Sul,8.3,0,28,19,971.99,,0,0,0,WhatsApp,0,desconto_pecas
C01179,EcoSport,2019,101591,PF,Sul,12.3,0,7,11,580.04,7.0,1,0,0,Ligacao,0,desconto_pecas
C00639,Maverick,2023,25628,PF,Sudeste,3.5,1,3,7,748.12,6.0,1,0,0,WhatsApp,0,pacote_revisoes
C01949,Transit,2017,62646,PF,Sudeste,7.5,0,3,4,1913.23,5.0,1,0,1,,0,revisao_preco_fixo
C05061,Ka,2021,45964,PF,norte,31.5,0,3,4,1056.78,9.0,0,0,1,,0,revisao_preco_fixo
C02239,Ranger,2021,318336,PJ_Frota,Nordeste,4.2,0,20,2,1107.64,9.0,0,0,1,WhatsApp,0,desconto_pecas
C01127,Territory,2020,79760,PF,Sudeste,10.0,0,5,27,,8.0,1,0,0,App FordPass,1,revisao_preco_fixo
C01767,Ka,2016,77744,PF,Nordeste,10.5,0,5,16,,9.0,0,1,0,App FordPass,1,desconto_pecas
C02637,EcoSport,2014,116781,PF,Nordeste,10.3,0,6,41,610.96,3.0,0,0,1,Ligacao,1,checkup_gratuito
C09540,Transit,2026,3833,PF,Sudeste,21.9,1,0,1,970.65,7.0,1,0,0,WhatsApp,0,pacote_revisoes
C07561,EcoSport,2015,174424,PF,Centro Oeste,32.4,0,5,45,564.66,7.0,0,0,0,WhatsApp,1,checkup_gratuito
C06485,Mustang,2017,213333,PJ_Frota,Norte,33.0,0,5,60,1738.13,,0,0,0,WhatsApp,1,checkup_gratuito
C05363,Mustang,2026,4600,PF,Centro-Oeste,,1,0,2,1732.65,8.0,1,1,0,WhatsApp,0,pacote_revisoes
C07315,Ka,2018,145157,PF,Centro-Oeste,12.4,0,9,48,933.04,7.0,0,0,0,App FordPass,1,checkup_gratuito
C01459,Ranger,2019,214112,PJ_Frota,Sudeste,2.9,0,11,18,1587.57,,0,0,0,App FordPass,0,desconto_pecas
C00964,Transit,2026,4977,PF,Sul,4.0,1,0,2,683.78,6.0,1,0,0,Ligacao,0,pacote_revisoes
C00362,Ka,2020,74471,PF,Sudeste,19.4,0,4,23,368.94,,0,0,1,WhatsApp,0,desconto_pecas
C09722,Ranger,2018,162661,PJ_Frota,Sudeste,4.7,0,13,4,922.59,5.0,0,0,1,WhatsApp,0,desconto_pecas
C00206,Ka,2020,71021,PF,Sul,24.7,0,4,5,377.99,,1,0,2,WhatsApp,1,revisao_preco_fixo
C00343,Territory,2025,14656,PF,Norte,16.5,1,1,4,592.11,7.0,1,0,0,App FordPass,0,pacote_revisoes
C09708,Maverick,2023,50633,PF,Sudeste,19.3,1,1,3,903.02,5.0,1,0,0,App FordPass,0,pacote_revisoes
C03772,Territory,2016,96460,PF,Nordeste ,10.5,0,5,60,1324.11,4.0,0,0,2,WhatsApp,1,checkup_gratuito
C01704,Ranger,2014,471072,PJ_Frota,Sudeste,9.2,0,24,51,1554.21,6.0,0,0,0,WhatsApp,1,desconto_pecas
C04634,Territory,2021,40486,PF,Sudeste,6.1,0,4,33,917.39,,1,0,1,E-mail,0,revisao_preco_fixo
C03082,Territory,2020,70278,PF,Sudeste,5.5,0,6,3,,6.0,0,0,0,WhatsApp,0,desconto_pecas
C05481,Ka,2014,422626,PJ_Frota,Sudeste,5.1,0,14,60,759.99,6.0,0,0,0,Ligacao,1,desconto_pecas
C06652,Territory,2022,299998,PF,Centro-Oeste,13.9,0,21,9,1183.06,8.0,0,0,0,WhatsApp,0,revisao_preco_fixo
C06009,Maverick,2026,3500,PF,Nordeste,11.3,1,0,8,866.79,10.0,0,0,0,E-mail,1,pacote_revisoes
C08230,EcoSport,2019,86276,PF,Sudeste,11.1,0,4,15,766.33,9.0,0,0,1,,0,revisao_preco_fixo
C06495,Ka,2021,57172,PF,Sudeste,22.1,0,3,7,633.21,8.0,0,0,0,E-mail,0,revisao_preco_fixo
C01284,Transit,2018,149111,PF,Centro-Oeste,24.4,0,9,9,740.16,6.0,0,0,0,Ligacao,0,desconto_pecas
C08903,EcoSport,2021,99576,PF,Centro-Oeste,61.6,0,2,11,1028.06,4.0,0,0,1,WhatsApp,0,desconto_pecas
C06393,Ka,2016,86592,PF,Norte,35.5,0,2,25,606.42,6.0,0,0,0,WhatsApp,1,checkup_gratuito
C01072,Ranger,2016,170667,PF,Centro-Oeste,38.8,0,9,60,947.49,7.0,1,0,0,App FordPass,0,revisao_preco_fixo
C05056,Ranger,2017,96091,PF,Centro-Oeste,67.6,0,3,34,1428.4,9.0,0,0,1,WhatsApp,1,revisao_preco_fixo
C06162,EcoSport,2015,120848,PF,Nordeste,15.7,0,8,36,737.53,10.0,0,0,0,E-mail,1,desconto_pecas
C00326,Maverick,2019,66529,PF,Sudeste,10.4,0,5,7,1114.9,9.0,0,0,0,App FordPass,0,revisao_preco_fixo
C07340,Ranger,2017,83370,PF,Sul,18.2,0,2,29,866.41,9.0,0,0,0,Ligacao,0,plano_frota
C08921,Bronco Sport,2022,35862,PF,Sudeste,10.0,0,0,11,1046.83,7.0,1,0,0,E-mail,1,revisao_preco_fixo
C04056,EcoSport,2014,193727,PF,Sul,7.4,0,8,12,1063.87,9.0,0,0,0,WhatsApp,1,desconto_pecas
C00884,Ka,2018,98118,PF,Centro-Oeste,10.4,0,4,42,692.76,7.0,1,0,0,WhatsApp,1,checkup_gratuito
C02921,Ka,2016,246808,PF,Norte,36.9,0,8,17,936.14,7.0,0,0,0,WhatsApp,1,desconto_pecas
C01066,Ranger,2014,568726,PJ_Frota,Centro Oeste,33.2,0,26,10,1212.24,7.0,0,0,0,App FordPass,0,desconto_pecas
C08471,Maverick,2019,108170,PF,Nordeste,48.4,0,0,60,775.32,8.0,0,0,0,WhatsApp,1,checkup_gratuito
C05902,Ka,2014,100502,PF,Centro-Oeste,46.2,0,2,17,734.49,6.0,0,0,0,App FordPass,1,desconto_pecas
C01971,Transit,2015,577325,PJ_Frota,Sudeste,12.0,0,21,28,809.78,7.0,0,0,0,WhatsApp,1,desconto_pecas
C01748,Ranger,2024,41403,PF,Sudeste,3.5,1,3,2,945.2,9.0,1,0,0,App FordPass,0,pacote_revisoes
C09820,Maverick,2022,33667,PF,Norte,41.1,0,2,10,904.4,,1,0,0,Ligacao,0,checkup_gratuito
C05346,Bronco Sport,2025,9291,PF,Sudeste,6.2,1,0,4,765.14,7.0,1,0,0,App FordPass,0,pacote_revisoes
C07716,Ranger,2020,88945,PF,Sul,9.9,0,4,5,1440.43,8.0,1,0,0,WhatsApp,1,revisao_preco_fixo
C08950,EcoSport,2021,87140,PF,Centro Oeste,11.8,0,4,2,527.04,7.0,0,0,1,WhatsApp,0,pacote_revisoes
C02236,Ka,2016,240127,PF,Nordeste ,16.2,0,5,14,620.32,6.0,0,0,0,E-mail,1,desconto_pecas
C08711,Ka,2020,65535,PF,Sul,12.1,0,5,31,777.56,7.0,1,0,0,App FordPass,0,checkup_gratuito
C03760,Transit,2023,88749,PJ_Frota,Sul,9.4,1,8,2,856.03,9.0,0,0,1,E-mail,0,plano_frota
C06633,Territory,2026,4732,PF,Sudeste,7.3,1,0,5,653.84,10.0,1,0,0,WhatsApp,0,pacote_revisoes
C07814,Ranger,2026,5735,PF,Centro Oeste,28.7,1,0,1,847.16,7.0,1,0,1,App FordPass,0,desconto_pecas
C08365,Transit,2026,7645,PJ_Frota,Sudeste,8.1,1,0,2,1619.01,9.0,0,0,2,,0,plano_frota
C06771,Territory,2021,113469,PF,Norte,61.7,0,1,18,1790.9,5.0,1,0,0,App FordPass,0,revisao_preco_fixo
C02774,Bronco Sport,2023,38176,PF,Sul,4.2,1,2,11,734.95,8.0,0,0,0,App FordPass,0,pacote_revisoes
C02590,Bronco Sport,2021,34183,PF,Nordeste,14.4,0,2,1,955.1,9.0,1,0,1,WhatsApp,0,revisao_preco_fixo
C07405,Ka,2014,117328,PF,Nordeste,38.6,0,1,60,949.47,6.0,1,0,0,App FordPass,1,checkup_gratuito
C08358,Mustang,2015,314037,PF,Sudeste,7.3,0,17,14,1894.85,6.0,0,0,0,WhatsApp,1,desconto_pecas
C00370,Bronco Sport,2021,99844,PF,Sudeste,6.2,0,7,5,764.74,8.0,1,0,0,App FordPass,0,pacote_revisoes
C03960,EcoSport,2015,100978,PF,Norte,64.8,0,1,60,976.87,9.0,0,0,1,WhatsApp,1,desconto_pecas
C07601,Transit,2020,96700,PF,Sudeste,19.5,0,1,11,709.31,6.0,1,0,0,App FordPass,0,revisao_preco_fixo
C00286,Ka,2015,107471,PF,Centro-Oeste,27.6,0,4,60,352.69,6.0,0,0,0,Ligacao,1,checkup_gratuito
C08776,Ranger,2015,174695,PF,Sudeste,3.0,0,7,55,1332.13,8.0,0,0,0,,1,desconto_pecas
C02047,Ranger,2022,50492,PF,Sudeste,9.7,0,4,16,1018.21,7.0,1,0,0,WhatsApp,1,checkup_gratuito
C02908,Transit,2020,155267,PJ_Frota,Sudeste,7.4,0,4,36,652.37,10.0,0,0,0,WhatsApp,0,plano_frota
C06670,Ranger,2026,3844,PF,Norte,10.8,1,0,2,1079.16,,0,1,0,WhatsApp,0,pacote_revisoes
C02883,EcoSport,2020,159405,PF,Centro-Oeste,33.8,0,8,6,531.04,7.0,0,1,0,Ligacao,0,desconto_pecas
C09732,Transit,2026,11095,PJ_Frota,Sudeste,4.6,1,1,1,1375.34,10.0,1,0,0,App FordPass,0,plano_frota
C00316,Ranger,2017,104386,PF,Sudeste,5.2,0,3,60,,5.0,0,1,0,E-mail,1,checkup_gratuito
C01235,Ka,2018,86010,PF,Sul,18.4,0,5,3,875.76,6.0,1,0,0,App FordPass,0,desconto_pecas
C08222,EcoSport,2018,164576,PF,Sudeste,8.0,0,14,15,746.88,7.0,0,0,0,WhatsApp,1,desconto_pecas
C02001,Ranger,2025,11720,PF,Sudeste,26.3,1,0,29,968.48,5.0,0,0,0,Ligacao,0,pacote_revisoes
C03873,Ka,2017,75454,PF,Centro-Oeste,18.3,0,8,5,823.16,8.0,0,0,0,,0,desconto_pecas
C05016,Ranger,2021,105762,PF,Sudeste,,0,8,1,1293.12,,0,0,1,E-mail,0,revisao_preco_fixo
C02542,EcoSport,2021,64122,PF,Sudeste,10.7,0,2,4,486.11,10.0,0,0,0,Ligacao,0,desconto_pecas
C01348,Ranger,2023,48141,PF,Sudeste,7.2,1,2,9,1062.64,9.0,1,0,0,App FordPass,0,pacote_revisoes
C02650,Transit,2022,38520,PF,Sudeste,11.2,0,3,2,537.24,8.0,1,0,0,E-mail,0,pacote_revisoes
C05578,Maverick,2017,138004,PF,Sul,6.3,0,10,25,777.69,10.0,0,0,0,WhatsApp,1,plano_frota
C01868,Ranger,2022,43629,PF,SUDESTE,35.1,0,2,1,1439.23,6.0,0,0,0,E-mail,0,revisao_preco_fixo
C07111,Territory,2020,32644,PF,Nordeste,32.2,0,2,5,717.44,5.0,1,0,0,E-mail,1,revisao_preco_fixo
C00674,Territory,2022,55910,PF,Norte,22.7,0,1,14,572.46,,0,0,1,WhatsApp,1,revisao_preco_fixo
C02507,Transit,2022,45617,PF,Sul,12.1,0,3,2,1560.98,9.0,1,0,0,App FordPass,0,revisao_preco_fixo
C09984,Territory,2022,47121,PF,Nordeste,14.2,0,0,8,959.75,5.0,1,0,0,WhatsApp,0,revisao_preco_fixo
C00745,Ranger,2019,41519,PF,Sul,10.4,0,4,5,964.51,8.0,1,0,0,Ligacao,0,desconto_pecas
C09476,Ranger,2022,43600,PF,Nordeste,23.5,0,1,8,651.18,5.0,1,0,0,Ligacao,0,revisao_preco_fixo
C02415,Ka,2017,94561,PF,Norte,19.1,0,2,19,718.85,7.0,0,0,0,Ligacao,1,desconto_pecas
C02439,Bronco Sport,2026,6402,PF,Sudeste,22.9,1,0,0,505.03,,0,0,0,Ligacao,0,pacote_revisoes
C06512,Ka,2018,83525,PF,Sudeste,9.7,0,5,60,1014.74,7.0,0,0,0,WhatsApp,1,checkup_gratuito
C00676,Mustang,2024,40087,PF,Sul,9.3,1,3,0,1183.01,7.0,0,0,0,E-mail,0,pacote_revisoes
C00882,Transit,2016,110990,PF,Nordeste,20.5,0,4,10,990.67,,0,0,0,E-mail,0,desconto_pecas
C04918,Transit,2024,47785,PJ_Frota,Centro-Oeste,47.7,1,3,5,1191.35,,1,1,1,WhatsApp,0,pacote_revisoes
C09622,Transit,2022,55028,PF,Centro-Oeste,24.7,0,4,4,1068.08,6.0,0,0,2,Ligacao,0,revisao_preco_fixo
C07969,Ka,2018,102481,PF,Sudeste,9.0,0,1,22,576.05,4.0,0,0,0,E-mail,1,checkup_gratuito
C02270,Territory,2022,49273,PF,Centro-Oeste,23.7,0,3,12,891.77,10.0,0,0,0,WhatsApp,0,revisao_preco_fixo
C06239,Territory,2023,24679,PF,Norte,,1,1,13,715.15,3.0,1,0,1,E-mail,1,pacote_revisoes
C05698,Maverick,2021,78583,PF,Nordeste,27.6,0,3,26,648.94,8.0,1,0,0,WhatsApp,1,revisao_preco_fixo
C06388,Transit,2024,73667,PJ_Frota,Nordeste,14.1,1,4,5,602.81,8.0,1,0,0,E-mail,0,plano_frota
C08591,Ka,2019,100568,PF,Sudeste,15.4,0,3,7,801.67,6.0,0,0,0,App FordPass,1,checkup_gratuito
C06546,Ka,2014,148996,PF,Sudeste,16.0,0,9,60,1047.01,9.0,0,0,0,WhatsApp,0,checkup_gratuito
C08736,Ranger,2025,11885,PF,Sudeste,3.7,1,1,2,584.55,10.0,1,0,0,WhatsApp,0,pacote_revisoes
C05775,Ka,2014,135006,PF,Centro-Oeste,25.2,0,6,15,612.15,7.0,0,1,0,WhatsApp,0,checkup_gratuito
C05107,EcoSport,2019,143093,PF,SUDESTE,5.1,0,8,4,735.53,9.0,0,0,0,E-mail,1,desconto_pecas
C08419,Ka,2015,214801,PF,Sudeste,9.5,0,10,39,974.62,9.0,0,0,0,Ligacao,1,desconto_pecas
C07614,Ranger,2024,33042,PF,Sudeste,9.1,1,2,12,777.36,,0,1,1,E-mail,0,pacote_revisoes
C06825,Ranger,2021,78688,PF,Sul,26.4,0,1,12,707.7,,0,0,2,WhatsApp,1,revisao_preco_fixo
C07066,Bronco Sport,2015,191824,PF,Sudeste,9.4,0,7,15,1394.02,9.0,0,0,0,Ligacao,1,desconto_pecas
C02263,Ka,2021,91927,PF,Sudeste,7.8,0,3,33,766.39,8.0,1,0,0,Ligacao,1,pacote_revisoes
C00417,Bronco Sport,2023,48981,PF,Sudeste,2.7,1,4,0,1866.99,9.0,1,0,0,App FordPass,0,pacote_revisoes
C04672,Ka,2019,87868,PF,Sul,17.2,0,2,23,812.17,6.0,0,0,0,WhatsApp,1,revisao_preco_fixo
C08098,Ranger,2017,173338,PF,Nordeste,19.8,0,9,39,777.58,7.0,0,0,0,Ligacao,1,desconto_pecas
C08994,Ranger,2023,71124,PJ_Frota,Sudeste,10.1,1,4,5,834.04,8.0,1,0,0,WhatsApp,0,plano_frota
C03814,Ranger,2021,62894,PF,Sul,17.3,0,5,23,1406.33,7.0,0,0,1,WhatsApp,1,revisao_preco_fixo
C02977,Bronco Sport,2022,47780,PF,Sul,5.7,0,2,5,1019.83,7.0,0,0,1,WhatsApp,0,revisao_preco_fixo
C00467,Transit,2020,344753,PJ_Frota,Sudeste,,0,14,60,805.04,5.0,0,0,1,App FordPass,1,checkup_gratuito
C08628,Ranger,2015,249208,PF,Sudeste,2.8,0,9,7,1277.31,7.0,0,0,1,E-mail,0,desconto_pecas
C04898,Mustang,2020,71051,PF,Sudeste,13.3,0,0,2,1958.95,10.0,1,0,0,WhatsApp,0,revisao_preco_fixo
C05332,EcoSport,2014,170504,PF,Sudeste,12.6,0,13,43,1441.7,8.0,0,0,0,App FordPass,1,desconto_pecas
C04991,Maverick,2021,52535,PF,Sudeste,6.0,0,3,3,1004.87,8.0,0,0,0,App FordPass,1,revisao_preco_fixo
C07975,Mustang,2017,67874,PF,Centro-Oeste,21.2,0,7,33,1413.1,6.0,0,0,1,E-mail,1,revisao_preco_fixo
C01661,Territory,2020,77443,PF,Sudeste,7.1,0,7,9,1128.53,7.0,0,0,0,Ligacao,0,revisao_preco_fixo
C03893,Ranger,2020,59164,PF,Sul,7.2,0,4,28,2010.64,8.0,0,0,0,WhatsApp,0,revisao_preco_fixo
C05731,Mustang,2024,43863,PF,Sul,8.1,1,4,2,1309.5,7.0,0,0,0,Ligacao,0,pacote_revisoes
C08757,Ka,2015,132512,PF,Sudeste,5.6,0,1,60,831.55,9.0,0,0,0,WhatsApp,1,checkup_gratuito
C05140,Territory,2023,38391,PF,Sul,11.1,1,3,2,579.78,9.0,0,0,0,WhatsApp,0,pacote_revisoes
C02285,Ka,2019,161171,PF,Sudeste,8.6,0,13,10,981.08,8.0,0,0,0,WhatsApp,1,revisao_preco_fixo
C05610,Ka,2019,76454,PF,SUDESTE,9.0,0,0,19,,6.0,0,0,0,Ligacao,1,revisao_preco_fixo
C00475,EcoSport,2019,64030,PF,Sudeste,18.8,0,6,6,680.16,5.0,0,0,1,App FordPass,0,revisao_preco_fixo
C05907,Territory,2024,18412,PF,Sudeste,19.1,1,1,15,887.07,4.0,1,0,1,Ligacao,0,checkup_gratuito
C08346,Territory,2019,125487,PF,Nordeste,15.9,0,12,12,877.29,7.0,0,0,0,E-mail,0,revisao_preco_fixo
C01595,Territory,2026,6861,PF,Sudeste,7.6,1,0,15,859.68,,1,0,1,WhatsApp,0,pacote_revisoes
C00939,Ka,2016,255034,PF,Norte,32.6,0,15,60,990.12,9.0,0,0,0,WhatsApp,1,desconto_pecas
C07897,Ka,2018,74796,PF,Sudeste,5.9,0,5,60,858.48,8.0,1,0,0,WhatsApp,1,checkup_gratuito
C04966,Ranger,2021,93645,PJ_Frota,Nordeste,36.0,0,1,4,644.09,7.0,0,0,1,WhatsApp,1,plano_frota
C00928,Territory,2018,64554,PF,Centro-Oeste,39.2,0,3,38,707.92,4.0,0,0,0,WhatsApp,1,checkup_gratuito
C01512,Territory,2014,169587,PF,Sul,10.1,0,11,60,885.3,7.0,0,0,0,E-mail,1,checkup_gratuito
C03406,Ranger,2014,203533,PF,SUDESTE,6.6,0,14,7,1069.72,,0,0,0,WhatsApp,1,desconto_pecas
C07332,Ranger,2020,75692,PF,Sudeste,6.9,0,6,3,903.45,9.0,0,0,0,WhatsApp,0,revisao_preco_fixo
C09923,Ka,2016,231938,PF,Sul,,0,7,46,1015.5,6.0,0,0,1,E-mail,1,desconto_pecas
C04865,Ka,2017,106405,PF,Sudeste,3.6,0,3,60,740.72,7.0,0,0,0,App FordPass,1,checkup_gratuito
C08574,Transit,2023,119116,PJ_Frota,Sul,18.2,1,11,2,1212.35,9.0,0,0,0,App FordPass,0,plano_frota
C03971,Ka,2014,193133,PF,Sudeste,4.1,0,10,6,429.31,7.0,0,0,0,E-mail,0,desconto_pecas
C00021,EcoSport,2017,66153,PF,Sudeste,8.2,0,7,21,807.67,7.0,0,0,0,E-mail,0,desconto_pecas
C08753,Maverick,2021,50265,PF,Sudeste,8.9,0,5,15,1106.07,,0,0,0,WhatsApp,0,revisao_preco_fixo
C09169,EcoSport,2014,337004,PF,Sul,9.3,0,13,29,479.58,8.0,0,0,0,App FordPass,1,desconto_pecas
C02657,Territory,2023,39667,PF,Nordeste,15.8,1,3,29,602.58,6.0,1,1,0,App FordPass,0,pacote_revisoes
C01310,Ranger,2023,37163,PF,Sudeste,4.3,1,2,8,1191.75,7.0,0,0,1,E-mail,0,pacote_revisoes
C05748,Transit,2023,61328,PJ_Frota,sul,14.5,1,6,1,664.99,10.0,0,0,0,E-mail,0,plano_frota
C06399,Maverick,2017,103449,PF,Sul,20.9,0,4,60,695.92,6.0,0,0,0,App FordPass,1,checkup_gratuito
C07101,EcoSport,2017,120546,PF,Nordeste,12.6,0,6,60,,,0,0,1,App FordPass,1,checkup_gratuito
C06953,Territory,2017,257051,PJ_Frota,Centro-Oeste,18.9,0,7,23,773.43,8.0,0,0,1,WhatsApp,0,desconto_pecas
C08594,Ka,2019,151175,PF,Sudeste,15.0,0,9,39,920.8,8.0,0,0,0,App FordPass,1,checkup_gratuito
C02978,Bronco Sport,2020,36600,PF,Sudeste,5.2,0,3,7,1553.29,4.0,1,0,0,E-mail,0,revisao_preco_fixo
C08451,Ka,2014,156276,PF,Norte,28.0,0,6,48,1026.83,8.0,0,0,0,Ligacao,1,revisao_preco_fixo
C07084,Territory,2015,150545,PF,Centro-Oeste,37.2,0,3,17,1124.16,5.0,0,0,1,E-mail,1,desconto_pecas
C09746,Territory,2018,89572,PF,Nordeste,9.6,0,6,60,541.82,5.0,0,0,0,WhatsApp,1,checkup_gratuito
C03441,Ka,2014,225053,PF,Sudeste,12.7,0,16,50,538.13,8.0,0,0,0,App FordPass,1,desconto_pecas
C03019,EcoSport,2018,63756,PF,Sudeste,43.0,0,5,2,519.93,8.0,0,0,0,Ligacao,0,checkup_gratuito
C01158,Ranger,2025,16305,PF,Sudeste,10.8,1,1,52,994.98,7.0,0,0,0,E-mail,0,checkup_gratuito
C03850,Ranger,2021,113055,PJ_Frota,Sul,6.7,0,6,34,1190.75,9.0,0,0,0,App FordPass,0,plano_frota
C01159,Bronco Sport,2019,82715,PF,Sudeste,3.4,0,3,4,985.6,6.0,1,0,0,E-mail,1,revisao_preco_fixo
C05114,Ka,2018,104727,PF,Sudeste,16.4,0,3,4,403.75,6.0,0,0,1,,1,desconto_pecas
C03362,Territory,2019,75790,PF,Sudeste,5.9,0,2,15,36998.75,6.0,1,0,0,E-mail,0,revisao_preco_fixo
C09560,Territory,2017,81363,PF,Sudeste,3.6,0,7,39,1675.13,7.0,0,1,0,WhatsApp,1,checkup_gratuito
C04967,EcoSport,2020,59396,PF,Sudeste,5.9,0,4,10,531.88,10.0,0,0,1,Ligacao,0,desconto_pecas
C09447,Ranger,2018,64377,PF,Sudeste,,0,3,60,,8.0,0,0,1,WhatsApp,1,checkup_gratuito
C08727,EcoSport,2017,133902,PF,Sudeste,7.7,0,9,18,781.21,7.0,0,0,0,WhatsApp,1,desconto_pecas
C01662,Maverick,2023,40877,PF,Sudeste,,1,3,21,767.89,5.0,0,0,1,App FordPass,0,pacote_revisoes
C09655,Maverick,2021,60008,PF,Nordeste,5.1,0,3,4,641.64,10.0,0,0,0,E-mail,0,desconto_pecas
C02109,Ka,2021,77643,PF,Sudeste,3.5,0,5,16,714.43,7.0,1,0,1,App FordPass,0,checkup_gratuito
C02799,Bronco Sport,2019,115860,PF,Nordeste,7.9,0,7,12,1797.51,6.0,0,0,0,WhatsApp,0,revisao_preco_fixo
C04533,Ranger,2021,48092,PF,Sudeste,16.0,0,2,18,597.06,,0,0,1,WhatsApp,1,revisao_preco_fixo
C09610,Transit,2019,209392,PJ_Frota,Sudeste,2.5,0,16,29,,10.0,0,0,1,E-mail,0,revisao_preco_fixo
C03337,Mustang,2023,88365,PJ_Frota,Centro-Oeste,26.0,1,8,2,2492.6,9.0,0,0,0,Ligacao,0,revisao_preco_fixo
C03491,Ka,2016,116777,PF,Nordeste,33.1,0,4,60,1485.51,6.0,0,0,0,App FordPass,1,checkup_gratuito
C03555,Maverick,2023,32268,PF,Sudeste,10.5,1,1,10,605.41,7.0,1,0,1,Ligacao,0,pacote_revisoes
C01423,Ranger,2018,114722,PF,Sudeste,4.5,0,7,16,666.32,8.0,0,1,0,WhatsApp,0,desconto_pecas
C07160,Territory,2025,10119,PF,Nordeste,6.6,1,1,0,537.06,,1,0,0,WhatsApp,0,pacote_revisoes
C01373,Maverick,2015,82375,PF,Norte,,0,6,50,1363.25,8.0,0,0,0,WhatsApp,1,checkup_gratuito
C02953,Mustang,2018,109470,PF,Sul,48.6,0,4,18,1816.86,,1,0,1,WhatsApp,0,revisao_preco_fixo
C05646,Territory,2023,22967,PF,Sul,,1,3,0,812.64,7.0,0,0,0,E-mail,0,pacote_revisoes
C09528,Maverick,2016,103340,PF,Nordeste,35.4,0,2,25,1319.92,5.0,0,0,0,E-mail,1,desconto_pecas
C00402,Maverick,2020,155664,PJ_Frota,Sul,2.5,0,8,45,1281.72,4.0,0,0,2,App FordPass,1,checkup_gratuito
C00757,Transit,2014,491190,PJ_Frota,Sul,17.8,0,21,32,849.98,9.0,0,0,0,E-mail,1,desconto_pecas
C06711,Maverick,2026,3860,PF,Sul,16.7,1,0,5,1392.04,9.0,1,0,1,WhatsApp,1,revisao_preco_fixo
C04938,Territory,2023,25682,PF,Nordeste,9.5,1,1,1,,8.0,1,0,0,App FordPass,0,pacote_revisoes
C04404,Ranger,2019,106860,PF,Norte,48.7,0,5,2,964.08,9.0,1,0,0,WhatsApp,0,revisao_preco_fixo
C08005,Bronco Sport,2017,93964,PF,Nordeste,14.2,0,7,48,1038.05,10.0,0,0,0,WhatsApp,0,checkup_gratuito
C03031,Ka,2018,88483,PF,Sudeste,5.9,0,3,3,773.47,8.0,0,0,0,App FordPass,0,pacote_revisoes
C07314,EcoSport,2017,104160,PF,Sul,,0,4,4,688.37,5.0,0,0,0,App FordPass,0,checkup_gratuito
C07617,Territory,2015,323625,PJ_Frota,Sudeste,5.3,0,22,6,1483.98,10.0,0,0,0,WhatsApp,0,desconto_pecas
C06379,Ranger,2017,116354,PF,Sudeste,11.5,0,3,50,675.27,6.0,0,0,0,App FordPass,1,desconto_pecas
C06491,Territory,2023,55491,PF,Sudeste,16.4,1,2,0,909.91,7.0,0,0,0,,1,pacote_revisoes
C08754,Ka,2015,109916,PF,Sudeste,8.1,0,4,34,1279.72,7.0,0,0,0,WhatsApp,1,desconto_pecas
C08809,Mustang,2024,28039,PF,Sul,5.2,1,0,5,1528.07,8.0,0,0,0,App FordPass,0,pacote_revisoes
C09390,Territory,2023,58458,PF,Sudeste,10.8,1,4,2,1111.82,7.0,0,0,0,App FordPass,0,pacote_revisoes
C03143,Ka,2015,171909,PF,Nordeste,31.9,0,6,18,1050.16,5.0,0,0,0,WhatsApp,1,revisao_preco_fixo
C03713,Bronco Sport,2015,106073,PF,Sudeste,9.9,0,3,44,1126.49,8.0,0,1,0,WhatsApp,0,revisao_preco_fixo
C02644,EcoSport,2017,98267,PF,Sudeste,11.8,0,6,3,1109.46,,0,0,0,Ligacao,1,checkup_gratuito
C03597,Mustang,2023,47358,PF,Centro-Oeste,9.1,1,4,11,1952.69,7.0,0,0,1,WhatsApp,0,pacote_revisoes
C06684,EcoSport,2017,43885,PF,Sudeste,13.1,0,4,13,845.76,4.0,0,1,2,Ligacao,1,checkup_gratuito
C08811,Transit,2023,71273,PJ_Frota,Nordeste,14.3,1,4,7,566.35,9.0,1,0,0,Ligacao,0,plano_frota
C06035,Maverick,2022,89343,PJ_Frota,Centro-Oeste,15.5,0,3,46,631.96,8.0,0,1,0,WhatsApp,1,plano_frota
C07479,Mustang,2019,60919,PF,Nordeste,14.2,0,5,0,1978.85,9.0,0,0,0,E-mail,1,revisao_preco_fixo
C04142,Ka,2019,68019,PF,Nordeste,12.8,0,3,5,615.75,8.0,0,0,0,WhatsApp,0,pacote_revisoes
C00924,Ka,2017,291209,PF,Sudeste,21.0,0,9,12,,8.0,0,0,0,Ligacao,1,desconto_pecas
C03874,Transit,2025,22362,PJ_Frota,Sul,,1,2,1,,6.0,0,0,2,WhatsApp,0,pacote_revisoes
C02532,Territory,2025,11003,PF,Sudeste,7.4,1,1,2,825.01,8.0,1,0,0,App FordPass,0,checkup_gratuito
C04073,Ka,2018,101561,PF,Sul,13.7,0,7,9,602.5,8.0,1,0,1,Ligacao,0,desconto_pecas
C08718,Ranger,2025,16415,PF,Sudeste,9.2,1,0,2,563.59,6.0,1,0,0,App FordPass,0,pacote_revisoes
C02719,Ranger,2015,126482,PF,Sudeste,9.4,0,4,49,1024.46,6.0,0,1,2,App FordPass,1,checkup_gratuito
C02967,EcoSport,2018,75897,PF,Sudeste,6.8,0,4,60,579.92,8.0,0,0,0,WhatsApp,1,checkup_gratuito
C08189,Maverick,2021,89403,PF,Centro-Oeste,10.4,0,6,3,1250.74,9.0,0,0,0,WhatsApp,1,revisao_preco_fixo
C08214,EcoSport,2018,56472,PF,Centro-Oeste,21.0,0,2,20,1050.18,7.0,0,1,0,E-mail,1,checkup_gratuito
C04921,Ka,2015,441049,PJ_Frota,Nordeste,10.1,0,18,27,510.1,3.0,1,0,0,App FordPass,1,desconto_pecas
C04796,Ka,2019,112510,PF,Sul,3.2,0,7,39,449.02,8.0,0,0,0,,1,revisao_preco_fixo
C04327,Bronco Sport,2021,47630,PF,Sudeste,12.1,0,3,7,1275.87,8.0,0,0,0,WhatsApp,1,revisao_preco_fixo
C02482,Ka,2021,41303,PF,Sudeste,5.0,0,4,9,591.16,6.0,0,0,1,App FordPass,0,revisao_preco_fixo
C07492,Bronco Sport,2015,195455,PF,Nordeste,7.8,0,12,6,1156.05,5.0,0,0,2,E-mail,0,desconto_pecas
C06494,Maverick,2025,10718,PF,Sudeste,10.2,1,1,4,621.01,10.0,1,0,1,App FordPass,0,pacote_revisoes
C00007,Maverick,2015,147417,PF,Norte,26.1,0,7,15,834.6,5.0,0,0,0,WhatsApp,1,desconto_pecas
C04204,Bronco Sport,2024,68513,PJ_Frota,Centro Oeste,12.6,1,5,3,1730.78,7.0,0,0,1,E-mail,0,plano_frota
C00934,Bronco Sport,2026,4264,PF,Sudeste,3.8,1,0,10,1172.27,7.0,0,0,2,App FordPass,1,pacote_revisoes
C04467,Territory,2014,101735,PF,Sudeste,8.0,0,8,6,1064.73,8.0,0,1,0,E-mail,0,desconto_pecas
C07949,Mustang,2025,14505,PF,Centro-Oeste,28.2,1,1,0,1009.85,5.0,0,0,2,WhatsApp,0,revisao_preco_fixo
C06371,Ka,2014,424739,PJ_Frota,Nordeste,27.5,0,18,4,696.8,9.0,0,0,0,WhatsApp,1,desconto_pecas
C09613,EcoSport,2014,253951,PF,Sudeste,6.4,0,20,56,517.42,5.0,0,0,0,WhatsApp,1,revisao_preco_fixo
C06811,EcoSport,2014,167781,PF,Norte,23.6,0,12,4,1283.65,6.0,0,0,0,Ligacao,1,desconto_pecas
C08195,Ranger,2026,14553,PJ_Frota,SUDESTE,7.8,1,1,1,,10.0,1,0,0,WhatsApp,0,plano_frota
C07790,Bronco Sport,2022,68975,PF,Centro-Oeste,63.2,0,1,6,1499.49,5.0,1,0,1,App FordPass,1,revisao_preco_fixo
C08839,Territory,2022,61682,PF,Sul,10.5,0,5,4,1045.48,7.0,0,0,0,Ligacao,0,revisao_preco_fixo
C04508,Bronco Sport,2025,15195,PF,Nordeste,26.1,1,0,1,854.42,5.0,0,0,0,WhatsApp,0,pacote_revisoes
C04289,Territory,2023,29404,PF,SUDESTE,7.2,1,3,10,1416.81,7.0,1,0,1,E-mail,0,revisao_preco_fixo
C01826,Ranger,2018,118865,PJ_Frota,Sul,8.2,0,11,14,1715.42,6.0,0,0,1,WhatsApp,0,checkup_gratuito
C09480,Transit,2021,97826,PJ_Frota,Nordeste,14.1,0,5,13,1169.65,,0,1,0,App FordPass,0,plano_frota
C03122,EcoSport,2021,82258,PF,Sudeste,7.1,0,4,14,579.68,,1,0,0,WhatsApp,0,revisao_preco_fixo
C03984,Ranger,2024,44363,PF,Norte,44.5,1,3,3,1529.17,2.0,1,0,0,App FordPass,0,pacote_revisoes
C06342,Mustang,2024,17536,PF,SUDESTE,3.5,1,1,5,1167.78,6.0,1,0,1,E-mail,0,pacote_revisoes
C04527,Territory,2022,38939,PF,Centro-Oeste,26.1,0,2,2,1072.11,5.0,1,0,0,WhatsApp,0,revisao_preco_fixo
C03355,EcoSport,2019,180025,PJ_Frota,Sul,5.0,0,10,8,735.74,,0,0,0,Ligacao,0,plano_frota
C00805,Ka,2020,51168,PF,Sul,6.6,0,5,18,573.33,8.0,1,1,0,App FordPass,0,checkup_gratuito
C05677,Territory,2020,67243,PF,Sudeste,7.1,0,2,27,1297.94,,0,0,0,Ligacao,0,revisao_preco_fixo
C09435,Ranger,2024,24184,PF,Nordeste,14.3,1,2,7,930.67,5.0,1,0,0,App FordPass,0,pacote_revisoes
C00746,EcoSport,2019,110209,PF,Sul,20.1,0,2,1,655.55,8.0,0,0,0,WhatsApp,0,revisao_preco_fixo
C08972,Maverick,2024,21870,PF,Sudeste,7.8,1,2,2,1290.24,6.0,1,0,0,App FordPass,0,pacote_revisoes
C01720,Ka,2019,56760,PF,Sudeste,7.0,0,4,17,496.43,7.0,1,0,1,App FordPass,1,revisao_preco_fixo
C06590,EcoSport,2020,86112,PF,Centro-Oeste,69.8,0,4,4,1109.27,7.0,0,1,0,WhatsApp,1,revisao_preco_fixo
C05678,Bronco Sport,2022,52796,PF,Nordeste,10.8,0,4,6,769.46,5.0,1,0,2,App FordPass,0,revisao_preco_fixo
C00522,Ka,2017,95741,PF,Sudeste,21.8,0,4,60,884.87,8.0,0,0,1,App FordPass,1,revisao_preco_fixo
C02221,Ranger,2024,20972,PF,Sul,11.5,1,2,5,688.26,8.0,1,0,0,WhatsApp,0,pacote_revisoes
C08952,EcoSport,2021,95984,PF,Norte,83.8,0,2,6,636.5,6.0,0,0,1,WhatsApp,1,revisao_preco_fixo
C08518,Ranger,2018,106072,PF,Nordeste,8.4,0,6,9,852.42,7.0,0,0,0,WhatsApp,0,checkup_gratuito
C03792,Ka,2014,300671,PF,Sudeste,11.6,0,14,16,347.29,8.0,0,0,0,WhatsApp,1,desconto_pecas
C07267,Territory,2019,173715,PJ_Frota,Sudeste,8.5,0,15,2,1025.76,10.0,1,0,1,E-mail,0,plano_frota
C00487,EcoSport,2020,146116,PF,Sudeste,7.8,0,10,15,949.1,6.0,0,0,0,Ligacao,1,checkup_gratuito
C06364,Maverick,2017,130204,PF,Sudeste,18.7,0,8,14,933.3,3.0,0,0,0,E-mail,1,desconto_pecas
C09537,EcoSport,2014,151752,PF,Sudeste,8.8,0,8,14,1066.05,8.0,0,0,0,E-mail,1,desconto_pecas
C05226,Ka,2020,46282,PF,Sudeste,11.4,0,2,25,366.96,7.0,0,0,1,WhatsApp,1,revisao_preco_fixo
C08976,Ka,2020,90622,PF,SUDESTE,8.7,0,5,35,594.54,7.0,0,0,0,WhatsApp,0,checkup_gratuito
C01129,Transit,2020,252053,PJ_Frota,Nordeste,21.9,0,6,23,1010.8,9.0,0,0,0,WhatsApp,1,plano_frota
C04267,Maverick,2015,241117,PF,Centro-Oeste,25.7,0,9,60,1507.89,6.0,0,0,0,E-mail,1,desconto_pecas
C05691,Ka,2018,125129,PF,Sudeste,10.0,0,4,6,,8.0,0,0,0,Ligacao,0,checkup_gratuito
C00197,Maverick,2015,102578,PF,Nordeste,51.9,0,6,60,1097.12,8.0,1,0,1,App FordPass,1,checkup_gratuito
C09496,Ka,2016,157535,PF,Sudeste,13.8,0,4,10,1663.76,8.0,0,1,0,App FordPass,1,checkup_gratuito
C04716,EcoSport,2016,57971,PF,Sul,8.2,0,6,4,1203.79,9.0,0,0,0,App FordPass,0,desconto_pecas
C03799,EcoSport,2021,84096,PF,Nordeste ,28.0,0,7,9,1090.94,8.0,1,0,1,WhatsApp,0,revisao_preco_fixo
C05727,EcoSport,2019,78780,PF,Nordeste,14.8,0,5,5,509.76,8.0,0,0,1,WhatsApp,0,desconto_pecas
C03977,Ka,2019,87786,PF,Norte,51.9,0,1,12,860.12,6.0,0,0,0,E-mail,1,revisao_preco_fixo
C05944,Ka,2016,70848,PF,Sudeste,16.4,0,4,12,657.3,5.0,0,0,0,WhatsApp,0,desconto_pecas
C09292,Bronco Sport,2023,43966,PF,Sul,5.2,1,4,7,1031.63,7.0,0,0,0,App FordPass,0,pacote_revisoes
C04317,Maverick,2026,3359,PF,Nordeste,12.2,1,0,8,,7.0,1,0,0,Ligacao,0,pacote_revisoes
C00556,EcoSport,2019,205914,PJ_Frota,Sudeste,9.0,0,10,3,489.62,6.0,1,0,0,App FordPass,0,desconto_pecas
C05685,Ka,2014,114378,PF,Sudeste,7.2,0,9,16,1106.23,6.0,0,0,1,WhatsApp,0,desconto_pecas
C09037,Territory,2023,56190,PF,Sudeste,8.9,1,4,2,663.03,10.0,1,0,0,WhatsApp,0,pacote_revisoes
C09457,Ka,2020,99717,PF,Norte,90.0,0,2,16,371.43,7.0,0,1,0,App FordPass,1,revisao_preco_fixo
C08524,Ka,2021,73565,PF,Sul,11.2,0,1,26,551.85,10.0,0,0,0,App FordPass,1,revisao_preco_fixo
C08247,Ka,2014,317185,PF,Sul,6.7,0,28,7,,9.0,1,1,0,E-mail,0,desconto_pecas
C09487,Ranger,2021,74822,PF,Nordeste,20.8,0,2,6,721.21,10.0,0,0,0,E-mail,0,revisao_preco_fixo
C07364,Ka,2018,85997,PF,Nordeste,20.0,0,4,23,866.2,3.0,1,0,0,WhatsApp,1,checkup_gratuito
C09319,Ka,2017,273885,PF,Sudeste,5.9,0,6,5,715.41,5.0,0,0,0,App FordPass,1,desconto_pecas
C06570,Territory,2022,52968,PF,Nordeste,11.4,0,3,8,1262.68,8.0,0,0,0,E-mail,0,revisao_preco_fixo
C08696,Ka,2018,79203,PF,Sudeste,3.0,0,1,2,459.89,7.0,0,0,0,App FordPass,1,revisao_preco_fixo
C04120,Transit,2014,423004,PJ_Frota,Sul,6.9,0,18,60,856.39,6.0,0,0,0,WhatsApp,1,desconto_pecas
C00059,Ka,2014,153235,PF,Norte,40.1,0,3,41,897.56,6.0,0,0,0,E-mail,1,desconto_pecas
C09174,Mustang,2031,5287,PF,Centro-Oeste,45.6,1,0,0,1303.48,8.0,1,0,0,WhatsApp,0,pacote_revisoes
C01564,Maverick,2023,44752,PF,Sudeste,9.3,1,4,3,1541.82,7.0,1,0,1,WhatsApp,0,pacote_revisoes
C06488,Ka,2016,99789,PF,Sul,12.0,0,6,1,771.06,8.0,0,0,1,WhatsApp,0,desconto_pecas
C07720,Ka,2015,87176,PF,Nordeste,7.5,0,4,60,1092.56,6.0,0,0,0,WhatsApp,1,checkup_gratuito
C02480,Ranger,2014,254731,PF,Centro-Oeste,31.1,0,13,14,1617.03,9.0,0,0,1,App FordPass,1,desconto_pecas
C02141,Ranger,2026,6298,PF,Nordeste,14.9,1,0,11,618.83,6.0,1,0,1,E-mail,1,pacote_revisoes
C03665,Ranger,2021,39221,PF,Sudeste,6.2,0,2,21,1252.62,8.0,1,0,1,App FordPass,0,revisao_preco_fixo
C06031,Ranger,2024,15552,PF,Centro-Oeste,25.3,1,2,1,751.11,10.0,1,0,0,E-mail,0,pacote_revisoes
C02888,Ka,2017,202448,PF,Centro-Oeste,32.9,0,12,35,1057.93,5.0,0,0,0,,1,checkup_gratuito
C01888,Maverick,2022,32060,PF,Nordeste,18.0,0,0,60,,7.0,0,0,0,Ligacao,1,checkup_gratuito
C07779,Bronco Sport,2014,238702,PF,Sudeste,8.5,0,6,41,781.31,6.0,0,0,0,WhatsApp,1,checkup_gratuito
C09282,Ranger,2024,35149,PF,Nordeste,25.1,1,3,2,809.13,7.0,1,0,0,Ligacao,0,pacote_revisoes
C04135,Ka,2018,156659,PF,Sul,13.6,0,5,37,523.52,9.0,1,0,0,WhatsApp,1,desconto_pecas
C09028,Ka,2016,122685,PF,Sudeste,13.6,0,8,27,856.82,8.0,0,0,0,Ligacao,1,checkup_gratuito
C01781,Maverick,2024,20617,PF,Sul,17.0,1,2,4,1314.29,,0,0,1,App FordPass,0,pacote_revisoes
C06198,Ranger,2014,127869,PF,Sudeste,7.9,0,7,60,1179.78,,0,0,1,WhatsApp,1,checkup_gratuito
C01134,Transit,2020,117072,PF,Nordeste,20.4,0,5,20,1482.34,8.0,0,1,0,WhatsApp,0,pacote_revisoes
C00111,EcoSport,2020,66928,PF,Sudeste,9.2,0,3,23,606.91,9.0,1,0,0,App FordPass,0,revisao_preco_fixo
C05806,Bronco Sport,2020,52505,PF,Centro-Oeste,7.7,0,2,23,774.41,6.0,1,0,0,App FordPass,1,checkup_gratuito
C02023,EcoSport,2018,86632,PF,Sudeste,5.1,0,4,23,421.03,7.0,1,0,0,App FordPass,1,desconto_pecas
C08069,Transit,2018,114535,PF,Sudeste,11.1,0,7,51,1478.85,6.0,0,0,0,Ligacao,0,checkup_gratuito
C00528,Bronco Sport,2025,9816,PF,SUDESTE,2.2,1,1,25,668.16,9.0,1,1,0,App FordPass,0,checkup_gratuito
C00852,Maverick,2017,107024,PF,Nordeste,19.5,0,9,4,875.74,9.0,0,0,0,Ligacao,0,desconto_pecas
C02089,Ranger,2026,4743,PF,Nordeste,40.5,1,0,2,1272.07,6.0,1,0,1,Ligacao,1,pacote_revisoes
C08570,Territory,2017,171019,PF,Nordeste,12.9,0,5,11,1255.4,7.0,0,0,0,WhatsApp,1,desconto_pecas
C03260,Ka,2016,86395,PF,Sudeste,10.4,0,7,8,,7.0,0,0,0,WhatsApp,0,plano_frota
C02268,Bronco Sport,2020,120072,PF,Sudeste,6.3,0,4,6,1648.29,10.0,0,0,0,E-mail,1,revisao_preco_fixo
C01996,EcoSport,2017,173148,PF,Sudeste,7.7,0,1,21,,,0,0,1,WhatsApp,1,desconto_pecas
C00836,Bronco Sport,2021,123435,PF,Sudeste,5.1,0,11,8,777.41,6.0,0,1,0,App FordPass,0,revisao_preco_fixo
C05809,Bronco Sport,2014,192038,PF,Sudeste,7.8,0,10,14,666.93,7.0,0,0,1,App FordPass,0,checkup_gratuito
C03403,Mustang,2021,39679,PF,Nordeste,44.5,0,2,36,1733.6,7.0,1,0,0,E-mail,1,checkup_gratuito
C04153,Ranger,2023,38553,PF,Sudeste,10.5,1,2,7,1638.91,9.0,1,0,0,WhatsApp,0,pacote_revisoes
C07845,EcoSport,2020,83145,PF,Sudeste,7.1,0,6,6,,9.0,0,0,0,WhatsApp,0,revisao_preco_fixo
C01609,Ranger,2020,36222,PF,Sudeste,6.6,0,2,2,1158.84,9.0,0,0,0,App FordPass,0,checkup_gratuito
C06695,EcoSport,2016,90439,PF,Sudeste,14.2,0,4,24,566.46,8.0,0,0,0,WhatsApp,1,desconto_pecas
C08311,EcoSport,2014,146703,PF,Sudeste,8.7,0,12,12,811.15,6.0,1,0,1,App FordPass,0,desconto_pecas
C07151,Bronco Sport,2026,2781,PF,Sudeste,7.7,1,0,5,875.31,9.0,1,0,0,App FordPass,0,pacote_revisoes
C00263,Ka,2021,57295,PF,Sudeste,11.1,0,5,12,529.98,9.0,1,0,0,Ligacao,0,pacote_revisoes
C00525,Ranger,2026,5213,PF,Sudeste,6.5,1,0,18,928.91,,1,1,0,App FordPass,0,pacote_revisoes
C03153,Ka,2018,160052,PF,Nordeste,30.7,0,6,5,933.67,7.0,0,0,0,E-mail,1,revisao_preco_fixo
C07114,Maverick,2019,58776,PF,Sudeste,11.9,0,2,12,995.99,8.0,0,0,0,WhatsApp,0,desconto_pecas
C01813,EcoSport,2021,81036,PF,Norte,28.1,0,1,1,776.23,6.0,0,0,0,App FordPass,0,pacote_revisoes
C02966,EcoSport,2018,96373,PF,Sul,,0,1,5,788.54,5.0,0,0,1,E-mail,1,revisao_preco_fixo
C05890,Transit,2015,174664,PF,Sudeste,7.7,0,12,8,850.74,9.0,0,0,0,E-mail,0,desconto_pecas
C04247,Ka,2020,68555,PF,Sudeste,13.7,0,4,24,694.7,8.0,0,0,0,App FordPass,1,revisao_preco_fixo
C00782,Ranger,2014,120948,PF,Sudeste,17.2,0,4,19,976.09,9.0,0,1,0,WhatsApp,1,desconto_pecas
C06807,Transit,2023,96707,PJ_Frota,Sudeste,10.1,1,7,1,1543.33,5.0,1,0,0,,0,revisao_preco_fixo
C07733,EcoSport,2015,147072,PF,Sudeste,7.3,0,9,6,629.79,6.0,0,0,1,App FordPass,1,desconto_pecas
C04419,Ranger,2020,77253,PF,Sudeste,37.7,0,3,12,746.98,9.0,0,1,0,WhatsApp,0,checkup_gratuito
C03966,Ranger,2015,143967,PF,Sudeste,14.2,0,6,14,1362.69,7.0,0,0,0,Ligacao,0,desconto_pecas
C04806,Ranger,2017,84717,PF,Sul,34.0,0,5,39,1430.34,6.0,0,0,1,E-mail,1,checkup_gratuito
C09910,Ka,2021,46830,PF,Sudeste,5.7,0,2,2,555.39,6.0,0,0,0,Ligacao,1,revisao_preco_fixo
C01708,Maverick,2020,61141,PF,Sul,12.2,0,4,8,1143.65,,0,0,0,WhatsApp,1,revisao_preco_fixo
C04566,Bronco Sport,2015,95157,PF,Nordeste,32.0,0,9,18,1091.29,6.0,0,0,0,App FordPass,1,revisao_preco_fixo
C03963,EcoSport,2016,172864,PF,Sul,16.9,0,7,60,,9.0,1,0,0,App FordPass,1,desconto_pecas
C09782,Territory,2026,5165,PF,Sudeste,7.9,1,0,1,860.32,8.0,1,0,0,Ligacao,0,pacote_revisoes
C06282,Ranger,2018,113866,PF,Sudeste,27.4,0,0,17,1102.59,6.0,0,0,0,WhatsApp,1,desconto_pecas
C05148,Mustang,2020,59313,PF,Sudeste,14.6,0,3,9,2165.22,7.0,0,0,0,Ligacao,0,desconto_pecas
C09695,Ranger,2021,68027,PF,Sudeste,6.4,0,3,5,1479.54,,1,0,0,E-mail,0,revisao_preco_fixo
C03195,Ranger,2024,46206,PJ_Frota,Sul,7.3,1,4,2,705.96,6.0,0,1,0,Ligacao,0,plano_frota
C06532,Bronco Sport,2021,98147,PF,Centro-Oeste,30.8,0,5,2,1048.94,10.0,1,0,0,WhatsApp,0,revisao_preco_fixo
C08155,Transit,2018,71183,PF,Sudeste,,0,3,11,950.49,6.0,0,0,0,Ligacao,1,desconto_pecas
C00888,Ka,2015,174049,PF,Sudeste,7.2,0,5,60,482.74,,1,0,0,App FordPass,1,desconto_pecas
C05024,Territory,2016,109334,PF,Centro-Oeste,21.3,0,4,3,1873.57,7.0,1,0,0,App FordPass,0,checkup_gratuito
C05471,Ka,2017,68085,PF,Sudeste,23.2,0,3,24,559.23,10.0,1,1,0,WhatsApp,1,checkup_gratuito
C08463,Maverick,2022,67416,PF,Sul,13.0,0,5,0,799.51,,0,0,0,WhatsApp,0,desconto_pecas
C01890,EcoSport,2014,137429,PF,Sul,7.8,0,9,26,664.49,8.0,0,0,0,WhatsApp,0,desconto_pecas
C00538,Ka,2019,98464,PF,Sul,11.3,0,4,6,896.2,6.0,0,0,1,E-mail,1,desconto_pecas
C04349,Maverick,2016,306014,PF,Centro-Oeste,36.9,0,4,60,1282.11,8.0,0,0,0,WhatsApp,1,checkup_gratuito
C05519,Territory,2025,9473,PF,Nordeste,22.2,1,0,10,821.44,4.0,1,0,0,WhatsApp,1,desconto_pecas
C03077,Territory,2016,136348,PF,Nordeste ,23.4,0,4,35,1093.89,7.0,0,0,0,,1,desconto_pecas
C00393,Territory,2023,59344,PF,Sul,12.2,1,2,9,475.53,3.0,0,0,3,E-mail,0,pacote_revisoes
C04098,Territory,2025,12560,PF,Norte,34.1,1,1,3,1137.2,6.0,1,0,1,E-mail,0,pacote_revisoes
C03725,Maverick,2018,54652,PF,Norte,32.2,0,1,14,933.15,4.0,0,0,1,WhatsApp,1,revisao_preco_fixo
C09854,Ka,2020,85284,PF,Sudeste,7.1,0,7,60,558.38,,0,0,0,WhatsApp,1,revisao_preco_fixo
C03407,EcoSport,2018,43320,PF,Nordeste,16.8,0,3,4,524.43,5.0,1,0,0,WhatsApp,0,checkup_gratuito
C04912,Ranger,2018,119035,PF,Nordeste,12.0,0,2,7,1225.07,4.0,0,0,0,WhatsApp,0,checkup_gratuito
C02629,EcoSport,2018,64193,PF,Nordeste,15.6,0,5,5,955.05,8.0,1,0,0,App FordPass,0,revisao_preco_fixo
C08604,Territory,2016,150137,PF,Sul,8.3,0,9,8,860.32,,0,0,0,WhatsApp,1,desconto_pecas
C06643,EcoSport,2021,35778,PF,Nordeste,8.3,0,5,37,808.93,6.0,0,0,1,E-mail,0,revisao_preco_fixo
C06212,Ranger,2025,10136,PF,Sudeste,4.6,1,1,2,1178.7,6.0,0,0,0,App FordPass,0,pacote_revisoes
C08967,EcoSport,2014,75214,PF,Sul,17.0,0,11,45,,6.0,0,0,0,E-mail,0,checkup_gratuito
C03839,EcoSport,2018,508437,PJ_Frota,Sul,12.2,0,16,2,661.94,8.0,0,0,0,E-mail,0,desconto_pecas
C03656,Ka,2019,150441,PF,Norte,20.9,0,8,29,701.18,,1,0,0,WhatsApp,0,desconto_pecas
C06843,EcoSport,2015,190376,PF,Nordeste,15.2,0,8,11,1032.81,7.0,0,0,1,App FordPass,1,desconto_pecas
C00476,Ranger,2021,53259,PF,Sul,10.8,0,3,5,1437.67,8.0,1,0,0,App FordPass,0,revisao_preco_fixo
C03185,Ka,2019,169155,PF,Sudeste,4.9,0,12,30,520.34,6.0,1,0,1,E-mail,0,checkup_gratuito
C00599,Territory,2016,77761,PF,Centro-Oeste,17.4,0,7,47,1366.21,6.0,0,0,0,Ligacao,1,checkup_gratuito
C03275,Maverick,2026,3939,PF,Norte,16.1,1,0,14,902.15,10.0,1,0,0,WhatsApp,0,desconto_pecas
C04947,Maverick,2023,45090,PF,Sul,9.2,1,1,21,686.93,6.0,0,0,0,Ligacao,1,pacote_revisoes
C05968,Territory,2019,117912,PF,Sudeste,6.4,0,3,9,977.01,9.0,1,0,0,App FordPass,0,desconto_pecas
C06932,Territory,2022,25934,PF,Sudeste,4.7,0,0,15,1069.74,5.0,1,0,0,App FordPass,1,revisao_preco_fixo
C09872,Territory,2025,9195,PF,Nordeste,15.9,1,1,1,938.09,8.0,0,0,0,WhatsApp,0,pacote_revisoes
C04623,Mustang,2025,11664,PF,Nordeste,17.3,1,1,10,1701.01,6.0,0,0,0,WhatsApp,0,pacote_revisoes
C06418,Maverick,2025,12396,PF,Sudeste,13.2,1,1,2,751.98,9.0,1,0,1,App FordPass,0,pacote_revisoes
C03345,Territory,2016,156394,PF,Centro-Oeste,11.2,0,8,42,1430.35,7.0,0,0,2,App FordPass,1,revisao_preco_fixo
C02163,Ranger,2020,90730,PF,Nordeste,9.3,0,7,9,,,0,0,1,E-mail,0,pacote_revisoes
C09320,Bronco Sport,2015,126565,PF,Sudeste,47.3,0,2,10,2053.44,7.0,0,0,0,App FordPass,1,revisao_preco_fixo
C06959,Mustang,2023,36906,PF,Sudeste,6.7,1,0,3,1084.44,9.0,0,0,0,App FordPass,0,pacote_revisoes
C00195,Ka,2021,73361,PF,Norte,63.1,0,3,5,385.09,7.0,0,0,0,,1,revisao_preco_fixo
C03872,Ka,2017,228545,PF,Centro-Oeste,29.8,0,6,17,719.31,,1,0,0,E-mail,1,desconto_pecas
C03051,Ka,2020,65811,PF,Centro-Oeste,18.8,0,4,3,999.62,8.0,1,0,2,Ligacao,0,revisao_preco_fixo
C08353,Ka,2016,178097,PF,Sul,26.2,0,7,18,631.77,7.0,1,0,0,WhatsApp,1,desconto_pecas
C03525,Ranger,2018,59912,PF,Sudeste,15.0,0,2,25,1377.74,8.0,1,0,0,App FordPass,1,revisao_preco_fixo
C08261,Ka,2017,75185,PF,Nordeste,20.6,0,3,11,1173.9,8.0,0,0,0,WhatsApp,1,desconto_pecas
C01986,EcoSport,2015,-270659,PJ_Frota,Sudeste,10.4,0,17,38,729.42,10.0,0,0,0,App FordPass,1,desconto_pecas
C00351,Ka,2021,78759,PF,Sul,17.9,0,4,15,892.63,10.0,0,0,0,WhatsApp,0,revisao_preco_fixo
C01581,EcoSport,2018,77690,PF,Nordeste,,0,6,16,796.83,8.0,0,0,0,WhatsApp,0,desconto_pecas
C09295,Ranger,2018,436857,PJ_Frota,Sudeste,3.9,0,24,50,1401.76,7.0,1,0,0,App FordPass,1,desconto_pecas
C04192,Ranger,2022,67491,PF,Nordeste,,0,1,9,445.19,8.0,0,0,0,WhatsApp,0,checkup_gratuito
C05311,EcoSport,2018,179226,PF,Centro-Oeste,15.8,0,7,1,583.93,7.0,0,0,1,WhatsApp,1,desconto_pecas
C08609,Ka,2017,157327,PF,Norte,19.8,0,8,19,1076.97,,1,0,0,App FordPass,0,desconto_pecas
C03421,EcoSport,2021,109670,PJ_Frota,Nordeste,9.6,0,5,9,1042.11,4.0,0,0,1,App FordPass,0,plano_frota
C03692,Ka,2017,142798,PF,Sudeste,13.0,0,0,13,639.01,10.0,0,0,0,E-mail,0,desconto_pecas
C01763,Ka,2015,162022,PF,Sudeste,17.6,0,4,14,795.72,3.0,0,0,3,WhatsApp,1,desconto_pecas
C03879,Ranger,2025,11742,PF,Sudeste,7.2,1,1,4,482.27,6.0,1,0,0,App FordPass,0,pacote_revisoes
C04880,Ka,2021,76094,PF,Sudeste,10.4,0,6,10,800.71,6.0,0,0,1,WhatsApp,0,checkup_gratuito
C01625,Bronco Sport,2022,93496,PF,Sudeste,4.6,0,6,13,937.16,8.0,1,0,1,WhatsApp,0,revisao_preco_fixo
C07939,Territory,2022,41730,PF,Nordeste,10.5,0,1,58,1122.65,3.0,1,0,0,E-mail,1,checkup_gratuito
C09727,EcoSport,2015,71441,PF,Sudeste,11.0,0,4,5,728.84,10.0,0,0,0,E-mail,0,desconto_pecas
C07496,EcoSport,2018,177961,PF,Norte,62.5,0,1,40,837.21,8.0,0,0,0,E-mail,1,checkup_gratuito
C09160,EcoSport,2015,90788,PF,Sul,19.1,0,6,60,949.03,7.0,0,0,0,Ligacao,1,checkup_gratuito
C02226,Bronco Sport,2026,2172,PF,Sudeste,14.5,1,0,3,29130.0,8.0,1,0,0,App FordPass,0,pacote_revisoes
C02045,Ka,2018,224583,PF,Nordeste,5.1,0,13,14,654.85,4.0,1,0,0,App FordPass,1,desconto_pecas
C03305,Ka,2017,89543,PF,Sudeste,8.4,0,4,3,,8.0,0,0,0,WhatsApp,0,desconto_pecas
C04388,Bronco Sport,2021,137276,PJ_Frota,Sudeste,11.0,0,9,44,1010.59,7.0,0,0,0,App FordPass,1,checkup_gratuito
C03167,Ka,2021,57447,PF,Sudeste,,0,1,9,670.08,7.0,0,0,0,WhatsApp,0,revisao_preco_fixo
C09254,Maverick,2022,46860,PF,Sudeste,7.4,0,0,10,899.61,6.0,1,0,1,App FordPass,0,revisao_preco_fixo
C00731,Ka,2020,84011,PF,Sudeste,5.4,0,7,11,615.08,7.0,0,0,0,App FordPass,0,desconto_pecas
C01200,Territory,2016,115112,PF,Nordeste,5.6,0,8,4,1145.17,7.0,0,0,0,WhatsApp,0,desconto_pecas
C07980,Ranger,2025,14089,PJ_Frota,Norte,30.3,1,1,38,965.18,7.0,1,0,0,App FordPass,0,plano_frota
C03769,Territory,2026,6063,PF,Sudeste,3.8,1,0,2,917.03,9.0,1,0,0,App FordPass,0,pacote_revisoes
C04670,Ka,2015,152832,PF,Sul,13.9,0,14,29,756.38,7.0,0,0,0,E-mail,1,checkup_gratuito
C00432,Territory,2014,114435,PF,Sudeste,6.9,0,6,5,1437.39,5.0,0,0,1,WhatsApp,0,desconto_pecas
C02700,Territory,2020,63172,PF,Sul,13.2,0,4,6,505.15,6.0,1,0,0,App FordPass,1,revisao_preco_fixo
C04746,Ranger,2022,171598,PJ_Frota,Sudeste,12.6,0,13,3,783.88,7.0,0,0,0,App FordPass,0,plano_frota
C01471,Ka,2015,163451,PF,Sudeste,5.3,0,10,24,772.78,9.0,0,0,1,E-mail,1,checkup_gratuito
C09983,Territory,2021,72891,PF,Sul,8.5,0,6,0,771.71,9.0,0,0,0,WhatsApp,0,revisao_preco_fixo
C09440,Territory,2018,84748,PF,Sudeste,3.0,0,3,60,1226.28,10.0,0,0,0,WhatsApp,0,checkup_gratuito
C09647,Ranger,2021,58837,PF,Sudeste,9.2,0,1,3,1278.01,6.0,0,0,0,E-mail,1,revisao_preco_fixo
C08305,Ka,2020,148665,PF,Nordeste,5.3,0,8,21,875.53,8.0,1,0,0,App FordPass,1,revisao_preco_fixo
C07532,Ranger,2026,4069,PF,Sudeste,7.5,1,0,4,1020.14,5.0,1,0,0,Ligacao,0,pacote_revisoes
C09138,EcoSport,2014,96668,PF,Sudeste,15.0,0,3,12,1162.67,9.0,0,0,0,E-mail,1,desconto_pecas
C01264,Territory,2024,35184,PF,Sudeste,11.2,1,3,9,586.43,10.0,1,1,0,App FordPass,0,pacote_revisoes
C08476,Maverick,2016,130085,PF,Norte,6.9,0,9,33,991.64,3.0,0,1,0,E-mail,0,checkup_gratuito
C08000,Ranger,2021,83080,PF,Sudeste,14.1,0,2,6,864.85,,0,0,0,WhatsApp,1,revisao_preco_fixo
C02556,Ka,2020,75523,PF,Sudeste,12.1,0,3,4,777.77,7.0,0,0,1,Ligacao,0,revisao_preco_fixo
C00605,Maverick,2021,123578,PF,Sudeste,,0,10,9,915.08,,0,1,0,App FordPass,0,desconto_pecas
C03378,Ranger,2014,174966,PF,Nordeste,17.4,0,6,27,969.98,6.0,0,0,0,Ligacao,1,desconto_pecas
C04152,Ranger,2024,41193,PF,Norte,24.3,1,3,21,645.74,5.0,1,0,0,App FordPass,1,pacote_revisoes
C08418,EcoSport,2017,53197,PF,Nordeste,22.6,0,3,18,566.19,8.0,0,0,0,WhatsApp,1,pacote_revisoes
C07765,Ka,2017,94000,PF,Sudeste,9.1,0,1,9,591.11,6.0,0,0,0,WhatsApp,1,checkup_gratuito
C08142,EcoSport,2019,95483,PF,Norte,20.7,0,3,1,895.76,8.0,1,0,0,WhatsApp,0,revisao_preco_fixo
C04335,Ka,2019,68245,PF,Sudeste,14.5,0,1,34,890.22,8.0,1,0,0,Ligacao,1,revisao_preco_fixo
C03507,Maverick,2022,40126,PF,Nordeste,21.4,0,4,12,664.68,5.0,1,0,0,WhatsApp,0,desconto_pecas
C03358,Territory,2021,92243,PF,Sudeste,13.4,0,6,9,958.92,8.0,0,0,0,WhatsApp,1,revisao_preco_fixo
C08258,Bronco Sport,2022,92441,PF,Sudeste,7.8,0,5,26,1320.73,8.0,1,0,0,WhatsApp,0,revisao_preco_fixo
C02049,EcoSport,2018,70548,PF,Nordeste,8.2,0,5,5,920.78,7.0,0,0,0,App FordPass,0,desconto_pecas
C06382,Territory,2019,69727,PF,Centro-Oeste,22.0,0,2,3,800.14,9.0,0,0,0,E-mail,1,pacote_revisoes
C04391,Bronco Sport,2014,161637,PF,Sudeste,10.8,0,0,35,1858.25,,0,1,0,E-mail,1,desconto_pecas
C00660,EcoSport,2015,126280,PF,Sudeste,10.0,0,4,2,889.52,,0,0,0,WhatsApp,0,desconto_pecas
C05145,Maverick,2025,7311,PF,Sudeste,7.4,1,1,5,853.95,10.0,0,0,0,App FordPass,0,pacote_revisoes
C04360,EcoSport,2019,91795,PF,Sudeste,8.8,0,2,45,601.04,4.0,0,0,2,App FordPass,1,desconto_pecas
C05172,Maverick,2020,79083,PF,Sudeste,7.0,0,6,26,942.97,9.0,0,0,0,Ligacao,0,revisao_preco_fixo
C04500,Ka,2018,157706,PF,Sudeste,9.0,0,2,17,591.5,7.0,1,0,0,E-mail,0,desconto_pecas
C07599,Territory,2025,16874,PF,Sul,13.1,1,1,10,569.82,5.0,1,0,0,WhatsApp,1,desconto_pecas
C01257,Maverick,2019,78893,PF,Sudeste,19.3,0,6,33,1582.46,6.0,1,0,0,WhatsApp,0,revisao_preco_fixo
C00644,Territory,2024,27003,PF,Nordeste,12.0,1,1,1,979.04,9.0,1,0,0,App FordPass,0,pacote_revisoes
C08012,Territory,2026,3481,PF,Sul,,1,0,2,1090.16,5.0,0,0,0,WhatsApp,1,pacote_revisoes
C06202,Ranger,2019,87178,PF,Sudeste,8.7,0,7,3,1452.95,9.0,0,0,0,WhatsApp,0,revisao_preco_fixo
C05668,Territory,2014,62480,PF,Sudeste,17.4,0,10,41,1117.53,9.0,0,0,0,E-mail,1,revisao_preco_fixo
C06978,Maverick,2016,192968,PF,Norte,10.6,0,4,60,1279.0,5.0,1,0,0,App FordPass,1,checkup_gratuito
C08930,Territory,2024,47785,PJ_Frota,Centro Oeste,33.5,1,3,8,667.28,7.0,0,0,0,E-mail,0,plano_frota
C00005,Transit,2026,10936,PJ_Frota,Sudeste,4.6,1,1,0,1158.59,8.0,0,0,0,WhatsApp,0,plano_frota
C02165,EcoSport,2015,113695,PF,Sudeste,14.5,0,4,60,864.92,,0,0,0,WhatsApp,1,revisao_preco_fixo
C08075,Ranger,2016,155490,PF,Centro-Oeste,,0,7,60,1984.12,7.0,0,0,0,WhatsApp,1,revisao_preco_fixo
C04430,EcoSport,2016,90459,PF,Sudeste,22.9,0,3,60,752.35,6.0,0,0,1,App FordPass,1,checkup_gratuito
C01510,Ka,2014,124022,PF,Sudeste,4.5,0,3,1,921.15,6.0,0,0,0,App FordPass,0,desconto_pecas
C09877,Maverick,2019,127029,PF,Nordeste,8.7,0,11,29,1031.52,9.0,0,0,0,WhatsApp,0,checkup_gratuito
C01079,EcoSport,2015,107565,PF,Nordeste ,12.3,0,5,45,,6.0,0,0,0,WhatsApp,1,checkup_gratuito
C03435,Territory,2018,136335,PF,Sul,17.1,0,10,16,1401.49,,0,0,1,WhatsApp,1,desconto_pecas
C04590,EcoSport,2015,160386,PF,Norte,47.7,0,0,6,1176.48,5.0,1,0,0,App FordPass,1,checkup_gratuito
C01585,Transit,2023,50993,PJ_Frota,Norte,50.6,1,5,4,889.18,7.0,0,1,0,E-mail,0,pacote_revisoes
C08055,Territory,2019,116733,PF,Sudeste,7.6,0,5,9,1057.78,,0,0,0,WhatsApp,1,revisao_preco_fixo
C05930,Transit,2019,325483,PJ_Frota,Nordeste,10.0,0,14,50,1060.23,7.0,0,0,0,Ligacao,1,desconto_pecas
C07236,Ranger,2019,101637,PF,Nordeste,25.5,0,8,28,1614.65,10.0,0,0,0,Ligacao,0,revisao_preco_fixo
C09062,Ranger,2014,402723,PJ_Frota,Sul,11.2,0,8,5,1043.21,7.0,0,0,0,WhatsApp,1,desconto_pecas
C01454,EcoSport,2019,108535,PF,Nordeste,11.2,0,7,30,884.63,10.0,0,0,0,Ligacao,1,revisao_preco_fixo
C00093,Ranger,2015,670163,PJ_Frota,Nordeste,22.0,0,7,38,1838.02,7.0,0,0,0,WhatsApp,1,desconto_pecas
C02874,Ka,2017,149666,PF,Sudeste,5.0,0,9,3,533.87,9.0,1,1,0,App FordPass,1,desconto_pecas
C02288,Ka,2014,468006,PJ_Frota,Norte,39.3,0,25,44,446.66,6.0,0,0,2,WhatsApp,1,desconto_pecas
C07009,Ranger,2024,20497,PF,Sudeste,4.3,1,2,4,673.46,9.0,1,0,1,App FordPass,0,pacote_revisoes
C01098,Maverick,2015,134385,PF,Sudeste,6.4,0,3,12,1544.77,5.0,0,0,0,App FordPass,1,desconto_pecas
C01977,Transit,2020,284065,PJ_Frota,Sul,5.6,0,15,35,728.34,5.0,1,0,0,App FordPass,0,desconto_pecas
C02761,Mustang,2015,187967,PF,Sul,9.3,0,3,9,2527.97,6.0,0,0,1,Ligacao,1,desconto_pecas
C07911,Ka,2016,104104,PF,Nordeste,3.5,0,2,26,955.8,8.0,1,0,2,WhatsApp,1,desconto_pecas
C04408,Maverick,2026,3567,PF,Sudeste,,1,0,13,773.82,6.0,1,1,0,WhatsApp,0,pacote_revisoes
C04336,Ka,2019,73031,PF,Sudeste,4.5,0,0,5,,7.0,0,0,1,E-mail,0,revisao_preco_fixo
C09095,Territory,2026,5159,PF,Sul,7.4,1,0,0,453.15,8.0,1,0,1,WhatsApp,0,revisao_preco_fixo
C06323,Ka,2021,72083,PF,Nordeste,9.5,0,3,13,433.75,5.0,0,0,0,WhatsApp,1,revisao_preco_fixo
C05174,Ka,2020,179208,PJ_Frota,Sudeste,8.3,0,12,1,1156.05,8.0,0,0,0,WhatsApp,0,plano_frota
C04831,EcoSport,2016,251393,PF,Sul,6.5,0,2,54,440.39,7.0,1,1,1,WhatsApp,1,revisao_preco_fixo
C06872,Ranger,2023,53823,PF,Sul,18.0,1,5,6,1027.54,,0,0,0,App FordPass,0,revisao_preco_fixo
C05403,Ka,2017,148433,PF,Nordeste,7.7,0,6,5,627.33,8.0,0,0,0,WhatsApp,0,desconto_pecas
C05401,EcoSport,2015,92025,PF,Sudeste,13.2,0,0,60,718.17,5.0,0,0,0,E-mail,1,checkup_gratuito
C01849,Bronco Sport,2023,29397,PF,Sudeste,11.8,1,1,4,1205.47,,1,0,1,App FordPass,0,pacote_revisoes
C09222,EcoSport,2021,194821,PJ_Frota,Sudeste,2.7,0,7,13,478.06,,0,0,0,E-mail,1,plano_frota
C07777,Maverick,2022,45735,PF,Sudeste,17.3,0,4,17,660.58,6.0,0,0,0,E-mail,0,revisao_preco_fixo
C06726,Ka,2021,41931,PF,Norte,10.2,0,4,3,595.54,,1,0,0,App FordPass,0,revisao_preco_fixo
C04677,Ka,2014,132500,PF,Nordeste,76.0,0,0,60,934.07,7.0,1,0,0,WhatsApp,1,checkup_gratuito
C03080,EcoSport,2020,65452,PF,Sudeste,9.5,0,4,9,641.78,,1,0,0,App FordPass,0,desconto_pecas
C01376,Territory,2015,216548,PF,Centro-Oeste,42.6,0,5,60,762.67,,0,0,0,App FordPass,1,checkup_gratuito
C08577,EcoSport,2016,101971,PF,SUDESTE,,0,3,36,986.89,9.0,0,0,0,WhatsApp,1,checkup_gratuito
C07804,EcoSport,2020,71377,PF,Sudeste,10.9,0,5,6,995.18,7.0,0,0,1,WhatsApp,0,revisao_preco_fixo
C05606,Ka,2020,69824,PF,Sudeste,3.0,0,5,37,668.6,6.0,0,0,0,WhatsApp,1,revisao_preco_fixo
C06997,Ranger,2023,44003,PF,Nordeste,23.5,1,3,1,862.97,8.0,0,0,0,Ligacao,0,pacote_revisoes
C09246,Ranger,2016,127336,PF,Sudeste,13.4,0,12,60,1323.58,9.0,0,0,0,E-mail,0,checkup_gratuito
C05878,Bronco Sport,2025,10255,PF,Nordeste,5.5,1,0,9,636.28,,1,0,0,WhatsApp,0,pacote_revisoes
C01355,Ka,2016,265758,PJ_Frota,Sudeste,13.8,0,6,26,,7.0,1,0,0,App FordPass,1,desconto_pecas
C05384,EcoSport,2021,103558,PF,Sudeste,22.4,0,0,4,673.36,10.0,1,0,1,E-mail,1,pacote_revisoes
C06551,EcoSport,2020,124030,PF,Nordeste,24.6,0,9,30,520.88,9.0,0,0,0,WhatsApp,0,desconto_pecas
C01601,Ka,2018,83410,PF,Sudeste,11.0,0,3,2,521.73,6.0,0,0,0,E-mail,0,desconto_pecas
C08391,Ranger,2026,3444,PF,Sudeste,9.2,1,0,1,839.18,6.0,1,0,0,Ligacao,0,pacote_revisoes
C04009,Territory,2022,78050,PF,Nordeste,,0,2,36,659.59,,1,0,0,App FordPass,1,revisao_preco_fixo
C04400,Maverick,2016,170274,PF,Sudeste,12.0,0,10,2,990.36,4.0,0,0,0,E-mail,1,desconto_pecas
C04586,Ranger,2020,90802,PF,Nordeste ,13.9,0,2,3,1062.79,6.0,0,0,1,WhatsApp,0,revisao_preco_fixo
C04460,Ranger,2022,-71498,PF,Nordeste,13.7,0,3,1,1633.17,5.0,1,0,0,Ligacao,0,pacote_revisoes
C03696,EcoSport,2015,132580,PF,Sudeste,18.3,0,5,34,755.55,5.0,0,0,0,Ligacao,1,checkup_gratuito
C08203,Territory,2015,325655,PJ_Frota,Sudeste,8.9,0,23,20,1787.57,8.0,1,0,0,WhatsApp,0,checkup_gratuito
C08731,Ranger,2026,6154,PF,Sudeste,20.5,1,0,4,690.19,9.0,1,0,0,,0,pacote_revisoes
C02396,EcoSport,2016,138804,PF,Sudeste,5.9,0,3,14,1233.08,,0,0,1,App FordPass,1,checkup_gratuito
C03726,Transit,2018,110980,PJ_Frota,Sul,19.0,0,10,20,1201.19,6.0,1,0,0,E-mail,0,checkup_gratuito
C08351,Mustang,2020,123158,PF,Nordeste,35.3,0,5,27,859.67,8.0,1,0,0,Ligacao,1,revisao_preco_fixo
C07280,Bronco Sport,2015,114992,PF,Sudeste,9.8,0,6,24,1408.26,9.0,0,0,0,E-mail,0,desconto_pecas
C01036,EcoSport,2014,120406,PF,sul,19.2,0,7,14,784.95,5.0,0,0,0,E-mail,1,desconto_pecas
C07948,EcoSport,2019,94032,PF,Sudeste,4.5,0,4,28,578.89,,1,0,0,,1,desconto_pecas
C02905,Territory,2021,57926,PF,Centro-Oeste,114.9,0,1,4,1043.09,9.0,1,0,0,WhatsApp,1,revisao_preco_fixo
C04709,EcoSport,2016,81187,PF,Nordeste ,24.4,0,1,22,1084.66,6.0,0,0,0,App FordPass,1,revisao_preco_fixo
C06073,Ka,2016,101573,PF,Sudeste,4.3,0,8,60,779.87,10.0,0,0,0,WhatsApp,1,checkup_gratuito
C01502,Ranger,2018,163881,PF,Sul,22.2,0,6,2,1015.5,6.0,0,0,1,WhatsApp,1,revisao_preco_fixo
C08403,Maverick,2023,70778,PF,Sudeste,9.2,1,2,2,1255.11,,1,0,1,E-mail,0,pacote_revisoes
C00515,Ka,2018,88459,PF,Sudeste,2.8,0,7,10,441.6,5.0,0,0,0,WhatsApp,0,plano_frota
C05512,Ranger,2017,88937,PF,norte,32.6,0,3,10,1666.22,8.0,0,0,0,WhatsApp,1,desconto_pecas
C08265,Transit,2018,242494,PJ_Frota,Nordeste ,7.3,0,17,2,1082.78,8.0,0,0,0,WhatsApp,0,plano_frota
C03594,Ka,2021,65906,PF,Nordeste,6.5,0,2,2,884.42,9.0,1,0,0,App FordPass,1,checkup_gratuito
C07886,EcoSport,2020,76184,PF,Centro-Oeste,13.7,0,4,36,1246.0,5.0,0,0,1,WhatsApp,1,revisao_preco_fixo
C00949,EcoSport,2015,153979,PJ_Frota,Sudeste,4.7,0,4,0,860.42,9.0,0,0,0,App FordPass,0,plano_frota
C07378,Ranger,2023,37469,PF,Nordeste,9.6,1,3,7,817.98,8.0,1,0,0,E-mail,0,pacote_revisoes
C00286,Ka,2015,107471,PF,Centro-Oeste,27.6,0,4,60,352.69,6.0,0,0,0,Ligacao,1,checkup_gratuito
C02359,Ka,2014,150897,PF,Norte,26.8,0,2,60,1035.6,6.0,0,0,1,E-mail,1,checkup_gratuito
C09129,Territory,2017,102394,PF,Nordeste,21.7,0,0,4,1199.47,7.0,0,0,0,E-mail,1,desconto_pecas
C00063,Bronco Sport,2023,83729,PJ_Frota,Sudeste,6.2,1,5,0,1110.98,6.0,1,0,0,E-mail,0,plano_frota
C04397,Bronco Sport,2019,381379,PJ_Frota,Sudeste,9.2,0,30,5,1099.56,9.0,0,0,0,App FordPass,1,desconto_pecas
C02550,Ranger,2026,6464,PF,Sul,6.6,1,0,11,538.97,,1,0,0,App FordPass,0,pacote_revisoes
C02962,Ka,2017,109580,PF,Nordeste,12.1,0,1,28,614.15,5.0,0,0,0,E-mail,1,revisao_preco_fixo
C05353,Territory,2020,97024,PF,Nordeste,22.8,0,6,34,1655.57,7.0,1,0,0,App FordPass,1,revisao_preco_fixo
C09744,Maverick,2017,92293,PF,Sudeste,10.8,0,5,1,869.24,8.0,0,0,0,WhatsApp,0,desconto_pecas
C08220,EcoSport,2014,223358,PF,Nordeste,21.9,0,14,20,765.46,4.0,0,1,1,E-mail,1,desconto_pecas
C05670,Territory,2018,57493,PF,Centro-Oeste,,0,2,8,1135.08,7.0,0,0,0,App FordPass,0,desconto_pecas
C03433,EcoSport,2021,64317,PF,Nordeste,9.5,0,3,22,,8.0,0,0,0,WhatsApp,0,revisao_preco_fixo
C03728,Bronco Sport,2026,2449,PF,Sudeste,5.7,1,0,1,652.92,9.0,1,0,0,App FordPass,0,pacote_revisoes
C08810,Maverick,2017,130428,PF,Nordeste,2.1,0,11,48,1754.34,10.0,0,0,0,App FordPass,1,desconto_pecas
C00807,Ka,2014,120762,PF,SUDESTE,12.2,0,6,60,983.12,8.0,0,0,1,App FordPass,1,checkup_gratuito
C05119,Ranger,2022,74402,PJ_Frota,Sudeste,5.4,0,3,21,1178.08,,1,1,0,App FordPass,1,plano_frota
C01730,Transit,2022,101402,PJ_Frota,Centro-Oeste,23.0,0,8,7,1045.83,9.0,1,0,0,App FordPass,0,plano_frota
C01478,Ranger,2022,45075,PF,Nordeste,10.3,0,4,8,1648.55,9.0,0,0,0,WhatsApp,0,pacote_revisoes
C02252,Ranger,2022,31336,PF,Nordeste,9.6,0,1,6,1120.8,6.0,0,0,1,App FordPass,1,revisao_preco_fixo
C04573,Ranger,2016,101695,PF,Sudeste,4.2,0,3,15,,8.0,0,0,0,App FordPass,1,checkup_gratuito
C00956,Bronco Sport,2014,125062,PF,Norte,23.5,0,2,36,1414.15,9.0,0,0,0,Ligacao,1,revisao_preco_fixo
C09489,Mustang,2024,24285,PF,Norte,21.8,1,1,4,1146.77,6.0,0,0,1,App FordPass,0,pacote_revisoes
C08572,Maverick,2021,100338,PF,Sudeste,9.0,0,8,10,885.12,8.0,1,0,0,App FordPass,0,revisao_preco_fixo
C04837,Ka,2016,176011,PF,Sudeste,8.2,0,4,31,744.71,6.0,0,0,1,E-mail,1,plano_frota
C07864,Bronco Sport,2023,42963,PF,Norte,27.5,1,3,5,1718.25,9.0,1,0,0,WhatsApp,0,pacote_revisoes
C09625,Bronco Sport,2017,238526,PJ_Frota,SUDESTE,13.2,0,12,60,1367.56,6.0,0,0,0,E-mail,1,checkup_gratuito
C03571,Ka,2018,90354,PF,Sudeste,8.8,0,4,16,,8.0,0,0,0,WhatsApp,1,desconto_pecas
C00771,Territory,2026,5895,PF,Sudeste,,1,0,19,842.02,7.0,0,0,0,WhatsApp,1,pacote_revisoes
C08699,Ka,2020,48781,PF,Sudeste,7.7,0,2,4,995.04,8.0,1,0,0,App FordPass,0,pacote_revisoes
C09367,Maverick,2019,63379,PF,Centro-Oeste,19.1,0,7,60,906.31,7.0,0,0,1,E-mail,1,revisao_preco_fixo
C01499,Territory,2019,111177,PF,Sudeste,6.3,0,7,31,599.71,6.0,1,0,0,WhatsApp,0,revisao_preco_fixo
C09121,Transit,2024,29389,PF,Sudeste,11.7,1,1,13,1034.76,7.0,0,0,0,WhatsApp,1,pacote_revisoes
C07932,Ka,2018,154440,PF,Sudeste,2.9,0,10,2,613.63,10.0,0,0,0,WhatsApp,0,desconto_pecas
C00631,Maverick,2026,3097,PF,Sudeste,4.6,1,0,2,376.36,5.0,1,0,0,WhatsApp,0,pacote_revisoes
C08634,Ka,2020,95651,PF,Centro-Oeste,57.0,0,3,12,539.52,6.0,0,0,0,WhatsApp,0,desconto_pecas
C02253,Territory,2017,104708,PF,Sudeste,4.7,0,1,6,622.89,9.0,0,0,0,App FordPass,0,desconto_pecas
C01719,Maverick,2023,30513,PF,Norte,38.0,1,2,4,801.48,4.0,1,0,1,WhatsApp,0,pacote_revisoes
C02311,Ka,2017,83047,PF,Sul,9.6,0,6,51,1326.4,6.0,0,0,0,WhatsApp,1,checkup_gratuito
C06338,Ka,2015,117961,PF,Sul,23.2,0,4,31,793.44,7.0,0,0,0,WhatsApp,1,checkup_gratuito
C01217,Territory,2017,197615,PF,Sudeste,10.5,0,16,16,1001.83,9.0,0,0,1,,0,desconto_pecas
C09938,Bronco Sport,2021,59060,PF,Sudeste,3.8,0,2,3,806.17,8.0,0,0,1,Ligacao,1,revisao_preco_fixo
C04735,Bronco Sport,2014,124172,PF,Sudeste,8.5,0,9,20,1499.84,9.0,0,0,0,WhatsApp,0,desconto_pecas
C00264,Transit,2014,255318,PJ_Frota,Sudeste,9.0,0,16,48,2448.21,7.0,0,0,0,App FordPass,1,plano_frota
C04622,Territory,2016,108001,PF,Norte,28.5,0,6,31,1603.44,7.0,0,0,0,E-mail,1,revisao_preco_fixo
C04261,Mustang,2016,164742,PF,Nordeste,27.4,0,6,60,1374.92,,0,0,0,WhatsApp,1,checkup_gratuito
C09768,Territory,2015,129966,PF,Nordeste,17.5,0,5,60,1251.74,5.0,0,0,1,WhatsApp,0,checkup_gratuito
C07895,Territory,2015,142905,PF,Norte,19.3,0,7,2,845.8,6.0,0,0,0,App FordPass,0,desconto_pecas
C09213,Ka,2020,102156,PF,Sul,20.0,0,7,2,532.22,8.0,1,0,0,E-mail,1,desconto_pecas
C01655,Ranger,2025,18868,PF,Sul,19.4,1,1,0,733.16,10.0,0,0,1,Ligacao,0,pacote_revisoes
C00530,Territory,2021,49565,PF,Nordeste,17.2,0,3,1,724.16,6.0,0,0,0,WhatsApp,0,desconto_pecas
C06659,Ranger,2024,20547,PF,Sudeste,8.7,1,1,0,962.16,8.0,0,0,1,WhatsApp,0,pacote_revisoes
C05194,Mustang,2022,-81108,PF,Sul,7.3,0,4,9,1332.39,8.0,1,0,0,WhatsApp,0,revisao_preco_fixo
C00848,Ka,2020,97166,PF,Nordeste,49.8,0,2,30,583.0,6.0,0,1,0,WhatsApp,0,checkup_gratuito
C04382,EcoSport,2020,132957,PF,Nordeste,25.4,0,6,37,670.4,,0,0,0,WhatsApp,1,checkup_gratuito
C07831,Territory,2023,50651,PF,Sudeste,8.7,1,5,0,735.06,8.0,1,1,0,WhatsApp,0,pacote_revisoes
C02668,Territory,2019,66209,PF,Sudeste,2.9,0,5,17,1431.42,6.0,0,0,0,Ligacao,1,revisao_preco_fixo
C00656,Maverick,2026,8407,PF,Nordeste,10.1,1,0,16,1125.72,8.0,1,0,1,WhatsApp,0,pacote_revisoes
C08575,Ranger,2019,135358,PF,Sul,,0,13,13,990.23,10.0,0,0,0,Ligacao,0,desconto_pecas
C07887,EcoSport,2017,-131860,PF,Nordeste,26.2,0,9,4,780.06,8.0,0,1,2,WhatsApp,0,desconto_pecas
C05066,Territory,2023,22441,PF,Centro-Oeste,10.8,1,2,2,1264.47,4.0,0,0,0,WhatsApp,0,pacote_revisoes
C08376,Bronco Sport,2024,31113,PF,Nordeste ,17.1,1,3,10,1225.29,,1,0,0,WhatsApp,0,pacote_revisoes
C05566,Territory,2023,50541,PJ_Frota,Nordeste,33.8,1,1,2,1016.12,10.0,0,0,0,WhatsApp,0,pacote_revisoes
C06241,Ka,2020,81229,PF,Centro-Oeste,12.1,0,4,60,801.86,6.0,1,0,0,WhatsApp,1,checkup_gratuito
C01772,Territory,2026,2603,PF,Sudeste,4.9,1,0,1,622.41,10.0,0,0,0,E-mail,0,pacote_revisoes
C02026,Maverick,2024,29216,PF,Norte,19.8,1,1,2,832.28,8.0,1,0,0,WhatsApp,0,pacote_revisoes
C01534,Ka,2016,183963,PF,SUDESTE,2.5,0,12,47,670.63,9.0,1,1,0,App FordPass,1,checkup_gratuito
C03331,EcoSport,2021,126911,PF,Sul,4.5,0,3,9,750.82,,0,0,0,E-mail,1,revisao_preco_fixo
C05456,Ka,2019,68801,PF,Nordeste,20.9,0,2,23,928.21,8.0,0,1,0,WhatsApp,1,revisao_preco_fixo
C02826,Ranger,2026,7270,PF,Centro-Oeste,22.0,1,0,5,794.19,4.0,1,0,1,WhatsApp,0,pacote_revisoes
C07810,Ka,2017,267017,PF,Centro-Oeste,9.9,0,14,18,824.08,9.0,0,1,0,E-mail,0,desconto_pecas
C01077,Ranger,2020,161566,PJ_Frota,Sul,9.1,0,8,3,930.93,7.0,0,0,0,App FordPass,1,plano_frota
C04008,Ka,2016,124880,PF,Norte,31.2,0,2,38,1120.85,3.0,0,0,0,App FordPass,1,checkup_gratuito
C05711,Ranger,2025,17410,PJ_Frota,Sudeste,6.4,1,1,5,,7.0,0,0,0,WhatsApp,0,plano_frota
C09900,EcoSport,2014,161023,PF,Sudeste,7.5,0,2,8,762.4,7.0,0,0,0,WhatsApp,1,desconto_pecas
C02816,EcoSport,2021,66526,PF,Norte,57.5,0,4,6,367.79,6.0,0,1,0,E-mail,0,pacote_revisoes
C08049,Territory,2015,338547,PF,Sul,5.1,0,6,46,1278.79,9.0,0,0,1,E-mail,1,revisao_preco_fixo
C01914,Ka,2014,199167,PF,Norte,24.8,0,14,34,840.17,9.0,0,0,0,Ligacao,0,desconto_pecas
C01821,Ranger,2020,53962,PF,Sudeste,10.3,0,1,47,779.49,,0,1,0,WhatsApp,1,checkup_gratuito
C07007,Ka,2017,188883,PF,Sul,7.7,0,11,9,790.59,6.0,0,0,0,WhatsApp,0,desconto_pecas
C09278,EcoSport,2019,59515,PF,Sul,5.9,0,1,8,972.01,6.0,0,0,0,Ligacao,0,pacote_revisoes
C02202,Mustang,2024,29281,PF,Nordeste,19.5,1,2,5,1942.96,7.0,0,0,0,,0,pacote_revisoes
C07550,Mustang,2024,48365,PJ_Frota,Sudeste,4.6,1,3,13,1539.22,5.0,1,0,0,E-mail,0,pacote_revisoes
C01997,EcoSport,2016,197305,PF,Sudeste,7.8,0,10,19,836.0,4.0,1,0,1,App FordPass,1,checkup_gratuito
C06958,Ranger,2021,55295,PF,Nordeste,12.5,0,0,19,1811.15,,0,0,0,App FordPass,1,revisao_preco_fixo
C07972,Ranger,2022,46958,PF,SUDESTE,5.0,0,2,11,1826.71,9.0,0,0,0,Ligacao,0,revisao_preco_fixo
C04451,Transit,2014,215907,PF,Norte,74.3,0,3,5,1281.93,6.0,0,0,0,App FordPass,0,desconto_pecas
C04669,EcoSport,2015,294426,PF,Sudeste,2.4,0,15,25,628.07,7.0,0,0,0,Ligacao,1,desconto_pecas
C04356,Transit,2021,70687,PF,Sudeste,9.9,0,5,2,717.29,6.0,1,0,0,E-mail,0,revisao_preco_fixo
C01248,Mustang,2031,51572,PF,Sudeste,9.1,0,0,38,2529.29,8.0,0,0,0,App FordPass,1,checkup_gratuito
C09373,Transit,2020,215144,PJ_Frota,Nordeste,22.2,0,7,60,1800.37,6.0,0,0,0,WhatsApp,1,revisao_preco_fixo
C08489,Bronco Sport,2024,17950,PF,Sudeste,4.0,1,2,6,944.79,8.0,1,0,0,Ligacao,0,pacote_revisoes
C04051,Territory,2014,162741,PF,Centro-Oeste,38.5,0,7,28,3439.85,9.0,0,0,0,WhatsApp,1,revisao_preco_fixo
C01306,Territory,2019,133620,PF,Sudeste,29.3,0,4,50,977.38,10.0,0,0,0,WhatsApp,1,revisao_preco_fixo
C09428,Territory,2017,129479,PF,Sudeste,12.6,0,3,4,1319.48,,1,0,0,App FordPass,0,revisao_preco_fixo
C08081,Territory,2014,90916,PF,Nordeste,10.2,0,5,37,1215.64,9.0,0,0,0,WhatsApp,1,desconto_pecas
C02495,Ranger,2018,57537,PF,Norte,38.5,0,1,2,1462.69,8.0,0,0,0,App FordPass,1,revisao_preco_fixo
C08665,Territory,2023,55944,PF,Sul,11.8,1,5,2,1201.68,7.0,0,0,0,WhatsApp,0,pacote_revisoes
C03573,Ranger,2022,67449,PF,Nordeste,14.6,0,3,7,1373.33,,0,0,1,WhatsApp,0,revisao_preco_fixo
C09456,EcoSport,2014,162666,PF,Sudeste,8.4,0,10,47,876.05,8.0,0,0,2,WhatsApp,1,desconto_pecas
C01305,Transit,2021,137938,PJ_Frota,Sul,5.6,0,4,20,1322.35,3.0,1,0,0,App FordPass,1,revisao_preco_fixo
C00832,Ranger,2023,101713,PJ_Frota,Sudeste,2.2,1,7,4,1018.92,2.0,0,0,2,WhatsApp,0,checkup_gratuito
C00175,Ka,2020,74513,PF,Nordeste,12.4,0,4,0,842.36,4.0,0,0,1,App FordPass,0,revisao_preco_fixo
C02213,Ranger,2024,27557,PF,Centro Oeste,33.6,1,2,1,777.68,9.0,0,0,0,WhatsApp,0,checkup_gratuito
C08405,Maverick,2018,141532,PF,Nordeste,11.7,0,2,21,955.78,6.0,0,0,1,,1,pacote_revisoes
C05307,EcoSport,2018,130360,PF,Centro-Oeste,47.3,0,8,40,1681.74,8.0,0,0,1,App FordPass,1,desconto_pecas
C07827,Ka,2018,94333,PF,Sudeste,11.1,0,7,4,673.78,7.0,1,0,0,WhatsApp,0,desconto_pecas
C00755,EcoSport,2020,60906,PF,Sul,6.9,0,2,11,676.77,8.0,0,0,0,E-mail,0,revisao_preco_fixo
C03705,Ka,2021,41974,PF,Nordeste,14.1,0,4,2,1033.28,7.0,1,0,0,App FordPass,0,checkup_gratuito
C08268,Bronco Sport,2025,9926,PF,Sudeste,3.7,1,1,7,1278.42,6.0,1,0,0,App FordPass,0,pacote_revisoes
C06863,EcoSport,2014,220548,PF,Sudeste,8.5,0,2,50,977.84,5.0,0,0,0,App FordPass,1,checkup_gratuito
C01404,Ka,2021,314690,PJ_Frota,Nordeste,11.4,0,13,18,446.46,8.0,0,0,1,WhatsApp,0,plano_frota
C05150,Territory,2019,81457,PF,Sudeste,6.8,0,5,0,1044.32,10.0,0,0,0,WhatsApp,0,desconto_pecas
C00075,EcoSport,2021,68439,PF,Nordeste,16.8,0,0,0,817.95,6.0,0,0,1,WhatsApp,1,revisao_preco_fixo
C05035,Ka,2015,324125,PF,Sudeste,10.3,0,13,14,534.56,5.0,1,0,0,WhatsApp,1,desconto_pecas
C01056,Mustang,2015,329960,PF,Sudeste,4.7,0,12,4,2925.09,6.0,0,0,1,E-mail,1,desconto_pecas
C06794,Territory,2022,78989,PF,Nordeste,32.0,0,3,54,971.59,7.0,0,1,0,App FordPass,1,checkup_gratuito
C09196,Territory,2014,155804,PF,Sudeste,9.0,0,5,60,1032.62,5.0,0,0,0,E-mail,1,checkup_gratuito
C00945,EcoSport,2016,146423,PF,Norte,43.2,0,1,16,1021.96,6.0,0,0,0,E-mail,1,desconto_pecas
C05909,Ka,2018,101986,PF,Sudeste,21.6,0,5,60,534.02,9.0,0,0,0,WhatsApp,1,checkup_gratuito
C08420,EcoSport,2014,93259,PF,norte,49.8,0,5,32,752.55,9.0,0,0,0,WhatsApp,1,desconto_pecas
C08614,Ka,2019,76848,PF,Sul,10.9,0,5,20,,8.0,1,0,0,App FordPass,0,revisao_preco_fixo
C06292,Mustang,2022,39224,PF,Sudeste,13.3,0,2,11,1717.44,7.0,1,0,1,WhatsApp,1,revisao_preco_fixo
C04393,Territory,2021,40949,PF,Centro-Oeste,23.7,0,2,2,913.48,9.0,1,0,0,App FordPass,0,revisao_preco_fixo
C05131,Ka,2018,135737,PF,Sudeste,7.6,0,10,23,1112.25,8.0,0,0,0,E-mail,0,checkup_gratuito
C02331,Ranger,2024,23433,PF,Nordeste,18.1,1,2,6,655.84,9.0,1,0,0,App FordPass,0,pacote_revisoes
C09969,Ranger,2025,9282,PF,Sudeste,3.1,1,1,3,950.08,8.0,1,0,0,App FordPass,0,pacote_revisoes
C01572,Ranger,2023,51615,PF,Sudeste,19.6,1,3,9,433.12,7.0,1,0,0,App FordPass,0,pacote_revisoes
C08813,Transit,2023,185110,PJ_Frota,Sudeste,5.8,1,17,4,862.34,9.0,1,0,0,WhatsApp,0,plano_frota
C01747,Ranger,2018,145879,PF,Sudeste,3.6,0,3,12,1286.51,3.0,0,0,0,WhatsApp,0,checkup_gratuito
C05151,Ka,2015,128207,PF,Norte,99.8,0,1,5,681.27,10.0,0,0,0,App FordPass,1,desconto_pecas
C06874,EcoSport,2016,203060,PF,Nordeste,,0,0,60,,6.0,0,0,1,App FordPass,1,desconto_pecas
C06062,Ka,2017,137225,PF,Sul,15.8,0,2,22,545.84,7.0,1,0,1,App FordPass,1,checkup_gratuito
C06325,Ka,2021,80326,PF,Sul,8.4,0,1,6,918.03,7.0,0,0,0,WhatsApp,0,desconto_pecas
C08478,EcoSport,2017,136574,PF,Nordeste,11.3,0,6,5,1044.3,9.0,1,0,0,App FordPass,0,desconto_pecas
C09306,Maverick,2026,5496,PF,Sudeste,5.2,1,0,9,701.79,6.0,1,0,1,E-mail,0,pacote_revisoes
C02164,Maverick,2023,51420,PF,Sudeste,4.0,1,5,1,988.4,7.0,1,0,1,E-mail,1,pacote_revisoes
C01809,Ka,2021,69133,PF,Centro-Oeste,10.7,0,5,19,532.62,10.0,1,0,0,App FordPass,1,pacote_revisoes
C08523,Ranger,2026,3479,PF,Sudeste,5.2,1,0,1,,6.0,1,0,1,WhatsApp,0,pacote_revisoes
C03909,Maverick,2026,4454,PF,Sudeste,23.3,1,0,1,908.13,,1,0,0,App FordPass,0,pacote_revisoes
C09006,Ka,2018,144336,PF,Norte,75.8,0,1,17,587.9,,0,0,0,WhatsApp,1,desconto_pecas
C03004,Ka,2015,88126,PF,Sudeste,5.5,0,4,35,961.33,7.0,0,0,0,App FordPass,0,checkup_gratuito
C03703,Territory,2016,105761,PF,Sul,,0,2,60,1175.8,7.0,1,0,0,App FordPass,1,checkup_gratuito
C04010,EcoSport,2020,67981,PF,Centro-Oeste,6.3,0,2,50,606.77,9.0,0,0,0,App FordPass,1,checkup_gratuito
C06671,EcoSport,2016,83059,PF,Norte,67.7,0,1,5,1313.33,8.0,1,0,1,WhatsApp,0,plano_frota
C06069,Ka,2020,82176,PF,Sudeste,3.2,0,5,2,597.7,6.0,1,0,0,WhatsApp,0,revisao_preco_fixo
C05089,EcoSport,2014,192609,PF,Sul,27.6,0,2,7,672.55,,0,0,0,E-mail,1,revisao_preco_fixo
C04065,Maverick,2018,72352,PF,Sul,8.7,0,2,24,794.39,7.0,0,0,1,WhatsApp,1,checkup_gratuito
C07840,Maverick,2021,55542,PF,Sudeste,19.8,0,4,22,876.1,4.0,0,0,2,Ligacao,0,checkup_gratuito
C08922,Ka,2018,87780,PF,Norte,89.7,0,1,25,728.97,7.0,0,0,0,E-mail,1,checkup_gratuito
C04547,EcoSport,2016,245989,PF,SUDESTE,8.0,0,13,60,1397.95,6.0,0,0,0,App FordPass,1,checkup_gratuito
C06316,Ranger,2026,3720,PF,Nordeste,4.9,1,0,0,1148.7,5.0,1,0,0,App FordPass,0,pacote_revisoes
C04202,Ka,2020,97777,PF,Centro-Oeste,28.0,0,1,11,533.77,10.0,0,0,0,Ligacao,1,revisao_preco_fixo
C03638,Maverick,2023,40267,PF,Centro-Oeste,66.5,1,2,1,783.31,9.0,1,0,0,App FordPass,1,pacote_revisoes
C06010,Bronco Sport,2017,92717,PF,Sudeste,3.4,0,9,11,743.76,10.0,0,0,1,WhatsApp,0,desconto_pecas
C07512,Ka,2016,100111,PF,Sul,10.0,0,6,43,361.96,,1,0,0,App FordPass,0,checkup_gratuito
C01073,Transit,2017,164538,PF,Sudeste,26.4,0,6,0,1128.48,10.0,0,0,0,App FordPass,0,desconto_pecas
C01262,EcoSport,2021,112302,PF,Sul,15.9,0,8,12,296.41,8.0,0,0,0,App FordPass,0,revisao_preco_fixo
C04576,Maverick,2025,15389,PF,Nordeste,16.4,1,1,3,660.13,7.0,0,0,0,Ligacao,0,desconto_pecas
C08904,Transit,2025,19968,PJ_Frota,SUDESTE,7.0,1,1,5,925.74,6.0,0,0,0,WhatsApp,0,plano_frota
C08800,Ka,2021,83351,PF,Sudeste,5.3,0,6,5,479.36,4.0,0,0,1,E-mail,0,revisao_preco_fixo
C09817,Ka,2019,61446,PF,Sudeste,2.8,0,5,38,540.08,10.0,0,0,0,App FordPass,0,revisao_preco_fixo
C07219,Ka,2020,56045,PF,Sudeste,4.2,0,5,18,884.8,8.0,1,0,0,App FordPass,0,revisao_preco_fixo
C06593,Maverick,2014,180227,PF,Sudeste,11.9,0,4,53,961.23,6.0,0,0,0,E-mail,1,checkup_gratuito
C04569,Territory,2017,103024,PF,Norte,63.1,0,3,12,992.87,6.0,0,0,0,WhatsApp,0,revisao_preco_fixo
C08659,Ranger,2024,31585,PF,Sul,4.7,1,3,0,1518.27,8.0,0,0,0,WhatsApp,0,pacote_revisoes
C01951,Ka,2020,110674,PF,Sul,7.9,0,6,14,443.57,7.0,0,0,0,WhatsApp,0,checkup_gratuito
C02912,Ranger,2026,9506,PJ_Frota,Sudeste,8.9,1,0,8,904.96,8.0,1,0,0,App FordPass,0,plano_frota
C00152,Ka,2020,130633,PF,Sudeste,24.3,0,8,13,835.13,7.0,0,0,0,,1,desconto_pecas
C01417,Ranger,2025,13557,PF,Sul,4.8,1,1,6,1069.9,9.0,1,0,0,App FordPass,0,pacote_revisoes
C09072,Territory,2015,186952,PF,Norte,9.6,0,10,10,1357.9,,1,0,1,WhatsApp,0,desconto_pecas
C01327,Territory,2022,54232,PF,Sudeste,9.2,0,5,13,823.19,8.0,0,0,0,WhatsApp,0,revisao_preco_fixo
C05713,Territory,2023,47150,PF,Nordeste ,15.7,1,1,0,546.57,9.0,1,1,0,,0,pacote_revisoes
C00724,Ka,2018,80434,PF,Norte,44.2,0,4,9,514.22,5.0,0,1,0,Ligacao,0,desconto_pecas
C00350,Territory,2014,96064,PF,SUDESTE,8.3,0,7,57,1146.69,6.0,0,0,0,Ligacao,1,checkup_gratuito
C04861,Mustang,2022,55563,PF,Nordeste,21.1,0,5,3,,,0,0,0,Ligacao,0,pacote_revisoes
C03976,Ka,2016,125899,PF,Sudeste,5.5,0,6,20,518.49,8.0,0,1,0,WhatsApp,0,desconto_pecas
C05310,Ranger,2018,88440,PF,Sul,6.0,0,7,47,728.79,,0,0,0,App FordPass,1,checkup_gratuito
C04284,Mustang,2024,64125,PF,Sul,10.2,1,4,6,2606.58,,0,0,0,WhatsApp,0,pacote_revisoes
C09490,Ranger,2026,4954,PF,Sul,20.3,1,0,14,990.82,7.0,1,0,0,App FordPass,1,checkup_gratuito
C05515,Transit,2019,351207,PJ_Frota,Sudeste,9.7,0,14,11,,9.0,1,0,0,,0,desconto_pecas
C04729,Ranger,2018,76193,PF,Sul,6.2,0,2,60,,6.0,0,0,0,App FordPass,1,checkup_gratuito
C07912,Ranger,2026,2498,PF,Sudeste,6.3,1,0,18,785.59,8.0,1,0,0,WhatsApp,1,pacote_revisoes
C06165,Territory,2024,20561,PF,Sudeste,2.7,1,2,7,951.17,7.0,1,0,0,,0,pacote_revisoes
C09398,Maverick,2018,158230,PF,Centro-Oeste,18.5,0,6,37,2422.36,10.0,0,0,0,Ligacao,1,revisao_preco_fixo
C06788,Bronco Sport,2022,43384,PF,Nordeste,24.6,0,3,5,1462.88,9.0,1,0,0,WhatsApp,0,revisao_preco_fixo
C04756,Ranger,2016,132153,PF,Sudeste,12.0,0,7,16,1133.95,6.0,0,0,1,,0,desconto_pecas
C07430,Maverick,2014,175567,PF,Sudeste,6.3,0,16,14,,9.0,0,0,0,App FordPass,0,desconto_pecas
C03474,Ranger,2024,45210,PJ_Frota,Sul,18.2,1,1,5,1221.41,5.0,1,0,1,WhatsApp,0,plano_frota
C03446,Territory,2016,111803,PF,Norte,61.7,0,9,3,632.32,10.0,0,0,0,App FordPass,0,desconto_pecas
C06206,Ranger,2026,2322,PF,norte,29.1,1,0,5,729.46,7.0,0,0,0,WhatsApp,0,pacote_revisoes
C06956,EcoSport,2015,266809,PF,Sudeste,23.3,0,11,19,1503.74,6.0,0,1,0,Ligacao,0,desconto_pecas
C01855,Transit,2021,36750,PF,Sudeste,9.5,0,3,9,1139.15,7.0,0,0,0,Ligacao,0,revisao_preco_fixo
C09136,Ranger,2024,29881,PF,Centro-Oeste,30.2,1,0,30,833.27,8.0,0,0,0,WhatsApp,0,pacote_revisoes
C07828,Maverick,2022,64477,PF,Sul,8.4,0,1,8,897.51,8.0,1,0,0,WhatsApp,0,revisao_preco_fixo
C01592,Transit,2015,259444,PJ_Frota,Norte,32.7,0,3,32,1298.22,8.0,0,0,0,App FordPass,1,checkup_gratuito
C05302,Bronco Sport,2025,11969,PF,Centro-Oeste,,1,1,7,1050.56,7.0,0,1,0,E-mail,0,checkup_gratuito
C08271,Ka,2015,101107,PF,Norte,18.1,0,2,56,709.68,9.0,0,0,0,WhatsApp,1,checkup_gratuito
C05716,Maverick,2016,299974,PF,Sudeste,13.2,0,17,32,827.12,7.0,1,0,0,Ligacao,0,desconto_pecas
C06713,Territory,2026,4254,PF,Sul,27.7,1,0,3,567.85,6.0,1,0,0,,0,pacote_revisoes
C07390,EcoSport,2015,168148,PF,Sul,15.3,0,3,60,462.36,8.0,0,0,0,App FordPass,1,desconto_pecas
C02806,EcoSport,2016,80696,PF,Norte,19.3,0,6,34,1223.97,,0,0,0,WhatsApp,1,checkup_gratuito
C09034,Ranger,2016,182355,PF,Norte,22.7,0,6,13,1124.58,5.0,0,0,1,Ligacao,0,desconto_pecas
C03823,Ka,2017,274450,PJ_Frota,Centro Oeste,27.6,0,16,29,521.45,10.0,0,0,0,WhatsApp,1,plano_frota
C00984,Ka,2019,93124,PF,Nordeste,11.0,0,3,19,668.77,9.0,0,1,0,WhatsApp,0,checkup_gratuito
C00484,Ka,2019,89159,PF,Sudeste,5.9,0,4,0,691.23,6.0,0,0,0,Ligacao,0,revisao_preco_fixo
C02636,Ranger,2020,63229,PF,Sudeste,18.0,0,2,60,1197.79,10.0,1,0,0,,1,revisao_preco_fixo
C03382,Transit,2020,161951,PJ_Frota,Sudeste,5.1,0,7,6,727.13,5.0,0,1,0,WhatsApp,1,plano_frota
C01602,Territory,2026,4096,PF,Sudeste,5.5,1,0,5,584.57,5.0,1,0,0,E-mail,0,pacote_revisoes
C00449,Territory,2023,29923,PF,SUDESTE,8.4,1,2,4,1085.91,,1,0,1,App FordPass,0,checkup_gratuito
C00234,Transit,2018,293075,PJ_Frota,Nordeste,14.4,0,27,13,1291.01,8.0,0,0,2,WhatsApp,0,desconto_pecas
C04515,EcoSport,2016,83909,PF,Nordeste,6.7,0,5,31,764.51,,0,0,0,Ligacao,1,desconto_pecas
C05931,EcoSport,2014,120944,PF,sul,13.3,0,3,52,1249.28,5.0,0,0,0,WhatsApp,1,desconto_pecas
C07994,Ka,2015,164856,PF,Sudeste,5.6,0,12,13,696.01,9.0,0,0,0,E-mail,0,desconto_pecas
C04520,Ka,2015,120475,PF,Sudeste,4.3,0,3,9,646.78,7.0,0,1,0,Ligacao,0,desconto_pecas
C01600,Mustang,2025,29295,PF,Centro-Oeste,26.6,1,2,3,2112.62,5.0,1,0,0,WhatsApp,0,checkup_gratuito
C08858,EcoSport,2017,107189,PF,Sudeste,19.9,0,4,31,878.1,6.0,1,0,0,WhatsApp,0,checkup_gratuito
C02498,Maverick,2014,121387,PF,Sudeste,6.1,0,5,60,1035.19,,0,1,0,App FordPass,0,checkup_gratuito
C09011,Territory,2020,82202,PF,Nordeste,18.5,0,8,9,,9.0,1,0,0,App FordPass,0,revisao_preco_fixo
C01604,EcoSport,2014,224344,PF,Sudeste,3.2,0,15,60,1182.09,6.0,0,0,0,App FordPass,1,desconto_pecas
C05728,Mustang,2025,12397,PF,Norte,41.6,1,1,2,2295.86,6.0,0,0,0,WhatsApp,0,pacote_revisoes
C02470,Ranger,2024,84284,PJ_Frota,Nordeste,11.9,1,4,5,1111.03,7.0,1,0,0,App FordPass,0,plano_frota
C09286,Maverick,2020,71862,PF,Nordeste,17.0,0,5,17,1330.97,9.0,0,0,0,Ligacao,0,revisao_preco_fixo
C08251,Ka,2018,84716,PF,Sudeste,6.3,0,2,5,731.08,7.0,0,0,0,WhatsApp,0,checkup_gratuito
C06683,Maverick,2014,188052,PF,Nordeste,31.4,0,5,60,878.85,6.0,0,0,1,App FordPass,1,checkup_gratuito
C02565,Ranger,2021,124014,PJ_Frota,Sudeste,5.9,0,3,4,642.9,7.0,0,0,0,E-mail,0,revisao_preco_fixo
C04826,Ka,2020,129889,PF,Centro-Oeste,24.0,0,6,47,1115.82,7.0,0,0,0,WhatsApp,1,revisao_preco_fixo
C08084,Ka,2014,165025,PF,Norte,68.8,0,3,60,635.78,,0,0,0,,1,checkup_gratuito
C02653,Bronco Sport,2023,45703,PF,Nordeste,17.6,1,4,4,1716.26,9.0,0,0,0,WhatsApp,0,desconto_pecas
C00085,Ka,2016,136937,PF,Centro-Oeste,93.0,0,4,19,840.45,8.0,0,0,0,WhatsApp,1,desconto_pecas
C06350,Bronco Sport,2025,17956,PF,Sudeste,16.4,1,1,38,892.93,7.0,1,0,0,WhatsApp,1,checkup_gratuito
C01790,Bronco Sport,2022,43485,PF,Nordeste,17.7,0,0,4,755.01,8.0,1,0,0,WhatsApp,1,revisao_preco_fixo
C02825,Bronco Sport,2018,121823,PF,Centro-Oeste,15.4,0,2,60,1294.37,,0,0,0,,1,checkup_gratuito
C09520,Mustang,2016,164649,PF,Sudeste,10.4,0,7,46,2238.28,5.0,0,0,0,WhatsApp,1,desconto_pecas
C08429,Territory,2018,69754,PF,Sul,16.1,0,7,38,1055.54,7.0,0,0,0,WhatsApp,1,checkup_gratuito
C07035,Territory,2021,35580,PF,Nordeste,13.5,0,5,6,1086.01,10.0,1,0,0,WhatsApp,0,revisao_preco_fixo
C07073,Ranger,2020,114781,PF,Sudeste,9.0,0,7,1,1152.26,8.0,0,0,0,Ligacao,0,revisao_preco_fixo
C01617,Territory,2026,7193,PF,Sudeste,9.2,1,0,8,16003.25,7.0,1,0,0,WhatsApp,0,pacote_revisoes
C02084,Territory,2016,170979,PF,Centro-Oeste,14.6,0,13,7,1324.86,4.0,0,0,0,App FordPass,0,desconto_pecas
C01102,Maverick,2026,4830,PF,Nordeste,31.9,1,0,0,627.19,,0,0,0,E-mail,0,pacote_revisoes
C06820,Territory,2017,157166,PF,Sudeste,12.5,0,7,22,1108.36,5.0,0,0,1,WhatsApp,1,desconto_pecas
C06961,Ka,2018,126022,PF,Nordeste,16.6,0,3,23,1194.48,7.0,0,0,0,E-mail,0,revisao_preco_fixo
C08506,Territory,2021,64851,PF,Nordeste,6.4,0,5,3,2406.07,4.0,1,0,0,App FordPass,0,checkup_gratuito
C05923,EcoSport,2016,134926,PF,Nordeste,9.4,0,9,40,904.09,8.0,0,0,0,E-mail,1,desconto_pecas
C01165,Maverick,2017,65280,PF,Sul,17.1,0,8,11,1078.9,7.0,0,0,1,Ligacao,0,desconto_pecas
C08131,Mustang,2014,150329,PF,Sudeste,7.5,0,11,60,2443.81,8.0,0,0,0,E-mail,1,revisao_preco_fixo
C05008,Bronco Sport,2024,15658,PF,Sudeste,6.2,1,2,6,1110.8,7.0,0,0,2,E-mail,0,pacote_revisoes
C01368,Ka,2018,79676,PF,Nordeste,30.8,0,4,22,632.65,7.0,0,1,0,Ligacao,0,checkup_gratuito
C06866,Ranger,2020,121819,PF,Sudeste,18.8,0,10,4,1802.65,7.0,0,0,0,E-mail,0,revisao_preco_fixo
C03841,Territory,2021,76664,PF,Sul,11.1,0,6,0,1133.44,10.0,0,0,1,App FordPass,0,revisao_preco_fixo
C08089,Ka,2020,83332,PF,Sudeste,10.5,0,1,11,1081.78,3.0,0,0,0,Ligacao,1,revisao_preco_fixo
C05960,Ka,2018,134380,PF,Nordeste,29.1,0,6,23,1118.13,7.0,0,0,0,WhatsApp,1,desconto_pecas
C00089,Ranger,2015,162964,PF,Sul,12.4,0,6,60,2272.24,7.0,0,0,0,Ligacao,1,revisao_preco_fixo
C00082,Maverick,2025,9293,PF,Sudeste,24.1,1,0,5,531.27,8.0,1,0,0,E-mail,0,pacote_revisoes
C04810,Ranger,2016,92877,PF,Norte,29.2,0,1,21,1016.33,7.0,0,0,0,E-mail,1,revisao_preco_fixo
C04444,Ka,2015,112574,PF,Nordeste,26.0,0,2,60,974.1,6.0,0,0,0,E-mail,1,checkup_gratuito
C04497,Ranger,2023,69609,PJ_Frota,Sudeste,5.2,1,4,35,1605.49,7.0,0,0,0,Ligacao,0,plano_frota
C03425,Ranger,2024,62700,PJ_Frota,Sudeste,7.8,1,6,0,1335.03,7.0,1,0,0,App FordPass,0,pacote_revisoes
C03273,Bronco Sport,2016,148481,PF,Sudeste,17.2,0,9,24,1308.59,7.0,0,0,0,WhatsApp,1,checkup_gratuito
C01084,Transit,2026,7386,PJ_Frota,Sudeste,3.1,1,0,6,1410.91,,1,0,0,App FordPass,0,plano_frota
C04157,Ka,2021,73341,PF,Centro-Oeste,19.7,0,1,3,705.17,6.0,1,0,0,WhatsApp,1,pacote_revisoes
C06571,Ranger,2019,118135,PJ_Frota,Nordeste,,0,6,40,574.89,7.0,0,0,0,E-mail,1,plano_frota
C05003,Ka,2017,86319,PF,Centro-Oeste,69.6,0,3,13,529.11,7.0,0,0,0,WhatsApp,0,desconto_pecas
C06150,Maverick,2015,183509,PF,Sudeste,,0,7,33,576.88,5.0,0,0,1,Ligacao,1,desconto_pecas
C01864,Territory,2021,41477,PF,Sudeste,5.9,0,5,5,821.34,7.0,0,0,0,E-mail,0,desconto_pecas
C09479,Bronco Sport,2017,112673,PF,Sul,20.7,0,1,5,,6.0,0,0,1,App FordPass,1,desconto_pecas
C01518,Ka,2019,108085,PF,Sudeste,3.6,0,7,0,524.02,7.0,0,1,1,App FordPass,0,revisao_preco_fixo
C07879,Transit,2026,6361,PJ_Frota,Sul,8.9,1,0,1,736.94,,1,0,1,App FordPass,0,plano_frota
C00987,Ka,2014,160133,PF,Norte,48.5,0,1,60,864.39,9.0,0,0,0,WhatsApp,1,desconto_pecas
C00901,EcoSport,2020,53712,PF,Sudeste,6.3,0,0,21,403.31,6.0,1,0,0,App FordPass,1,revisao_preco_fixo
C03294,Ranger,2015,189776,PJ_Frota,Sudeste,2.2,0,14,60,857.66,6.0,0,0,0,Ligacao,1,checkup_gratuito
C01347,Ranger,2014,100517,PF,Sudeste,10.4,0,2,51,2019.79,6.0,0,0,1,WhatsApp,1,revisao_preco_fixo
C02250,Ranger,2020,93077,PF,Sudeste,9.8,0,6,13,1039.01,,1,1,0,WhatsApp,0,pacote_revisoes
C04347,Maverick,2017,72626,PF,Centro-Oeste,8.7,0,3,60,1343.35,8.0,0,0,0,E-mail,1,checkup_gratuito
C08233,Territory,2016,131360,PF,Nordeste,8.4,0,10,40,983.42,8.0,0,0,0,,0,desconto_pecas
C03688,Territory,2023,54480,PF,Sudeste,9.1,1,4,0,631.12,6.0,1,0,1,App FordPass,0,pacote_revisoes
C07019,Ranger,2022,80849,PF,Sudeste,3.7,0,1,8,932.27,5.0,0,0,2,WhatsApp,1,revisao_preco_fixo
C01830,Ranger,2017,176296,PJ_Frota,Sudeste,27.7,0,4,5,1112.11,9.0,1,1,0,E-mail,0,plano_frota
C03467,EcoSport,2014,116987,PF,Nordeste,14.0,0,5,13,1256.27,7.0,0,0,0,WhatsApp,0,desconto_pecas
C00108,Ka,2014,77537,PF,Centro-Oeste,147.3,0,0,60,656.13,8.0,0,0,0,E-mail,1,checkup_gratuito
C08457,Mustang,2021,72533,PF,Sudeste,9.3,0,3,3,2395.76,4.0,0,0,2,WhatsApp,0,revisao_preco_fixo
C03918,Territory,2020,86003,PF,Sudeste,8.7,0,0,34,1433.34,8.0,0,0,0,,1,revisao_preco_fixo
C09029,Ka,2014,151392,PF,Centro-Oeste,15.8,0,6,38,1097.44,5.0,1,0,1,App FordPass,1,revisao_preco_fixo
C09602,Territory,2015,74481,PF,Norte,56.1,0,4,4,1138.49,8.0,1,0,0,,1,desconto_pecas
C06508,Territory,2016,120405,PF,Sul,6.0,0,8,54,1108.82,,0,1,0,E-mail,1,checkup_gratuito
C08535,EcoSport,2019,114835,PF,Sudeste,13.3,0,6,15,422.56,5.0,0,0,1,WhatsApp,0,plano_frota
C02707,EcoSport,2015,79975,PF,Sudeste,27.1,0,4,60,784.07,9.0,0,0,0,WhatsApp,1,checkup_gratuito
C01491,Maverick,2018,96024,PF,Sudeste,2.8,0,8,4,879.38,7.0,0,0,2,WhatsApp,0,desconto_pecas
C06963,Ranger,2026,4496,PF,Centro-Oeste,7.5,1,0,2,1452.65,6.0,0,0,0,Ligacao,0,pacote_revisoes
C05575,Ka,2021,79189,PF,Sudeste,13.9,0,6,13,350.89,9.0,0,0,0,App FordPass,0,revisao_preco_fixo
C08083,Territory,2025,11776,PF,Nordeste,17.1,1,1,3,685.24,6.0,1,1,0,WhatsApp,0,pacote_revisoes
C09506,Territory,2016,86681,PF,Nordeste,43.7,0,5,35,1037.88,8.0,0,0,0,E-mail,1,revisao_preco_fixo
C03462,Ka,2021,63977,PF,Sul,10.8,0,2,22,846.18,7.0,0,0,0,WhatsApp,0,revisao_preco_fixo
C02191,Territory,2023,44049,PF,Sudeste,3.4,1,4,1,707.47,,0,0,0,App FordPass,0,pacote_revisoes
C06795,Ranger,2025,12309,PF,Sul,9.5,1,1,3,882.63,9.0,1,0,0,E-mail,0,pacote_revisoes
C07347,Ranger,2026,4630,PF,Sul,22.0,1,0,3,904.82,5.0,1,0,0,App FordPass,0,pacote_revisoes
C01586,EcoSport,2017,202529,PF,Nordeste,11.0,0,10,4,693.79,5.0,0,0,1,WhatsApp,0,desconto_pecas
C00527,Transit,2016,252256,PJ_Frota,Nordeste,11.1,0,10,18,992.54,6.0,0,0,2,WhatsApp,1,plano_frota
C01541,EcoSport,2014,124538,PF,Sudeste,3.1,0,7,5,927.99,6.0,0,0,1,E-mail,1,desconto_pecas
C08032,Territory,2017,124572,PF,Sudeste,2.9,0,3,32,758.03,7.0,0,0,0,WhatsApp,1,checkup_gratuito
C03109,Transit,2020,233132,PJ_Frota,Sudeste,13.3,0,16,26,741.28,5.0,0,1,0,WhatsApp,0,checkup_gratuito
C03136,Maverick,2014,234763,PF,Sudeste,7.0,0,5,57,1214.03,6.0,0,0,0,E-mail,1,desconto_pecas
C03021,Bronco Sport,2017,69977,PF,Sul,16.2,0,2,60,1523.77,7.0,0,1,0,App FordPass,1,checkup_gratuito
C07342,Maverick,2021,76426,PF,Sudeste,3.0,0,6,1,1085.96,7.0,1,0,0,App FordPass,0,revisao_preco_fixo
C01192,Maverick,2026,3687,PF,Nordeste,14.7,1,0,1,927.65,10.0,0,0,0,WhatsApp,0,pacote_revisoes
C06543,Ranger,2023,33179,PF,Centro-Oeste,16.9,1,3,0,941.48,,1,0,0,App FordPass,0,pacote_revisoes
C05592,Territory,2018,123043,PF,Sul,12.7,0,2,11,663.87,5.0,0,0,0,WhatsApp,1,revisao_preco_fixo
C07668,Territory,2023,35293,PF,sul,6.8,1,3,14,,5.0,1,0,0,App FordPass,0,pacote_revisoes
C00581,Ranger,2017,89348,PF,SUDESTE,4.0,0,4,3,1960.95,9.0,0,0,0,WhatsApp,0,revisao_preco_fixo
C04954,EcoSport,2015,96472,PF,Nordeste,13.5,0,9,26,751.37,6.0,0,0,1,WhatsApp,1,desconto_pecas
C09771,Bronco Sport,2024,42086,PF,Sudeste,12.2,1,1,6,646.08,4.0,1,0,1,App FordPass,1,pacote_revisoes
C04102,Ranger,2022,24286,PF,Norte,82.2,0,1,6,918.16,8.0,0,0,1,WhatsApp,0,revisao_preco_fixo
C00655,EcoSport,2018,139341,PF,Sudeste,9.5,0,8,41,532.09,7.0,0,0,0,App FordPass,1,desconto_pecas
C09599,Ranger,2020,155566,PF,Sul,6.0,0,5,8,669.24,9.0,0,0,1,WhatsApp,0,checkup_gratuito
C09473,Ka,2021,48837,PF,Sudeste,12.1,0,3,9,1082.58,9.0,0,0,1,App FordPass,0,revisao_preco_fixo
C00998,Transit,2018,110933,PF,Sul,23.7,0,8,38,629.33,,0,0,1,WhatsApp,1,desconto_pecas
C08884,Ranger,2024,15288,PF,Sudeste,14.7,1,1,2,1193.79,6.0,0,0,0,WhatsApp,0,pacote_revisoes
C08667,Territory,2019,110644,PF,Centro-Oeste,15.5,0,1,50,1338.03,6.0,1,0,0,App FordPass,1,revisao_preco_fixo
C04523,Maverick,2024,21170,PF,Centro-Oeste,40.2,1,2,15,1013.01,8.0,0,0,0,E-mail,0,pacote_revisoes
C05478,Territory,2020,62736,PF,Sudeste,5.7,0,5,8,1379.13,5.0,1,0,1,Ligacao,0,revisao_preco_fixo
C05939,Maverick,2024,38240,PF,Sudeste,9.4,1,3,1,558.69,6.0,0,0,0,WhatsApp,0,pacote_revisoes
C07105,Ka,2015,104929,PF,sul,10.5,0,5,60,568.82,6.0,0,0,0,App FordPass,1,checkup_gratuito
C05808,Ka,2018,106996,PF,Sudeste,6.7,0,5,23,868.54,6.0,0,0,0,WhatsApp,1,desconto_pecas
C05314,EcoSport,2017,129070,PF,Sudeste,7.5,0,3,11,570.42,5.0,0,0,0,WhatsApp,0,revisao_preco_fixo
C04744,Ka,2015,287273,PF,Norte,40.4,0,8,35,668.26,6.0,0,0,0,Ligacao,1,desconto_pecas
C07813,EcoSport,2018,157009,PF,SUDESTE,5.0,0,5,16,531.7,9.0,0,0,1,App FordPass,0,checkup_gratuito
C01705,Transit,2025,26402,PJ_Frota,Sudeste,7.2,1,2,1,757.6,7.0,0,0,0,WhatsApp,1,plano_frota
C09387,Maverick,2014,118454,PF,Sul,15.9,0,6,60,1067.69,8.0,0,0,0,E-mail,1,checkup_gratuito
C05912,Ranger,2021,59068,PF,Sudeste,4.0,0,4,8,982.85,,0,0,0,WhatsApp,0,revisao_preco_fixo
C02987,Ranger,2018,299521,PJ_Frota,Sudeste,5.7,0,16,1,1141.01,8.0,0,0,0,WhatsApp,0,desconto_pecas
C05777,Ranger,2015,121252,PF,Norte,25.0,0,5,60,1149.53,,0,0,0,WhatsApp,1,checkup_gratuito
C05347,Bronco Sport,2020,103325,PF,Sudeste,4.3,0,6,8,1509.06,7.0,0,0,0,WhatsApp,0,desconto_pecas
C05509,Territory,2017,181665,PF,Sudeste,7.6,0,7,25,1087.03,10.0,0,0,0,WhatsApp,1,desconto_pecas
C05602,Mustang,2018,-114584,PF,Nordeste,6.1,0,9,60,1481.2,,0,0,0,WhatsApp,1,checkup_gratuito
C08638,Ranger,2014,297942,PJ_Frota,Sul,13.8,0,19,29,1938.51,7.0,0,0,1,App FordPass,1,desconto_pecas
C05297,EcoSport,2021,219771,PJ_Frota,Sudeste,15.8,0,5,60,563.55,7.0,0,1,1,E-mail,1,plano_frota
C09651,Maverick,2023,46138,PF,Sudeste,6.4,1,3,1,787.88,6.0,0,0,0,WhatsApp,0,revisao_preco_fixo
C06365,EcoSport,2020,90802,PF,Sudeste,11.0,0,2,34,446.48,7.0,1,0,1,E-mail,0,checkup_gratuito
C02320,Ka,2020,49855,PF,Sul,7.7,0,4,60,689.21,8.0,0,0,0,WhatsApp,1,revisao_preco_fixo
C07025,Ranger,2018,155473,PF,SUDESTE,4.9,0,9,8,1187.3,4.0,0,0,0,,0,checkup_gratuito
C01859,EcoSport,2018,60890,PF,Sul,15.1,0,4,14,663.23,8.0,0,0,0,WhatsApp,0,revisao_preco_fixo
C05240,Ka,2019,59572,PF,Nordeste,20.0,0,4,4,653.45,8.0,1,0,1,E-mail,1,revisao_preco_fixo
C09325,Ranger,2020,111213,PF,Sudeste,37.4,0,8,4,,4.0,0,0,0,WhatsApp,0,revisao_preco_fixo
C07026,Territory,2026,4629,PF,Norte,13.1,1,0,2,589.46,6.0,1,0,1,App FordPass,0,pacote_revisoes
C01554,EcoSport,2014,179837,PF,Nordeste,19.4,0,9,59,749.36,5.0,0,0,0,WhatsApp,1,desconto_pecas
C03182,Ranger,2017,112681,PF,Sudeste,8.7,0,7,7,1314.52,8.0,0,0,0,App FordPass,0,desconto_pecas
C07990,Territory,2015,113211,PF,Sudeste,14.2,0,1,60,1615.94,6.0,1,1,1,Ligacao,1,checkup_gratuito
C08325,EcoSport,2021,65028,PF,Nordeste,42.2,0,1,16,,7.0,0,0,1,WhatsApp,1,revisao_preco_fixo
C06918,EcoSport,2018,141035,PF,Sudeste,5.2,0,13,60,422.47,8.0,0,0,1,WhatsApp,1,checkup_gratuito
C07691,Ranger,2021,35852,PF,Sudeste,18.0,0,5,1,1218.64,,0,0,0,Ligacao,0,desconto_pecas
C04423,EcoSport,2019,92271,PF,Norte,22.2,0,1,60,763.16,7.0,0,1,0,WhatsApp,1,checkup_gratuito
C03000,Maverick,2019,107107,PF,Sudeste,8.0,0,3,18,1219.64,5.0,0,0,1,Ligacao,1,revisao_preco_fixo
C02096,Ka,2020,80453,PF,Sudeste,5.2,0,3,58,1060.8,7.0,0,0,0,Ligacao,1,revisao_preco_fixo
C05007,Territory,2023,48755,PF,Norte,44.0,1,3,19,1329.65,8.0,1,0,0,WhatsApp,0,checkup_gratuito
C04223,Ka,2014,283845,PF,Norte,26.7,0,10,21,592.26,7.0,0,0,0,E-mail,0,desconto_pecas
C04000,Bronco Sport,2020,62144,PF,Sul,11.6,0,2,2,,5.0,1,0,1,WhatsApp,0,revisao_preco_fixo
C00043,EcoSport,2019,188359,PF,Nordeste,13.3,0,3,3,671.61,9.0,0,0,2,Ligacao,1,revisao_preco_fixo
C06091,Ka,2020,56385,PF,Norte,,0,2,23,893.05,6.0,0,0,1,WhatsApp,1,revisao_preco_fixo
C01094,Territory,2015,165567,PF,Sudeste,,0,5,24,857.19,10.0,0,0,0,WhatsApp,1,desconto_pecas
C02293,EcoSport,2019,64848,PF,Nordeste,32.3,0,5,23,736.82,10.0,0,0,0,WhatsApp,0,revisao_preco_fixo
C09649,Ranger,2016,269471,PF,Sudeste,6.3,0,2,57,1106.87,5.0,0,0,0,App FordPass,1,desconto_pecas
C04893,EcoSport,2020,69411,PF,Centro-Oeste,30.1,0,3,2,538.63,4.0,1,0,0,App FordPass,0,desconto_pecas
C09984,Territory,2022,47121,PF,Nordeste,14.2,0,0,8,959.75,5.0,1,0,0,WhatsApp,0,revisao_preco_fixo
C07397,EcoSport,2019,84633,PF,Centro-Oeste,15.9,0,4,60,647.21,9.0,0,0,0,WhatsApp,0,checkup_gratuito
C07488,Ka,2015,106894,PF,Sul,12.2,0,11,10,528.7,9.0,0,0,1,App FordPass,0,desconto_pecas
C02544,Ranger,2015,238511,PF,Sudeste,14.1,0,7,38,1338.59,8.0,1,0,0,App FordPass,1,desconto_pecas
C08798,Ka,2019,79566,PF,Norte,132.8,0,1,29,699.57,8.0,1,0,0,Ligacao,1,desconto_pecas
C04386,EcoSport,2018,135074,PF,Sul,4.8,0,7,60,472.49,7.0,0,0,0,WhatsApp,1,checkup_gratuito
C00470,Ranger,2018,119550,PF,Sudeste,16.7,0,6,7,1485.42,5.0,0,0,0,Ligacao,0,revisao_preco_fixo
C01548,EcoSport,2018,86026,PF,Sudeste,5.7,0,5,43,1129.15,5.0,0,0,2,WhatsApp,1,revisao_preco_fixo
C09199,Ranger,2016,146835,PF,Sudeste,9.6,0,4,60,1527.19,7.0,0,0,0,WhatsApp,1,checkup_gratuito
C06679,Ranger,2026,2576,PF,Sudeste,5.3,1,0,5,980.86,8.0,1,0,0,App FordPass,0,pacote_revisoes
C07266,EcoSport,2016,120013,PF,Sudeste,7.1,0,11,60,1070.19,9.0,0,0,0,App FordPass,1,checkup_gratuito
C03682,Ranger,2023,32737,PF,Sudeste,4.3,1,3,1,1185.15,2.0,0,0,0,WhatsApp,0,pacote_revisoes
C04021,Ka,2019,76466,PF,Sudeste,2.9,0,5,18,,10.0,0,0,0,E-mail,0,desconto_pecas
C05837,Ranger,2023,38139,PF,Centro-Oeste,36.8,1,2,5,942.78,5.0,1,0,0,App FordPass,0,pacote_revisoes
C00173,Transit,2016,311046,PJ_Frota,Sudeste,10.8,0,16,8,1238.12,8.0,0,0,0,App FordPass,1,desconto_pecas
C08248,Ranger,2024,23593,PF,Norte,26.8,1,2,11,560.32,6.0,0,1,0,WhatsApp,0,pacote_revisoes
C03605,Ka,2020,56733,PF,Nordeste,10.1,0,4,1,,7.0,0,0,1,E-mail,1,revisao_preco_fixo
C06123,EcoSport,2018,113580,PF,Sudeste,14.2,0,5,2,569.73,7.0,0,1,0,E-mail,0,checkup_gratuito
C01677,Ranger,2025,18538,PJ_Frota,Norte,28.1,1,1,2,702.66,4.0,1,0,0,E-mail,0,checkup_gratuito
C00853,Mustang,2025,-17353,PF,Nordeste,6.3,1,1,6,1886.8,7.0,1,1,0,E-mail,0,pacote_revisoes
C08064,Transit,2024,31993,PF,Nordeste,7.1,1,3,2,929.99,4.0,1,0,1,WhatsApp,0,pacote_revisoes
C07412,Ka,2019,64325,PF,Sudeste,4.8,0,2,14,633.11,6.0,0,0,0,Ligacao,1,revisao_preco_fixo
C00051,Ka,2015,140161,PF,Sudeste,9.9,0,6,2,736.39,6.0,0,0,0,,1,desconto_pecas
C02110,Ranger,2017,149221,PF,Sul,9.9,0,5,41,1678.4,8.0,0,0,0,App FordPass,1,checkup_gratuito
C06201,Ranger,2016,294127,PJ_Frota,Sul,16.3,0,6,60,1017.27,8.0,0,0,0,WhatsApp,1,plano_frota
C03763,EcoSport,2015,141752,PF,Sudeste,16.0,0,12,60,710.32,4.0,0,0,0,WhatsApp,1,checkup_gratuito
C00864,Ka,2016,70134,PF,Sul,6.8,0,7,4,1000.13,9.0,0,0,0,WhatsApp,0,desconto_pecas
C06238,Maverick,2017,128474,PF,Sudeste,6.7,0,4,38,1465.25,5.0,0,0,0,WhatsApp,1,checkup_gratuito
C04690,Ranger,2018,55541,PF,Norte,26.7,0,5,60,1088.47,8.0,0,0,0,Ligacao,1,checkup_gratuito
C02897,EcoSport,2014,218785,PF,Sul,7.0,0,17,60,697.11,7.0,0,0,1,E-mail,1,desconto_pecas
C03089,Mustang,2014,231710,PF,Centro-Oeste,21.0,0,7,4,3394.14,9.0,0,0,1,WhatsApp,0,revisao_preco_fixo
C04971,Ka,2021,80577,PF,Nordeste,13.4,0,1,3,588.46,4.0,0,1,0,Ligacao,1,checkup_gratuito
C09247,Ranger,2020,42641,PF,Sul,4.4,0,2,8,1157.4,6.0,0,0,1,Ligacao,1,revisao_preco_fixo
C05358,Ranger,2022,42050,PF,Nordeste,13.6,0,3,2,1390.01,4.0,0,0,0,WhatsApp,0,revisao_preco_fixo
C09998,Ranger,2016,64904,PF,Nordeste,24.6,0,3,60,1223.86,8.0,0,0,0,WhatsApp,0,checkup_gratuito
C08052,Mustang,2018,70542,PF,Norte,45.7,0,1,11,1713.35,5.0,1,0,0,App FordPass,1,revisao_preco_fixo
C07102,Territory,2021,65653,PF,Centro-Oeste,,0,1,24,,6.0,1,0,1,WhatsApp,1,revisao_preco_fixo
C05666,EcoSport,2016,148416,PF,Nordeste ,5.0,0,7,60,1119.7,9.0,0,0,0,WhatsApp,1,checkup_gratuito
C00692,EcoSport,2017,122024,PF,Sudeste,7.1,0,9,22,621.07,,0,0,0,WhatsApp,0,desconto_pecas
C08732,Ranger,2019,198742,PJ_Frota,Centro-Oeste,27.8,0,6,60,1607.14,7.0,0,0,0,WhatsApp,1,checkup_gratuito
C00229,Ka,2018,160099,PF,Sudeste,18.1,0,4,4,824.1,6.0,0,1,0,App FordPass,0,desconto_pecas
C08814,Transit,2017,208812,PJ_Frota,Sul,22.1,0,7,22,1159.49,7.0,1,0,0,WhatsApp,1,plano_frota
C09890,Territory,2014,182778,PF,Sul,17.4,0,1,56,925.67,9.0,0,0,1,E-mail,1,checkup_gratuito
C07096,Ranger,2016,155404,PF,Sudeste,11.1,0,8,0,1077.61,10.0,0,0,0,App FordPass,0,desconto_pecas
C07534,EcoSport,2019,103639,PF,Sudeste,11.1,0,6,12,809.48,,0,0,0,WhatsApp,0,revisao_preco_fixo
C04003,EcoSport,2019,68205,PF,Sudeste,18.7,0,1,6,652.5,4.0,1,0,0,WhatsApp,0,desconto_pecas
C09914,EcoSport,2019,84375,PF,Sudeste,1.8,0,3,7,591.8,7.0,0,0,2,WhatsApp,0,revisao_preco_fixo
C09879,EcoSport,2016,131800,PJ_Frota,Nordeste,24.3,0,11,33,579.06,10.0,0,0,0,E-mail,0,plano_frota
C07529,Ka,2018,111871,PF,Sudeste,,0,8,3,415.01,7.0,0,0,0,WhatsApp,0,desconto_pecas
C05455,Ranger,2017,105586,PF,Norte,32.7,0,0,19,988.39,5.0,0,0,1,App FordPass,1,revisao_preco_fixo
C00477,Territory,2021,63321,PF,Sudeste,5.2,0,4,21,598.82,8.0,1,0,0,E-mail,0,revisao_preco_fixo
C05360,Territory,2026,3894,PF,Centro-Oeste,7.4,1,0,2,706.73,7.0,0,1,1,App FordPass,0,pacote_revisoes
C00046,Ranger,2014,154000,PF,Nordeste,25.6,0,2,60,1398.87,6.0,0,0,0,WhatsApp,1,checkup_gratuito
C07329,Ranger,2014,118447,PF,Sudeste,5.8,0,5,5,828.34,6.0,0,0,0,WhatsApp,1,desconto_pecas
C00138,Maverick,2022,52701,PF,Sudeste,4.3,0,1,8,867.84,5.0,0,0,0,WhatsApp,0,revisao_preco_fixo
C07044,Transit,2019,100883,PJ_Frota,Nordeste,28.2,0,3,50,1571.79,10.0,0,0,0,WhatsApp,1,revisao_preco_fixo
C05313,Territory,2024,62300,PJ_Frota,Nordeste,17.4,1,5,2,1179.78,10.0,0,0,1,App FordPass,0,plano_frota
C04484,Maverick,2016,179067,PF,Sul,6.6,0,9,53,713.33,6.0,1,0,0,WhatsApp,1,checkup_gratuito
C07763,EcoSport,2021,52596,PF,Sudeste,2.5,0,4,3,541.33,4.0,1,0,0,App FordPass,1,revisao_preco_fixo
C08118,Ranger,2026,8663,PJ_Frota,Sudeste,12.2,1,0,1,482.88,,1,0,0,App FordPass,0,pacote_revisoes
C06287,Transit,2021,80433,PJ_Frota,Sul,8.6,0,4,14,1104.32,5.0,0,0,0,App FordPass,0,plano_frota
C01612,Bronco Sport,2022,51156,PF,Sudeste,6.4,0,1,3,1006.68,8.0,0,0,0,WhatsApp,0,revisao_preco_fixo
C08588,Ranger,2016,125885,PF,Sudeste,9.7,0,4,10,1053.84,7.0,0,1,0,WhatsApp,0,checkup_gratuito
C09640,Bronco Sport,2017,86645,PF,Sudeste,6.8,0,3,7,984.04,8.0,0,0,0,WhatsApp,1,revisao_preco_fixo
C00643,EcoSport,2017,60883,PF,Norte,31.6,0,4,1,587.61,6.0,0,1,1,WhatsApp,0,revisao_preco_fixo
C02248,Ranger,2021,80393,PF,Sul,5.1,0,6,21,1274.88,5.0,1,0,1,App FordPass,0,revisao_preco_fixo
C04699,Bronco Sport,2019,108160,PF,Sul,17.8,0,7,10,926.76,6.0,0,0,0,Ligacao,0,revisao_preco_fixo
C07956,EcoSport,2018,109362,PF,Nordeste,6.8,0,2,7,,,0,0,1,App FordPass,1,checkup_gratuito
C09736,Ka,2016,126059,PF,Nordeste,13.0,0,3,6,924.31,10.0,0,0,0,WhatsApp,0,desconto_pecas
C01522,Mustang,2026,6204,PF,Centro-Oeste,17.2,1,0,0,1449.85,6.0,1,0,0,WhatsApp,0,revisao_preco_fixo
C00611,Territory,2014,160801,PF,Sudeste,6.9,0,13,52,1508.44,9.0,0,0,0,WhatsApp,1,desconto_pecas
C00159,Bronco Sport,2016,75248,PF,Nordeste,19.5,0,6,60,1504.23,,0,0,0,WhatsApp,1,checkup_gratuito
C00926,Ka,2019,119503,PF,Sul,8.7,0,11,17,863.72,9.0,0,0,0,WhatsApp,0,revisao_preco_fixo
C03824,Bronco Sport,2020,89705,PF,Sudeste,9.9,0,0,37,855.03,9.0,1,0,0,Ligacao,1,revisao_preco_fixo
C07940,Ka,2019,114917,PF,Sul,13.1,0,7,10,513.9,5.0,0,0,0,WhatsApp,0,revisao_preco_fixo
C08975,Ka,2020,95987,PF,Sudeste,4.9,0,3,2,407.66,8.0,0,0,0,Ligacao,0,revisao_preco_fixo
C04791,Ka,2015,152559,PF,Nordeste,11.8,0,12,25,505.4,10.0,0,0,0,Ligacao,1,desconto_pecas
C04567,Ka,2018,120858,PF,Sudeste,4.6,0,11,60,657.4,8.0,0,0,0,,1,checkup_gratuito
C04292,Ka,2020,143513,PF,Sul,11.3,0,4,39,713.64,8.0,0,0,0,WhatsApp,1,desconto_pecas
C09834,Maverick,2016,187853,PF,Centro-Oeste,13.6,0,5,30,940.96,,0,0,1,Ligacao,1,desconto_pecas
C05351,Bronco Sport,2017,139932,PF,Sul,29.3,0,5,32,1387.59,6.0,0,0,0,WhatsApp,1,desconto_pecas
C06884,Transit,2020,174375,PJ_Frota,Sul,11.4,0,7,7,,9.0,0,0,0,WhatsApp,0,plano_frota
C00985,Transit,2025,29775,PJ_Frota,Sudeste,15.3,1,1,3,785.96,9.0,0,0,0,WhatsApp,0,plano_frota
C06127,Ka,2021,63769,PF,Sudeste,8.8,0,3,3,647.48,,0,0,0,App FordPass,0,revisao_preco_fixo
C06732,Maverick,2019,114251,PF,Nordeste,15.6,0,4,1,896.65,7.0,0,0,0,Ligacao,0,revisao_preco_fixo
C08649,Territory,2021,48935,PF,Sudeste,4.6,0,1,14,1597.21,6.0,0,0,0,App FordPass,0,revisao_preco_fixo
C00052,Maverick,2025,14165,PF,Nordeste,7.6,1,1,2,1663.27,9.0,0,0,0,WhatsApp,0,pacote_revisoes
C05350,Mustang,2025,15280,PF,Sudeste,10.2,1,1,7,2019.53,10.0,1,0,0,App FordPass,0,pacote_revisoes
C09268,Mustang,2025,14630,PF,Sul,20.4,1,1,3,1651.57,6.0,0,0,1,WhatsApp,1,checkup_gratuito
C04283,Ka,2016,89851,PF,Nordeste,12.8,0,7,8,,10.0,0,0,0,WhatsApp,0,desconto_pecas
C08695,Ranger,2024,28170,PF,Centro-Oeste,37.3,1,1,15,1433.9,6.0,0,0,1,E-mail,0,revisao_preco_fixo
C03673,EcoSport,2018,97056,PF,Sudeste,20.9,0,7,26,702.3,,0,0,0,WhatsApp,0,desconto_pecas
C02215,Ka,2018,79095,PF,Sudeste,9.5,0,7,3,501.06,9.0,1,0,0,App FordPass,0,desconto_pecas
C04851,Bronco Sport,2015,123566,PF,Nordeste,15.7,0,2,2,1268.38,5.0,0,0,0,WhatsApp,0,desconto_pecas
C01477,Transit,2015,348277,PJ_Frota,Centro-Oeste,58.1,0,21,13,1735.75,10.0,0,0,0,Ligacao,1,desconto_pecas
C04616,Ka,2021,91068,PF,Sudeste,8.5,0,3,1,689.97,6.0,1,0,0,,1,revisao_preco_fixo
C06821,Transit,2020,70004,PJ_Frota,Norte,30.0,0,3,16,987.0,7.0,0,0,0,Ligacao,1,plano_frota
C08978,Bronco Sport,2022,61601,PF,Sudeste,4.9,0,5,12,832.3,9.0,1,1,0,E-mail,0,revisao_preco_fixo
C03876,Ka,2014,169650,PF,Sudeste,20.2,0,12,26,744.96,10.0,0,0,0,Ligacao,1,desconto_pecas
C02190,Ka,2020,89558,PF,Nordeste,12.2,0,5,10,720.05,9.0,0,0,0,App FordPass,0,revisao_preco_fixo
C00155,Territory,2025,13606,PF,Sudeste,6.0,1,1,1,583.1,,0,0,0,WhatsApp,0,desconto_pecas
C09154,Ranger,2017,109989,PF,Norte,20.8,0,2,60,2120.67,8.0,0,0,1,Ligacao,1,checkup_gratuito
C08470,Ranger,2025,21823,PF,Sul,50.6,1,1,1,1516.87,4.0,1,0,1,WhatsApp,1,pacote_revisoes
C00488,Territory,2025,17275,PF,Norte,109.1,1,0,3,781.77,9.0,1,0,0,E-mail,0,pacote_revisoes
C00183,EcoSport,2020,123067,PF,Sudeste,5.7,0,8,20,954.65,7.0,0,0,2,WhatsApp,1,checkup_gratuito
C08501,Bronco Sport,2018,83108,PF,Nordeste ,21.6,0,3,47,980.58,8.0,0,0,0,E-mail,1,checkup_gratuito
C03681,Ka,2020,168619,PJ_Frota,Sudeste,11.5,0,9,22,543.48,9.0,1,0,0,WhatsApp,0,plano_frota
C00759,Ranger,2025,30968,PJ_Frota,Norte,38.4,1,3,7,794.4,9.0,0,1,0,Ligacao,0,plano_frota
C09107,Ranger,2014,205031,PF,Sul,1.8,0,9,12,1143.67,7.0,1,0,0,App FordPass,0,desconto_pecas
C02441,Ka,2020,124207,PF,Nordeste,17.1,0,4,4,436.75,8.0,0,0,0,WhatsApp,1,revisao_preco_fixo
C09507,Ka,2018,61877,PF,Nordeste,24.1,0,6,17,615.32,9.0,0,0,0,Ligacao,1,desconto_pecas
C03166,Ka,2020,81534,PF,Sudeste,9.0,0,6,3,667.71,,0,0,0,WhatsApp,0,pacote_revisoes
C06136,Transit,2025,20093,PJ_Frota,Centro-Oeste,26.7,1,2,5,1423.06,8.0,1,0,0,App FordPass,0,plano_frota
C09276,Maverick,2018,74057,PF,Sudeste,23.2,0,3,5,954.32,7.0,0,0,1,WhatsApp,0,desconto_pecas
C09019,Maverick,2016,219921,PF,Sudeste,13.7,0,8,32,,6.0,1,0,0,WhatsApp,1,checkup_gratuito
C03090,Maverick,2019,84873,PF,Sudeste,5.4,0,6,1,,7.0,0,0,0,Ligacao,0,revisao_preco_fixo
C04365,Ka,2014,75397,PF,Nordeste,18.2,0,4,17,1075.09,10.0,0,0,0,WhatsApp,1,desconto_pecas
C00808,Ranger,2023,88158,PJ_Frota,Sudeste,9.4,1,5,1,1151.6,7.0,1,0,0,WhatsApp,0,pacote_revisoes
C00384,Ranger,2025,12335,PF,Nordeste,15.2,1,1,2,1087.79,,1,0,0,Ligacao,0,pacote_revisoes
C02419,Transit,2015,135188,PJ_Frota,Sudeste,7.2,0,0,18,893.66,6.0,0,0,1,WhatsApp,1,plano_frota
C07462,Ka,2021,65435,PF,Norte,41.8,0,1,28,624.18,9.0,1,0,0,App FordPass,1,revisao_preco_fixo
C00529,EcoSport,2016,206063,PF,Sul,25.6,0,1,59,706.19,,0,0,0,WhatsApp,1,checkup_gratuito
C04176,Territory,2023,48735,PF,Sul,9.1,1,3,0,779.2,10.0,1,0,0,Ligacao,0,pacote_revisoes
C00493,EcoSport,2015,148074,PF,Sudeste,26.5,0,6,60,649.9,5.0,0,0,0,App FordPass,1,checkup_gratuito
C01725,Ka,2014,414933,PJ_Frota,Sudeste,28.1,0,6,52,1079.68,7.0,0,0,0,WhatsApp,1,desconto_pecas
C07899,EcoSport,2018,107829,PF,Sudeste,3.1,0,7,60,907.51,8.0,1,0,0,App FordPass,1,checkup_gratuito
C05895,Bronco Sport,2023,54160,PF,Centro-Oeste,11.6,1,4,1,812.29,4.0,0,0,3,WhatsApp,1,pacote_revisoes
C04488,EcoSport,2020,94190,PF,Sudeste,3.9,0,7,2,1572.03,5.0,0,1,2,WhatsApp,0,revisao_preco_fixo
C03522,Ka,2015,76852,PF,Sul,22.4,0,6,32,1291.36,9.0,0,0,0,WhatsApp,1,desconto_pecas
C02789,Ranger,2022,43839,PF,Sudeste,,0,3,19,1078.54,,0,0,0,WhatsApp,0,revisao_preco_fixo
C05039,Bronco Sport,2026,5873,PJ_Frota,Centro-Oeste,14.7,1,0,2,559.77,6.0,0,0,0,WhatsApp,0,plano_frota
C05807,Maverick,2019,133264,PF,Sudeste,4.1,0,0,25,1172.39,7.0,0,0,0,WhatsApp,1,revisao_preco_fixo
C02414,Ranger,2023,89918,PJ_Frota,Nordeste,10.2,1,6,2,1361.62,9.0,0,1,0,E-mail,0,plano_frota
C06697,Ka,2014,142952,PF,Sudeste,29.9,0,6,10,580.74,,0,0,0,E-mail,0,desconto_pecas
C02053,Maverick,2025,10114,PF,Sudeste,8.5,1,1,0,766.17,7.0,1,0,0,App FordPass,0,pacote_revisoes
C04243,Ranger,2018,198955,PJ_Frota,Sudeste,16.5,0,13,14,1465.22,6.0,1,0,0,WhatsApp,0,plano_frota
C04781,Transit,2018,250977,PJ_Frota,Nordeste,26.8,0,8,0,1215.59,7.0,0,0,0,WhatsApp,0,plano_frota
C01370,Ka,2016,160980,PF,Sudeste,8.9,0,13,1,779.27,,0,0,0,E-mail,0,checkup_gratuito
C07351,Ka,2020,97113,PF,Sul,14.4,0,7,26,397.4,10.0,1,0,1,WhatsApp,0,revisao_preco_fixo
C02471,Maverick,2020,96632,PF,Sudeste,8.1,0,4,12,607.77,6.0,1,0,0,App FordPass,1,pacote_revisoes
C05303,EcoSport,2020,115187,PJ_Frota,Sudeste,6.9,0,7,25,657.64,5.0,1,0,0,App FordPass,1,checkup_gratuito
C01955,Transit,2014,376710,PJ_Frota,Nordeste,38.4,0,10,10,884.29,8.0,0,0,1,E-mail,1,desconto_pecas
C08276,Ranger,2014,176930,PF,Sudeste,10.8,0,8,20,,6.0,0,0,2,WhatsApp,1,desconto_pecas
C05201,Ka,2017,120868,PF,Sudeste,7.0,0,6,60,423.6,7.0,1,0,0,App FordPass,1,checkup_gratuito
C09789,Mustang,2014,115734,PF,Sul,7.9,0,5,15,1498.48,7.0,0,0,0,WhatsApp,1,desconto_pecas
C05389,Transit,2024,32103,PF,Sudeste,,1,3,0,1048.53,9.0,0,0,0,App FordPass,0,pacote_revisoes
C06144,Territory,2017,427390,PJ_Frota,Nordeste,22.9,0,22,60,919.71,9.0,0,0,0,E-mail,1,desconto_pecas
C04884,Maverick,2023,22726,PF,Nordeste,34.0,1,3,2,1372.93,9.0,0,0,0,E-mail,0,pacote_revisoes
C06530,EcoSport,2016,108575,PF,Sul,22.1,0,3,10,804.32,6.0,0,0,0,Ligacao,0,desconto_pecas
C00995,Ranger,2024,11074,PF,Centro-Oeste,31.6,1,1,7,986.01,7.0,0,0,1,WhatsApp,0,pacote_revisoes
C00716,Territory,2014,85631,PF,Sul,5.1,0,7,25,874.96,8.0,0,0,0,E-mail,0,desconto_pecas
C00835,Territory,2015,119902,PF,Sudeste,15.7,0,3,1,1366.89,,0,0,1,WhatsApp,0,desconto_pecas
C05220,Ka,2014,131392,PF,Sudeste,7.9,0,1,14,772.82,7.0,0,0,0,WhatsApp,0,desconto_pecas
C05535,Bronco Sport,2024,17254,PF,Sudeste,5.4,1,1,3,,8.0,1,0,0,WhatsApp,0,pacote_revisoes
C05411,Bronco Sport,2023,17815,PF,Nordeste,,1,2,9,670.71,7.0,0,0,0,WhatsApp,1,pacote_revisoes
C03499,Maverick,2019,148936,PF,Nordeste,11.7,0,11,8,840.13,,0,0,1,WhatsApp,0,revisao_preco_fixo
C05228,Ka,2017,86545,PF,SUDESTE,4.5,0,8,60,,,0,1,0,E-mail,0,checkup_gratuito
C01296,Ka,2014,139792,PF,Nordeste,7.8,0,5,19,1174.17,,0,0,0,WhatsApp,1,pacote_revisoes
C03765,Maverick,2022,46833,PF,Nordeste,12.3,0,1,3,568.16,5.0,0,0,0,Ligacao,0,pacote_revisoes
C02533,Ka,2015,318602,PJ_Frota,Sul,13.4,0,12,5,1057.22,6.0,0,0,0,WhatsApp,0,desconto_pecas
C09402,Ranger,2015,88499,PF,Nordeste,25.7,0,6,60,1237.17,,0,0,2,WhatsApp,1,checkup_gratuito
C08969,Ranger,2017,179057,PF,Sudeste,7.2,0,3,14,1546.22,7.0,0,1,1,WhatsApp,0,revisao_preco_fixo
C04999,Territory,2025,6687,PF,Centro-Oeste,,1,0,5,948.5,6.0,0,0,1,E-mail,0,pacote_revisoes
C02418,Ka,2016,202330,PJ_Frota,Nordeste,12.2,0,10,21,980.09,7.0,0,0,0,App FordPass,0,desconto_pecas
C08678,Bronco Sport,2015,138500,PF,Centro-Oeste,23.9,0,8,5,1209.5,9.0,0,0,1,WhatsApp,0,desconto_pecas
C05223,Ka,2017,221153,PF,Sul,3.2,0,18,19,666.47,10.0,0,0,0,App FordPass,0,desconto_pecas
C09214,Ka,2019,184087,PF,Sul,15.2,0,5,20,396.09,6.0,0,0,0,WhatsApp,1,pacote_revisoes
C00282,EcoSport,2015,125225,PF,Sudeste,2.3,0,8,4,785.03,9.0,0,0,0,Ligacao,0,desconto_pecas
C09234,Ka,2019,89956,PF,Norte,26.9,0,2,15,914.19,10.0,1,0,0,WhatsApp,1,revisao_preco_fixo
C06372,Transit,2019,138468,PF,Centro-Oeste,18.0,0,9,8,610.22,5.0,0,0,0,App FordPass,0,plano_frota
C08404,Transit,2019,92879,PF,Sudeste,2.7,0,3,6,1405.29,5.0,0,0,1,App FordPass,1,revisao_preco_fixo
C03489,Ranger,2022,187261,PJ_Frota,Norte,67.5,0,11,5,766.02,6.0,0,1,0,WhatsApp,0,plano_frota
C02540,Ranger,2019,54710,PF,Sudeste,8.6,0,5,0,1554.66,6.0,0,0,0,App FordPass,0,revisao_preco_fixo
C05965,EcoSport,2015,97510,PF,Centro-Oeste,20.1,0,4,60,556.63,9.0,0,0,0,Ligacao,0,checkup_gratuito
C01635,Ranger,2018,402182,PJ_Frota,Sul,14.4,0,17,2,2258.03,8.0,1,0,0,App FordPass,0,desconto_pecas
C06346,Transit,2023,55659,PJ_Frota,Sudeste,13.0,1,5,13,449.92,9.0,1,0,0,,0,plano_frota
C08093,Transit,2014,286886,PJ_Frota,Sudeste,6.8,0,24,60,1044.51,9.0,0,0,0,E-mail,1,desconto_pecas
C01028,Bronco Sport,2023,48039,PF,Sul,21.5,1,2,3,1704.18,5.0,0,0,0,Ligacao,0,pacote_revisoes
C09250,EcoSport,2014,167747,PF,Sudeste,8.6,0,13,17,1433.15,6.0,0,0,0,App FordPass,0,desconto_pecas
C01133,Bronco Sport,2025,12696,PF,Norte,49.5,1,0,3,920.17,7.0,0,0,0,,0,pacote_revisoes
C09018,Bronco Sport,2015,303664,PF,Sudeste,11.8,0,14,6,1214.49,8.0,0,0,0,App FordPass,0,desconto_pecas
C04118,EcoSport,2018,168650,PF,Nordeste,17.2,0,11,12,1021.97,8.0,0,0,0,WhatsApp,0,desconto_pecas
C02479,Transit,2019,217172,PJ_Frota,Sul,21.0,0,14,19,1239.93,,1,1,0,App FordPass,0,desconto_pecas
C02161,EcoSport,2015,93721,PF,Nordeste,5.8,0,4,25,29537.75,6.0,0,0,1,,1,checkup_gratuito
C07137,EcoSport,2014,53732,PF,Sudeste,10.0,0,8,43,1313.99,,0,0,1,App FordPass,1,pacote_revisoes
C04207,Ka,2016,158057,PF,Norte,96.3,0,7,52,,8.0,1,0,0,E-mail,1,desconto_pecas
C00455,Ka,2019,77583,PF,Nordeste,33.9,0,2,15,534.02,6.0,1,0,2,App FordPass,1,desconto_pecas
C00160,Ka,2021,69502,PF,Sudeste,13.8,0,2,10,497.08,6.0,0,0,1,App FordPass,0,revisao_preco_fixo
C01733,EcoSport,2014,238036,PF,Sudeste,8.7,0,16,60,1044.09,,1,1,0,App FordPass,1,checkup_gratuito
C00036,Ka,2018,178973,PF,Centro-Oeste,51.7,0,3,18,833.91,4.0,0,0,0,WhatsApp,1,desconto_pecas
C04332,Ka,2021,52876,PF,Sudeste,6.2,0,3,16,996.98,6.0,0,0,0,App FordPass,0,revisao_preco_fixo
C04916,Bronco Sport,2021,30438,PF,Nordeste ,17.5,0,4,6,1189.09,,0,0,0,App FordPass,1,revisao_preco_fixo
C01701,Transit,2023,49042,PF,Nordeste,4.2,1,4,1,465.02,7.0,1,0,1,Ligacao,0,pacote_revisoes
C09509,Ka,2021,91252,PF,Nordeste,32.9,0,6,13,571.84,6.0,0,0,1,Ligacao,1,revisao_preco_fixo
C06804,Mustang,2026,4590,PF,Sudeste,3.4,1,0,3,1076.31,8.0,0,0,0,App FordPass,0,checkup_gratuito
C07834,Territory,2024,13368,PF,Nordeste,30.9,1,2,5,655.94,,1,0,1,E-mail,0,plano_frota
C07361,Bronco Sport,2025,16898,PF,Sudeste,11.6,1,1,2,1898.08,6.0,1,0,0,App FordPass,0,pacote_revisoes
C06539,Bronco Sport,2019,127355,PF,Sudeste,11.7,0,11,18,1457.53,7.0,1,0,0,WhatsApp,0,checkup_gratuito
C05901,Ka,2014,219059,PF,Sudeste,4.2,0,10,60,740.43,3.0,0,0,1,E-mail,1,checkup_gratuito
C03465,Maverick,2014,189442,PF,Sudeste,2.3,0,7,9,,7.0,0,0,1,E-mail,1,desconto_pecas
C05697,Mustang,2015,-112907,PF,Sudeste,8.5,0,8,60,2035.31,,1,0,1,App FordPass,1,checkup_gratuito
C03494,Ka,2021,88336,PF,Nordeste,10.8,0,4,12,941.09,6.0,1,0,0,E-mail,0,desconto_pecas
C03833,Ranger,2018,218584,PJ_Frota,Centro-Oeste,16.2,0,5,53,1309.06,6.0,0,0,1,WhatsApp,1,plano_frota
C05019,Ranger,2017,125103,PF,Sudeste,7.4,0,6,32,919.11,6.0,1,0,0,WhatsApp,0,revisao_preco_fixo
C01463,EcoSport,2019,40962,PF,Sudeste,4.9,0,4,8,695.62,5.0,1,0,1,App FordPass,1,desconto_pecas
C01012,Ranger,2018,86266,PF,Nordeste,14.8,0,5,60,856.55,6.0,1,0,0,WhatsApp,1,checkup_gratuito
C02578,Ka,2016,375348,PJ_Frota,Sudeste,,0,20,18,890.85,9.0,0,0,1,E-mail,0,desconto_pecas
C02743,Bronco Sport,2021,39072,PF,Sul,13.3,0,2,6,1114.99,3.0,0,0,0,App FordPass,1,revisao_preco_fixo
C09612,Territory,2015,137648,PF,Sul,12.4,0,4,25,918.75,9.0,0,0,0,E-mail,0,desconto_pecas
C01519,Ka,2015,77183,PF,Sul,35.8,0,2,13,711.31,7.0,0,0,1,WhatsApp,0,checkup_gratuito
C07508,Territory,2026,2865,PF,Nordeste,22.4,1,0,24,825.77,,1,0,0,WhatsApp,0,pacote_revisoes
C00293,Ka,2017,86019,PF,Sudeste,13.0,0,3,30,670.18,,0,0,1,WhatsApp,1,revisao_preco_fixo
C00272,Ka,2020,134047,PJ_Frota,Nordeste,26.9,0,4,24,891.66,7.0,1,0,0,App FordPass,0,plano_frota
C03779,Transit,2025,20001,PJ_Frota,sul,12.2,1,2,5,1665.55,8.0,0,0,0,,0,plano_frota
C08613,Ka,2018,84143,PF,Centro-Oeste,19.0,0,7,32,828.76,8.0,0,0,0,App FordPass,1,revisao_preco_fixo
C01155,Ka,2015,150804,PF,Sudeste,7.3,0,7,15,1139.78,7.0,0,0,0,Ligacao,0,desconto_pecas
C04504,Ka,2020,80616,PF,Nordeste,19.6,0,2,11,611.37,8.0,0,1,0,WhatsApp,0,pacote_revisoes
C04167,Ranger,2025,16816,PF,Nordeste,5.0,1,1,2,757.55,8.0,0,0,0,App FordPass,0,pacote_revisoes
C04245,EcoSport,2018,147368,PF,Nordeste,19.7,0,9,7,531.1,8.0,0,0,0,E-mail,1,desconto_pecas
C02981,EcoSport,2014,126152,PF,Sudeste,15.0,0,3,14,765.81,,0,0,0,WhatsApp,1,desconto_pecas
C07877,Bronco Sport,2019,47047,PF,Norte,13.2,0,7,57,1474.55,7.0,0,0,0,WhatsApp,0,checkup_gratuito
C00044,Maverick,2022,60252,PF,Sudeste,7.7,0,0,2,633.0,6.0,1,0,1,Ligacao,1,revisao_preco_fixo
C03395,Transit,2023,159626,PJ_Frota,Norte,22.4,1,11,21,781.87,8.0,1,0,1,Ligacao,0,pacote_revisoes
C04198,Ka,2020,258101,PJ_Frota,Norte,49.0,0,11,7,749.65,9.0,0,0,0,E-mail,0,desconto_pecas
C02149,Ka,2020,98374,PF,Sul,26.6,0,3,47,,6.0,0,0,0,WhatsApp,1,checkup_gratuito
C05924,Territory,2025,16975,PF,Nordeste,20.6,1,1,3,435.79,7.0,0,0,1,WhatsApp,0,pacote_revisoes
C01342,Ranger,2026,4870,PF,Sudeste,7.1,1,0,5,1360.95,,1,0,0,E-mail,0,pacote_revisoes
C02508,Ranger,2022,52601,PF,Centro-Oeste,21.0,0,2,15,1228.49,8.0,1,0,0,App FordPass,0,desconto_pecas
C00090,Ka,2020,85902,PF,Nordeste,13.5,0,5,14,1004.34,10.0,0,1,0,WhatsApp,0,desconto_pecas
C06763,Territory,2023,49133,PF,Sudeste,,1,4,2,1032.41,6.0,0,0,0,App FordPass,0,pacote_revisoes
C03969,Ka,2021,63635,PF,Centro-Oeste,41.7,0,2,23,,4.0,0,0,0,App FordPass,1,checkup_gratuito
C08541,Ka,2016,126566,PF,Nordeste ,15.7,0,10,9,775.11,10.0,0,0,0,WhatsApp,0,desconto_pecas
C08821,Ranger,2017,151472,PF,Nordeste,32.5,0,12,10,,6.0,0,0,0,E-mail,0,desconto_pecas
C09284,Ranger,2019,65141,PF,Sudeste,8.5,0,2,16,,5.0,1,0,1,App FordPass,0,revisao_preco_fixo
C03712,Transit,2014,328278,PJ_Frota,Norte,19.9,0,24,5,2501.28,9.0,0,0,1,WhatsApp,1,plano_frota
C06651,Transit,2015,226434,PJ_Frota,Nordeste,14.4,0,3,11,1125.64,5.0,0,0,1,,1,plano_frota
C04955,EcoSport,2021,60473,PF,Sudeste,6.7,0,3,0,901.86,7.0,1,0,1,App FordPass,0,revisao_preco_fixo
C00443,Ka,2018,79423,PF,Nordeste,14.7,0,4,60,627.53,5.0,1,1,1,WhatsApp,1,checkup_gratuito
C04652,Ka,2017,83513,PF,Sudeste,5.6,0,5,16,1087.7,,0,0,0,WhatsApp,1,checkup_gratuito
C04689,Bronco Sport,2014,179055,PF,Centro-Oeste,19.7,0,10,42,1317.61,7.0,0,0,0,WhatsApp,1,desconto_pecas
C02160,Ranger,2024,75256,PJ_Frota,Sudeste,10.6,1,6,1,930.75,10.0,0,0,0,App FordPass,1,plano_frota
C04455,EcoSport,2020,63359,PF,Sudeste,1.7,0,3,0,693.6,7.0,0,0,2,WhatsApp,0,revisao_preco_fixo
C01358,Territory,2021,60527,PF,Sudeste,7.3,0,4,1,814.24,8.0,1,1,1,App FordPass,0,checkup_gratuito
C06428,Ranger,2020,58639,PF,Sudeste,6.2,0,5,3,1848.84,7.0,1,0,0,App FordPass,0,revisao_preco_fixo
C09510,Territory,2019,104473,PF,Sudeste,6.1,0,0,53,1719.19,5.0,0,0,0,App FordPass,1,checkup_gratuito
C09718,Maverick,2022,68018,PF,Norte,23.8,0,5,21,1066.06,5.0,1,0,0,Ligacao,0,revisao_preco_fixo
C05285,Ka,2021,168838,PF,Sudeste,11.3,0,10,0,482.72,8.0,0,1,2,WhatsApp,0,desconto_pecas
C01045,EcoSport,2015,118101,PF,Centro-Oeste,17.9,0,3,60,845.46,4.0,0,0,0,WhatsApp,1,checkup_gratuito
C03916,Ranger,2014,141850,PF,Sudeste,,0,7,49,1202.35,9.0,0,0,0,E-mail,1,desconto_pecas
C03815,Ranger,2026,5984,PJ_Frota,Norte,44.9,1,0,2,1172.4,7.0,1,1,0,App FordPass,0,plano_frota
C07476,Ranger,2018,253476,PJ_Frota,Nordeste,17.7,0,18,5,866.38,8.0,0,0,0,App FordPass,0,desconto_pecas
C06462,Bronco Sport,2015,164315,PF,Sudeste,14.8,0,5,60,790.13,7.0,0,0,0,E-mail,1,checkup_gratuito
C00398,Ranger,2015,430098,PJ_Frota,Norte,27.3,0,32,60,924.19,8.0,0,0,2,E-mail,1,plano_frota
C02360,Maverick,2016,180757,PF,Sudeste,10.3,0,2,21,1605.2,7.0,1,0,1,WhatsApp,1,desconto_pecas
C02749,Ka,2019,139480,PF,Sudeste,13.7,0,8,38,814.59,9.0,0,0,0,WhatsApp,1,revisao_preco_fixo
C08146,EcoSport,2018,104588,PF,Centro-Oeste,37.2,0,6,13,809.21,9.0,0,0,0,E-mail,0,checkup_gratuito
C06077,EcoSport,2020,44763,PF,Sudeste,1.9,0,5,16,530.05,,0,0,0,WhatsApp,1,revisao_preco_fixo
C04269,Bronco Sport,2018,66708,PF,Sul,8.7,0,7,6,1248.02,3.0,0,0,1,WhatsApp,0,checkup_gratuito
C06456,Ranger,2018,150698,PF,Nordeste,13.8,0,7,6,1283.67,6.0,0,0,0,Ligacao,0,desconto_pecas
C04701,Ranger,2024,40065,PF,Nordeste,9.4,1,2,4,1143.16,5.0,0,0,1,WhatsApp,1,pacote_revisoes
C00737,EcoSport,2016,75564,PF,Sudeste,4.9,0,1,39,860.63,8.0,0,0,0,Ligacao,1,revisao_preco_fixo
C02282,EcoSport,2017,103304,PF,Norte,44.2,0,5,60,789.01,,0,0,0,App FordPass,1,checkup_gratuito
C09588,Bronco Sport,2014,150270,PF,Sudeste,10.8,0,8,60,1677.88,8.0,1,0,0,App FordPass,1,desconto_pecas
C01324,EcoSport,2018,69671,PF,Sudeste,3.1,0,5,52,620.58,5.0,0,0,2,WhatsApp,1,revisao_preco_fixo
C01206,Territory,2023,17014,PF,Sul,13.4,1,3,0,902.92,9.0,0,0,1,App FordPass,0,pacote_revisoes
C02618,Maverick,2019,182002,PJ_Frota,Sudeste,13.1,0,9,34,1475.62,6.0,0,0,0,E-mail,1,plano_frota
C01739,Bronco Sport,2022,41437,PF,Nordeste,14.6,0,2,1,816.77,6.0,1,0,0,App FordPass,0,checkup_gratuito
C08312,Ka,2019,117888,PF,Sul,7.8,0,4,6,795.33,5.0,0,0,0,App FordPass,1,desconto_pecas
C05138,EcoSport,2015,289623,PF,Nordeste,10.4,0,10,29,849.28,9.0,0,0,0,WhatsApp,1,desconto_pecas
C02010,Ka,2014,149451,PF,Norte,56.7,0,10,22,,9.0,0,0,1,Ligacao,0,revisao_preco_fixo
C00732,Ka,2015,113999,PF,Nordeste,13.0,0,10,8,1067.13,7.0,0,0,0,WhatsApp,0,desconto_pecas
C08801,EcoSport,2014,96695,PF,Sudeste,13.1,0,7,8,794.98,6.0,0,0,0,App FordPass,0,desconto_pecas
C08968,Mustang,2015,-153242,PF,Sul,13.1,0,11,21,1628.66,6.0,0,0,0,WhatsApp,1,desconto_pecas
C06086,Ranger,2016,273786,PJ_Frota,Sudeste,8.8,0,17,5,1417.74,4.0,0,0,1,WhatsApp,0,desconto_pecas
C05626,Bronco Sport,2020,105995,PF,Sul,7.6,0,7,0,1518.39,7.0,0,0,0,WhatsApp,0,revisao_preco_fixo
C02595,Mustang,2023,35651,PF,Nordeste,15.2,1,3,2,1471.25,6.0,1,0,0,WhatsApp,0,pacote_revisoes
C08485,Maverick,2020,78419,PF,Sudeste,11.8,0,1,52,1223.7,8.0,0,0,1,E-mail,1,revisao_preco_fixo
C08770,Ka,2016,93804,PF,Sul,18.7,0,4,6,,,0,1,0,E-mail,0,desconto_pecas
C05420,Ranger,2017,93661,PF,Nordeste,7.2,0,7,10,1527.17,9.0,1,0,0,WhatsApp,0,desconto_pecas
C08507,EcoSport,2018,169470,PF,Sudeste,3.7,0,12,26,684.92,7.0,1,0,0,E-mail,1,desconto_pecas
C04862,EcoSport,2016,115346,PF,Sudeste,11.8,0,1,5,800.08,6.0,1,0,0,App FordPass,1,desconto_pecas
C07269,EcoSport,2014,129796,PF,Nordeste,40.6,0,5,2,744.11,,0,0,0,WhatsApp,1,desconto_pecas
C02968,Territory,2022,124162,PJ_Frota,Sudeste,5.6,0,12,1,1459.69,7.0,0,0,0,WhatsApp,0,plano_frota
C02451,Bronco Sport,2019,-73651,PF,Centro-Oeste,14.6,0,2,30,,10.0,1,0,0,App FordPass,1,revisao_preco_fixo
C03375,Ranger,2025,10308,PF,Norte,52.9,1,1,3,,7.0,0,0,0,Ligacao,0,pacote_revisoes
C06975,Ka,2015,218003,PF,Sudeste,2.6,0,15,0,612.47,8.0,0,0,0,Ligacao,0,desconto_pecas
C00323,Ranger,2025,13049,PF,Sul,9.1,1,1,0,1507.47,8.0,1,0,1,WhatsApp,0,pacote_revisoes
C07891,Mustang,2026,6714,PF,Sudeste,2.9,1,0,3,1034.87,7.0,1,0,0,Ligacao,0,pacote_revisoes
C00347,EcoSport,2015,194544,PF,Sul,10.5,0,6,18,863.88,5.0,0,0,3,WhatsApp,1,desconto_pecas
C00429,Maverick,2024,39586,PJ_Frota,Nordeste,14.5,1,1,13,1107.41,7.0,0,0,0,Ligacao,0,plano_frota
C08269,EcoSport,2016,185091,PF,Nordeste,9.8,0,9,2,582.31,6.0,0,0,1,,0,desconto_pecas
C01891,Bronco Sport,2014,153200,PF,Sudeste,3.5,0,13,1,1192.01,9.0,0,0,0,WhatsApp,0,desconto_pecas
C02823,Transit,2016,146612,PF,Nordeste,10.0,0,6,33,718.11,8.0,0,0,0,Ligacao,0,pacote_revisoes
C08132,Maverick,2026,4045,PF,Sudeste,5.6,1,0,0,335.27,4.0,1,0,1,Ligacao,0,pacote_revisoes
C00851,Ka,2018,149304,PF,Sudeste,7.7,0,12,60,897.65,6.0,0,1,0,WhatsApp,1,checkup_gratuito
C01726,EcoSport,2019,78861,PF,Sul,6.0,0,7,0,837.51,7.0,0,0,0,E-mail,0,revisao_preco_fixo
C04815,Ka,2021,174475,PJ_Frota,Sul,3.8,0,6,1,751.35,5.0,0,0,0,WhatsApp,0,plano_frota
C02960,Maverick,2024,26392,PF,Sudeste,5.1,1,2,10,,6.0,1,0,1,E-mail,0,pacote_revisoes
C03208,Ka,2014,114839,PF,Sul,7.4,0,4,6,919.02,6.0,0,0,0,Ligacao,0,desconto_pecas
C06114,Ranger,2021,128635,PJ_Frota,Sudeste,5.1,0,8,49,1560.7,8.0,1,0,1,E-mail,0,revisao_preco_fixo
C06856,EcoSport,2018,137376,PF,Sudeste,4.7,0,7,45,808.27,8.0,0,0,0,App FordPass,1,checkup_gratuito
C07401,EcoSport,2021,24922,PF,Nordeste,4.6,0,1,1,892.13,6.0,0,0,0,E-mail,1,revisao_preco_fixo
C09550,Mustang,2023,36752,PF,Nordeste,17.4,1,2,6,1223.22,6.0,0,0,0,WhatsApp,0,pacote_revisoes
C02121,Ka,2017,140469,PF,Nordeste,18.8,0,4,8,963.45,5.0,0,0,0,Ligacao,1,desconto_pecas
C05099,Maverick,2025,14579,PF,Sudeste,13.7,1,1,5,644.08,7.0,0,0,0,E-mail,0,pacote_revisoes
C02332,Maverick,2020,145779,PF,Nordeste,15.2,0,9,26,1210.4,7.0,0,0,0,WhatsApp,1,desconto_pecas
C00504,Ranger,2016,197030,PF,Nordeste ,10.7,0,11,60,,6.0,0,0,1,Ligacao,1,checkup_gratuito
C02257,Maverick,2016,167756,PF,Sudeste,12.5,0,14,60,969.92,8.0,0,0,0,Ligacao,1,checkup_gratuito
C03510,Transit,2015,153823,PF,Sudeste,23.6,0,14,2,1007.41,6.0,0,0,1,E-mail,0,desconto_pecas
C04809,Territory,2016,302522,PF,SUDESTE,,0,19,38,994.39,9.0,0,0,1,App FordPass,1,pacote_revisoes
C04597,Ka,2021,80299,PF,Sudeste,8.9,0,3,15,644.0,6.0,0,0,0,WhatsApp,0,revisao_preco_fixo
C08759,Ka,2016,111694,PF,Sudeste,8.9,0,9,12,767.65,6.0,0,0,0,WhatsApp,0,desconto_pecas
C09388,EcoSport,2020,58178,PF,Sudeste,4.8,0,5,6,764.18,5.0,0,0,0,WhatsApp,0,revisao_preco_fixo
C04798,Maverick,2025,12906,PF,Centro-Oeste,21.1,1,0,6,1463.16,7.0,1,0,0,Ligacao,0,pacote_revisoes
C09069,EcoSport,2018,162242,PF,Sul,,0,12,60,770.46,,1,0,1,App FordPass,1,desconto_pecas
C08663,Transit,2026,6240,PJ_Frota,Nordeste,6.1,1,0,3,344.68,5.0,0,0,2,E-mail,0,plano_frota
C00969,EcoSport,2020,87615,PF,Sudeste,4.8,0,7,6,819.61,10.0,0,0,0,WhatsApp,0,revisao_preco_fixo
C01686,Ranger,2015,278904,PF,Sudeste,,0,8,60,1910.3,6.0,0,1,1,,1,checkup_gratuito
C05450,Ka,2016,118654,PF,Sudeste,4.3,0,8,10,685.39,10.0,0,0,0,E-mail,0,desconto_pecas
C09494,Ka,2016,135547,PF,Norte,82.8,0,2,1,701.71,9.0,0,0,0,App FordPass,1,plano_frota
C03197,Ka,2015,177905,PF,Centro-Oeste,19.2,0,4,5,480.59,8.0,0,0,0,E-mail,1,desconto_pecas
C05137,Ka,2014,-182215,PF,Sudeste,5.5,0,6,6,,5.0,0,0,1,WhatsApp,1,desconto_pecas
C02225,EcoSport,2018,136959,PF,Sudeste,,0,5,20,577.34,,0,0,0,E-mail,1,desconto_pecas
C03235,Ka,2021,115820,PJ_Frota,Sudeste,3.4,0,3,3,1007.98,,0,0,0,WhatsApp,0,plano_frota
C07088,Ka,2019,187973,PJ_Frota,Sul,19.0,0,7,2,323.62,7.0,0,0,0,App FordPass,0,desconto_pecas
C04457,Territory,2015,175535,PF,Sudeste,29.5,0,4,5,1446.5,5.0,0,1,0,WhatsApp,1,desconto_pecas
C00940,EcoSport,2015,-128322,PF,Nordeste,17.7,0,4,24,483.32,7.0,0,0,0,Ligacao,0,desconto_pecas
C09933,EcoSport,2021,54475,PF,Sudeste,16.2,0,4,5,849.66,4.0,1,0,1,App FordPass,0,desconto_pecas
C06798,Ranger,2018,157396,PJ_Frota,Sudeste,24.0,0,7,23,1056.88,5.0,1,0,0,App FordPass,1,plano_frota
C03988,Transit,2023,55238,PJ_Frota,Centro-Oeste,8.3,1,3,22,1863.5,9.0,1,0,0,App FordPass,0,plano_frota
C07494,Mustang,2015,152472,PF,Sul,8.2,0,7,13,2549.0,,0,0,1,,0,revisao_preco_fixo
C01136,Ranger,2017,192486,PJ_Frota,Centro-Oeste,12.9,0,17,39,1176.08,8.0,1,0,0,WhatsApp,0,desconto_pecas
C01039,Ka,2020,31255,PF,Centro-Oeste,,0,3,31,604.28,6.0,0,0,1,WhatsApp,1,revisao_preco_fixo
C09235,EcoSport,2021,44446,PF,Sudeste,18.6,0,1,4,466.89,8.0,0,0,0,WhatsApp,1,revisao_preco_fixo
C06869,Territory,2017,100611,PF,Nordeste,37.3,0,5,3,1771.47,6.0,1,0,0,WhatsApp,0,revisao_preco_fixo
C04825,Ranger,2023,46216,PF,Nordeste,8.2,1,0,1,701.03,5.0,0,0,2,WhatsApp,1,pacote_revisoes
C06675,Ka,2015,198232,PF,Norte,80.0,0,2,60,881.47,4.0,1,0,0,WhatsApp,1,revisao_preco_fixo
C08726,Transit,2020,234452,PJ_Frota,Nordeste,4.5,0,9,60,1305.44,8.0,0,0,0,Ligacao,1,plano_frota
C05437,EcoSport,2016,99923,PF,Sul,19.0,0,7,5,713.4,10.0,1,0,1,Ligacao,0,desconto_pecas
C02235,Maverick,2014,171000,PF,Norte,28.2,0,6,52,1256.7,9.0,0,0,1,Ligacao,1,desconto_pecas
C09251,EcoSport,2019,139813,PF,Sudeste,4.1,0,7,16,840.64,10.0,0,1,1,WhatsApp,0,revisao_preco_fixo
C05926,Maverick,2022,22290,PF,Centro-Oeste,7.8,0,1,0,,4.0,0,0,1,App FordPass,0,revisao_preco_fixo
C04437,EcoSport,2021,84637,PF,Nordeste,28.3,0,2,7,1058.95,8.0,1,0,0,WhatsApp,0,revisao_preco_fixo
C07223,Ka,2019,57215,PF,Sudeste,9.0,0,4,42,582.75,9.0,0,0,0,Ligacao,1,revisao_preco_fixo
C02551,Ranger,2021,91534,PF,Sudeste,29.2,0,3,6,1544.71,7.0,0,0,0,Ligacao,1,desconto_pecas
C07134,EcoSport,2019,96938,PF,Sudeste,7.1,0,6,18,674.0,7.0,1,0,0,App FordPass,0,revisao_preco_fixo
C09328,Ka,2017,121162,PF,Sudeste,24.1,0,2,27,883.03,7.0,0,0,1,,1,revisao_preco_fixo
C07925,Ka,2020,62198,PF,Sudeste,11.5,0,1,44,769.27,4.0,0,0,0,WhatsApp,1,revisao_preco_fixo
C09238,Maverick,2025,10553,PF,Sudeste,4.6,1,1,6,530.62,6.0,1,1,0,WhatsApp,0,pacote_revisoes
C03285,Territory,2025,15789,PF,Nordeste,9.4,1,0,52,1050.26,10.0,1,0,0,App FordPass,1,pacote_revisoes
C02418,Ka,2016,202330,PJ_Frota,Nordeste,12.2,0,10,21,980.09,7.0,0,0,0,App FordPass,0,desconto_pecas
C04113,Ranger,2017,403904,PJ_Frota,Sudeste,21.6,0,5,41,1000.45,7.0,0,0,0,,1,plano_frota
C06447,Ranger,2024,14235,PF,Sudeste,5.0,1,2,0,1280.65,8.0,1,0,1,Ligacao,0,pacote_revisoes
C02662,Ranger,2026,3987,PF,Sul,12.8,1,0,2,812.72,9.0,1,0,0,Ligacao,0,pacote_revisoes
C07646,Ka,2015,142836,PF,Sul,5.2,0,2,27,881.7,8.0,0,0,1,WhatsApp,1,desconto_pecas
C05257,Ranger,2024,73396,PJ_Frota,SUDESTE,6.9,1,5,8,468.67,7.0,0,0,0,E-mail,0,plano_frota
C00827,EcoSport,2017,129889,PF,Sul,13.1,0,4,60,693.41,8.0,0,0,0,WhatsApp,1,checkup_gratuito
C07674,Ranger,2018,247994,PJ_Frota,Nordeste,29.3,0,13,20,991.02,6.0,1,0,0,WhatsApp,0,plano_frota
C01710,Maverick,2025,11964,PF,Nordeste,16.4,1,1,15,1420.43,4.0,1,0,1,WhatsApp,1,pacote_revisoes
C06055,Ka,2021,69222,PJ_Frota,Norte,55.6,0,1,19,738.74,7.0,1,0,0,WhatsApp,1,plano_frota
C01642,Ranger,2014,184200,PF,Sudeste,,0,2,15,1206.83,6.0,0,0,0,Ligacao,1,desconto_pecas
C05345,Ka,2014,358674,PJ_Frota,Norte,43.4,0,14,38,837.33,6.0,0,0,0,E-mail,1,desconto_pecas
C06366,Ranger,2025,9608,PF,Sudeste,9.0,1,0,19,1157.55,6.0,0,0,1,WhatsApp,1,pacote_revisoes
C09401,Territory,2026,14513,PJ_Frota,Norte,47.1,1,0,10,825.63,,1,0,0,WhatsApp,1,plano_frota
C00226,Ka,2018,112734,PF,Nordeste,16.3,0,4,2,520.43,5.0,0,1,0,E-mail,0,checkup_gratuito
C05166,Ranger,2018,170384,PF,Sudeste,4.8,0,14,27,1743.92,,0,0,0,WhatsApp,1,desconto_pecas
C05959,EcoSport,2018,125630,PF,Sudeste,2.8,0,6,8,865.12,10.0,1,0,0,WhatsApp,1,desconto_pecas
C08070,Ranger,2014,82911,PF,Nordeste ,8.4,0,6,13,1314.93,10.0,1,0,0,App FordPass,0,desconto_pecas
C04108,Mustang,2024,19751,PF,Sudeste,10.2,1,2,1,2101.73,7.0,0,0,0,Ligacao,0,pacote_revisoes
C08835,Ka,2021,44178,PF,Nordeste,9.4,0,5,3,1075.83,8.0,0,0,0,WhatsApp,0,revisao_preco_fixo
C04171,Bronco Sport,2019,84007,PF,Sudeste,4.9,0,3,6,1545.67,7.0,0,0,0,Ligacao,0,revisao_preco_fixo
C00233,Territory,2016,130010,PF,Sudeste,6.6,0,9,8,805.24,10.0,0,0,0,WhatsApp,0,desconto_pecas
C06555,Ranger,2025,14276,PF,Sudeste,8.5,1,1,10,681.7,7.0,1,0,0,WhatsApp,0,pacote_revisoes
C03739,Ranger,2022,67403,PJ_Frota,Nordeste,8.4,0,4,8,1279.14,7.0,1,0,0,WhatsApp,0,revisao_preco_fixo
C05882,Maverick,2014,271115,PJ_Frota,Sudeste,9.0,0,17,32,1657.94,9.0,0,0,0,WhatsApp,1,desconto_pecas
C00401,Mustang,2024,27801,PF,Sudeste,,1,2,4,2091.09,10.0,1,0,0,App FordPass,0,pacote_revisoes
C05801,Territory,2017,100990,PF,Sul,18.6,0,4,6,750.23,,0,0,0,WhatsApp,0,checkup_gratuito
C05331,Bronco Sport,2031,25944,PF,Nordeste ,,1,2,3,1183.92,6.0,1,0,0,App FordPass,1,pacote_revisoes
C03217,Ka,2017,124014,PF,sul,4.9,0,8,14,743.53,8.0,0,1,0,App FordPass,0,checkup_gratuito
C04396,Ka,2016,115661,PF,Nordeste,11.6,0,2,50,787.41,6.0,0,0,0,WhatsApp,1,checkup_gratuito
C08538,Ka,2017,89501,PF,Nordeste,14.6,0,8,3,660.89,9.0,0,0,0,Ligacao,0,desconto_pecas
C05292,Maverick,2024,15661,PF,Nordeste,14.6,1,2,1,1196.91,7.0,1,0,0,App FordPass,0,pacote_revisoes
C08763,Territory,2025,6604,PF,Sudeste,13.1,1,1,1,557.19,7.0,1,0,1,App FordPass,0,pacote_revisoes
C00471,Ranger,2015,207471,PF,Sul,3.4,0,16,3,1959.32,8.0,0,0,1,Ligacao,0,desconto_pecas
C04602,Transit,2015,344948,PJ_Frota,Sul,7.5,0,9,60,947.48,,0,0,1,App FordPass,1,desconto_pecas
C09548,Ranger,2018,357054,PJ_Frota,Sul,17.2,0,22,60,1275.02,7.0,0,0,0,WhatsApp,1,desconto_pecas
C02511,Ranger,2031,210628,PF,Sudeste,,0,4,16,2222.22,6.0,0,0,0,Ligacao,0,desconto_pecas
C02616,Ka,2017,131370,PF,Sul,15.2,0,3,19,748.28,6.0,0,0,0,E-mail,1,desconto_pecas
C01492,Territory,2014,146236,PF,Sudeste,5.0,0,12,1,1220.5,8.0,1,0,1,Ligacao,0,desconto_pecas
C00708,Ranger,2018,161767,PF,Nordeste,34.0,0,10,60,830.41,9.0,1,0,2,App FordPass,1,checkup_gratuito
C09918,Ka,2021,63278,PF,Sudeste,4.5,0,3,56,835.9,5.0,0,0,0,WhatsApp,1,checkup_gratuito
C04869,Territory,2023,37213,PF,Sudeste,4.4,1,3,1,889.0,7.0,1,0,0,App FordPass,0,pacote_revisoes
C06340,Maverick,2018,81811,PF,Sul,14.3,0,4,43,1139.75,7.0,0,0,2,E-mail,0,checkup_gratuito
C02886,Ka,2017,110137,PF,Sudeste,8.2,0,9,21,936.55,10.0,0,1,0,WhatsApp,0,checkup_gratuito
C02615,Ranger,2015,134944,PF,Nordeste,,0,10,45,,10.0,0,0,0,WhatsApp,1,checkup_gratuito
C08779,EcoSport,2017,42783,PF,Sudeste,8.3,0,3,8,742.95,6.0,0,0,0,WhatsApp,1,desconto_pecas
C07039,Transit,2022,136573,PJ_Frota,Nordeste,23.7,0,10,13,693.1,7.0,1,0,0,App FordPass,0,plano_frota
C03866,Territory,2023,45658,PF,Nordeste,10.7,1,4,1,680.91,6.0,0,0,0,App FordPass,0,pacote_revisoes
C03506,Ranger,2025,16169,PF,Sudeste,5.9,1,1,9,469.53,4.0,1,0,0,E-mail,0,pacote_revisoes
C07769,Territory,2020,45117,PF,Sul,19.3,0,0,23,769.49,7.0,0,0,0,Ligacao,1,revisao_preco_fixo
C05267,Maverick,2022,31768,PF,Sudeste,13.8,0,0,2,1344.51,6.0,1,0,1,App FordPass,0,revisao_preco_fixo
C01628,Ka,2021,102617,PF,Sudeste,3.8,0,8,2,833.51,5.0,0,0,1,Ligacao,0,revisao_preco_fixo
C06468,Transit,2019,135423,PJ_Frota,Sudeste,5.2,0,7,20,2397.33,7.0,0,0,0,E-mail,0,revisao_preco_fixo
C00830,Territory,2014,230683,PF,Nordeste,10.7,0,12,60,,9.0,0,0,0,E-mail,1,desconto_pecas
C06156,Ranger,2021,41372,PF,Sudeste,11.3,0,3,7,876.57,8.0,0,0,0,WhatsApp,0,revisao_preco_fixo
C02567,Ka,2014,205416,PF,Sudeste,5.7,0,5,60,1172.47,6.0,0,0,1,App FordPass,1,checkup_gratuito
C06135,EcoSport,2020,130101,PF,Nordeste,12.9,0,3,9,1888.4,,0,1,0,E-mail,1,revisao_preco_fixo
C03356,Territory,2019,61332,PF,Sudeste,14.2,0,4,14,1986.88,7.0,0,0,0,WhatsApp,0,revisao_preco_fixo
C01166,Maverick,2024,28918,PF,Sudeste,4.6,1,2,8,920.56,10.0,0,0,0,E-mail,0,pacote_revisoes
C02384,Ka,2017,172345,PF,Sul,3.2,0,13,11,510.16,8.0,0,0,0,WhatsApp,0,desconto_pecas
C09970,Bronco Sport,2021,77864,PF,Norte,21.2,0,2,31,1182.09,7.0,0,0,3,E-mail,1,revisao_preco_fixo
C04636,EcoSport,2016,199511,PF,Nordeste,10.5,0,13,8,1371.16,10.0,0,1,0,WhatsApp,0,desconto_pecas
C03312,Ranger,2024,40637,PJ_Frota,SUDESTE,5.6,1,3,1,1191.03,6.0,1,0,0,E-mail,0,plano_frota
C06786,Ranger,2026,6918,PJ_Frota,Sudeste,7.9,1,0,5,1391.75,,1,0,1,App FordPass,0,revisao_preco_fixo
C02664,Ranger,2015,328226,PJ_Frota,Sudeste,10.8,0,19,60,1420.94,,0,0,0,WhatsApp,1,desconto_pecas
C02406,Ranger,2015,93453,PF,Sul,3.4,0,8,60,499.81,,0,0,1,App FordPass,1,checkup_gratuito
C04210,Territory,2015,245326,PF,Nordeste,54.7,0,5,6,1469.65,2.0,0,0,2,WhatsApp,1,desconto_pecas
C03032,EcoSport,2018,99737,PF,Sudeste,5.7,0,6,2,599.57,7.0,1,0,0,App FordPass,0,desconto_pecas
C04203,Territory,2015,205691,PF,Nordeste,10.3,0,15,49,786.3,,0,0,0,WhatsApp,1,desconto_pecas
C02458,EcoSport,2021,138803,PJ_Frota,Nordeste,,0,7,5,382.97,7.0,1,0,0,WhatsApp,0,desconto_pecas
C05182,Ka,2014,262461,PJ_Frota,Nordeste,4.9,0,12,60,836.36,8.0,0,0,1,WhatsApp,1,desconto_pecas
C04946,Territory,2014,196842,PF,Sudeste,10.4,0,15,22,1511.17,7.0,0,0,1,App FordPass,0,desconto_pecas
C02516,Ka,2017,235997,PF,Sul,8.3,0,5,60,943.41,5.0,0,0,0,WhatsApp,1,desconto_pecas
C03473,Ranger,2019,107335,PF,Sudeste,16.5,0,6,19,2602.9,7.0,0,0,0,,1,revisao_preco_fixo
C07358,EcoSport,2016,115952,PF,Nordeste,9.8,0,10,60,820.71,8.0,0,0,0,E-mail,1,checkup_gratuito
C05255,Maverick,2022,47725,PF,Sudeste,5.8,0,2,18,734.51,8.0,0,1,0,App FordPass,1,pacote_revisoes
C02522,Ranger,2018,113171,PF,Norte,46.1,0,0,60,898.48,2.0,0,0,1,App FordPass,1,checkup_gratuito
C08317,Maverick,2021,112295,PF,Norte,13.7,0,2,19,949.73,5.0,0,0,0,WhatsApp,1,revisao_preco_fixo
C06678,Ka,2014,201893,PF,Centro-Oeste,29.8,0,6,16,505.34,6.0,0,0,1,E-mail,0,desconto_pecas
C03367,Territory,2016,114234,PF,Sudeste,11.2,0,5,60,757.73,8.0,0,0,0,Ligacao,1,checkup_gratuito
C08294,Territory,2022,35568,PF,Norte,72.6,0,2,43,1246.79,6.0,1,0,0,App FordPass,1,checkup_gratuito
C05928,Maverick,2025,8046,PF,Sudeste,7.8,1,1,9,716.64,10.0,1,0,0,WhatsApp,0,pacote_revisoes
C01255,Maverick,2022,27369,PF,Sudeste,12.9,0,2,5,1027.82,6.0,0,1,0,WhatsApp,0,revisao_preco_fixo
C00318,EcoSport,2017,156848,PF,Norte,24.8,0,3,2,734.13,4.0,0,0,2,WhatsApp,1,revisao_preco_fixo
C00352,Territory,2018,120208,PF,Sul,10.8,0,8,10,1512.01,,1,0,3,WhatsApp,1,revisao_preco_fixo
C08545,Ranger,2026,3852,PF,Nordeste,65.1,1,0,6,1071.54,7.0,1,0,0,E-mail,0,pacote_revisoes
C04474,Ranger,2023,21077,PF,Sudeste,6.0,1,3,6,1265.68,9.0,0,0,0,E-mail,0,pacote_revisoes
C06452,Ranger,2018,332251,PJ_Frota,Sudeste,6.6,0,8,26,1068.43,7.0,0,0,1,E-mail,1,desconto_pecas
C03059,EcoSport,2019,143064,PF,Sul,11.4,0,4,25,913.4,4.0,0,0,0,E-mail,1,revisao_preco_fixo
C05795,Territory,2018,95349,PF,Nordeste,18.4,0,3,14,1685.49,7.0,0,0,1,App FordPass,1,desconto_pecas
C07371,Maverick,2022,171705,PJ_Frota,sul,13.1,0,6,0,1578.27,7.0,0,0,1,WhatsApp,1,revisao_preco_fixo
C01505,Ranger,2020,361968,PJ_Frota,Sudeste,8.7,0,24,19,936.46,10.0,0,0,0,App FordPass,0,desconto_pecas
C03282,EcoSport,2020,52414,PF,Norte,24.9,0,1,28,548.34,,0,0,0,WhatsApp,0,checkup_gratuito
C00026,Ranger,2014,187893,PF,Norte,36.2,0,9,44,1329.03,,0,0,0,WhatsApp,1,revisao_preco_fixo
C00897,EcoSport,2015,66341,PF,Nordeste,10.3,0,3,30,801.01,7.0,0,0,0,WhatsApp,1,checkup_gratuito
C06242,Ka,2021,48499,PF,Centro-Oeste,22.9,0,2,15,474.38,7.0,1,0,0,App FordPass,0,revisao_preco_fixo
C06885,Transit,2021,57417,PF,Sudeste,3.1,0,1,5,758.46,10.0,0,0,0,Ligacao,0,revisao_preco_fixo
C01805,Territory,2025,9727,PF,Nordeste,35.3,1,1,2,968.63,6.0,0,0,1,E-mail,0,pacote_revisoes
C07477,EcoSport,2014,117281,PF,Nordeste,8.0,0,7,60,,7.0,0,0,0,App FordPass,1,checkup_gratuito
C04125,Ka,2021,43380,PF,Norte,38.8,0,2,2,710.87,8.0,0,0,0,WhatsApp,0,revisao_preco_fixo
C01495,Territory,2025,16537,PF,Sudeste,4.7,1,1,1,472.12,8.0,1,0,1,App FordPass,0,pacote_revisoes
C08450,Transit,2017,411466,PJ_Frota,Sudeste,13.3,0,5,60,802.6,8.0,0,0,0,E-mail,1,desconto_pecas
C00775,Maverick,2020,62111,PF,Sudeste,16.6,0,4,1,780.39,6.0,0,0,2,App FordPass,1,plano_frota
C06100,Ranger,2025,16702,PJ_Frota,Nordeste,12.3,1,1,12,,,1,0,0,WhatsApp,0,plano_frota
C02771,Maverick,2023,57088,PF,Sudeste,7.2,1,0,5,1259.97,7.0,0,0,1,WhatsApp,0,pacote_revisoes
C09751,Mustang,2017,97801,PF,Nordeste,,0,4,1,2388.23,8.0,1,0,0,App FordPass,0,pacote_revisoes
C08232,Transit,2016,168560,PJ_Frota,Nordeste,37.0,0,4,14,989.63,7.0,1,0,0,App FordPass,0,plano_frota
C02244,Ranger,2014,215410,PF,Centro-Oeste,15.4,0,9,21,814.59,8.0,0,0,1,E-mail,1,desconto_pecas
C01773,Mustang,2025,13596,PF,Nordeste,12.7,1,1,2,1650.54,9.0,1,1,0,App FordPass,0,pacote_revisoes
C03168,Ka,2020,240527,PJ_Frota,sul,15.2,0,8,55,701.68,5.0,0,0,0,WhatsApp,1,plano_frota
C02100,Bronco Sport,2025,8154,PF,Sudeste,4.6,1,1,6,1151.24,10.0,1,0,0,WhatsApp,0,pacote_revisoes
C01777,Ranger,2025,10292,PF,Sudeste,2.6,1,1,0,1183.02,8.0,0,0,1,App FordPass,0,pacote_revisoes
C06015,Ka,2016,193694,PF,Sudeste,8.7,0,7,52,591.24,6.0,0,1,2,WhatsApp,1,checkup_gratuito
C09829,Ranger,2015,166821,PF,Centro-Oeste,18.1,0,14,60,1272.38,5.0,0,0,0,Ligacao,1,checkup_gratuito
C07188,Ka,2014,180018,PF,Sudeste,4.6,0,7,60,487.43,10.0,1,0,0,WhatsApp,1,desconto_pecas
C09678,Ranger,2020,68757,PF,Nordeste,,0,4,35,1457.34,7.0,1,0,0,E-mail,1,revisao_preco_fixo
C08453,Transit,2023,142037,PJ_Frota,Centro-Oeste,25.3,1,5,13,654.19,9.0,0,1,0,E-mail,0,plano_frota
C04345,Transit,2018,212046,PJ_Frota,Sudeste,9.4,0,18,9,1213.4,,0,0,1,E-mail,0,desconto_pecas
C04172,Transit,2024,55502,PJ_Frota,Nordeste,45.6,1,4,10,813.68,6.0,1,0,2,App FordPass,0,pacote_revisoes
C03397,Ka,2017,106807,PF,Sudeste,1.0,0,7,45,776.7,5.0,0,0,1,WhatsApp,1,checkup_gratuito
C08291,Transit,2020,123504,PJ_Frota,Sudeste,3.3,0,2,10,1390.76,7.0,1,0,0,WhatsApp,0,revisao_preco_fixo
C09316,Mustang,2022,82490,PF,Sul,6.9,0,7,6,1929.16,7.0,1,0,0,App FordPass,0,revisao_preco_fixo
C02560,Territory,2016,126115,PF,Sudeste,8.2,0,7,12,1195.58,7.0,0,0,0,App FordPass,1,revisao_preco_fixo
C05393,Ranger,2024,20103,PF,Sul,16.9,1,1,28,1123.5,3.0,1,0,1,App FordPass,0,checkup_gratuito
C02860,Ranger,2020,70606,PF,Sul,10.4,0,2,7,984.69,9.0,0,0,0,E-mail,1,desconto_pecas
C04948,Territory,2015,212748,PF,Centro-Oeste,11.9,0,15,1,1119.35,9.0,0,0,0,WhatsApp,0,desconto_pecas
C08104,Territory,2026,5547,PF,Sudeste,14.4,1,0,5,734.84,6.0,0,0,0,E-mail,0,pacote_revisoes
C05139,Maverick,2022,54654,PF,Sudeste,11.8,0,3,2,1470.14,,1,0,0,App FordPass,0,revisao_preco_fixo
C08885,Ka,2020,95012,PF,Nordeste,39.9,0,5,9,780.92,7.0,1,0,0,App FordPass,0,desconto_pecas
C08739,Territory,2024,43772,PF,Sudeste,13.5,1,1,3,,8.0,0,0,0,WhatsApp,0,pacote_revisoes
C02107,Transit,2017,219028,PJ_Frota,Sudeste,3.8,0,5,29,1676.07,7.0,0,0,1,WhatsApp,1,checkup_gratuito
C00167,Maverick,2023,45660,PF,Centro-Oeste,22.2,1,2,9,805.27,5.0,1,0,0,WhatsApp,0,pacote_revisoes
C03552,EcoSport,2021,64295,PF,Sudeste,15.0,0,2,3,661.56,7.0,0,0,0,App FordPass,0,revisao_preco_fixo
C06878,Territory,2016,128143,PF,Sudeste,2.9,0,8,41,723.26,9.0,0,0,0,WhatsApp,0,checkup_gratuito
C05888,Maverick,2014,157939,PF,Norte,69.6,0,10,60,1674.17,6.0,0,0,0,Ligacao,1,checkup_gratuito
C03434,Ka,2019,84263,PF,Centro Oeste,27.4,0,3,17,556.3,7.0,0,0,0,WhatsApp,1,revisao_preco_fixo
C08411,Ranger,2019,56891,PF,Nordeste,23.5,0,4,14,1317.78,10.0,0,0,0,App FordPass,1,revisao_preco_fixo
C06464,Ranger,2016,73356,PF,Sudeste,12.1,0,3,25,1100.86,9.0,0,0,1,E-mail,1,revisao_preco_fixo
C07389,EcoSport,2019,107928,PF,Norte,33.0,0,1,6,901.73,8.0,0,0,0,WhatsApp,0,revisao_preco_fixo
C04522,Bronco Sport,2023,45181,PF,Sudeste,7.8,1,2,4,595.08,7.0,0,1,0,Ligacao,0,pacote_revisoes
C04189,Ranger,2019,233409,PJ_Frota,Centro-Oeste,33.1,0,9,15,941.82,9.0,0,0,0,Ligacao,1,desconto_pecas
C05197,EcoSport,2018,119455,PF,Sudeste,15.3,0,7,28,,9.0,0,0,0,WhatsApp,0,desconto_pecas
C01846,EcoSport,2021,177672,PJ_Frota,Nordeste,20.8,0,7,49,,4.0,0,0,0,WhatsApp,1,checkup_gratuito
C08582,Ranger,2025,28446,PJ_Frota,Sudeste,3.3,1,2,11,,7.0,0,0,1,E-mail,0,plano_frota
C05340,EcoSport,2017,102927,PF,Sudeste,3.6,0,5,60,728.9,7.0,0,0,1,Ligacao,1,checkup_gratuito
C04254,Maverick,2017,182312,PF,Norte,26.0,0,2,13,997.82,7.0,0,0,0,WhatsApp,1,revisao_preco_fixo
C00919,Ranger,2017,167190,PF,Sudeste,7.5,0,15,60,959.36,7.0,0,0,0,E-mail,1,checkup_gratuito
C04276,Ranger,2017,97599,PF,Nordeste,24.1,0,0,60,1212.06,5.0,0,0,1,App FordPass,1,checkup_gratuito
C08722,Bronco Sport,2020,47434,PF,Centro-Oeste,,0,2,10,719.29,6.0,0,0,0,WhatsApp,0,revisao_preco_fixo
C00212,Ka,2016,321879,PJ_Frota,Sudeste,6.0,0,22,15,1006.65,9.0,0,0,0,WhatsApp,0,plano_frota
C04165,EcoSport,2016,103192,PF,Sudeste,3.8,0,3,20,577.03,7.0,1,0,1,WhatsApp,1,desconto_pecas
C03398,Territory,2014,187836,PF,Nordeste ,18.3,0,4,12,,7.0,0,0,0,Ligacao,1,desconto_pecas
C03288,Ka,2021,58775,PF,Sul,5.3,0,5,0,1406.06,9.0,1,0,0,E-mail,0,revisao_preco_fixo
C01485,Ka,2019,86774,PF,Sul,9.1,0,2,1,,6.0,0,0,1,E-mail,0,checkup_gratuito
C07681,Territory,2026,5655,PF,Sudeste,5.9,1,0,3,929.36,9.0,0,0,1,App FordPass,0,pacote_revisoes
C01646,EcoSport,2021,53708,PF,Sul,18.9,0,1,9,1248.72,7.0,1,0,0,E-mail,1,desconto_pecas
C02503,Maverick,2019,105775,PF,Centro-Oeste,32.9,0,5,1,,8.0,0,0,0,WhatsApp,0,desconto_pecas
C00518,Ka,2016,281105,PF,Sul,9.9,0,22,18,653.65,9.0,0,1,0,WhatsApp,0,desconto_pecas
C05391,Ranger,2022,73637,PF,Sudeste,33.2,0,2,0,945.68,9.0,0,0,0,App FordPass,1,desconto_pecas
C00086,Bronco Sport,2015,98509,PF,Nordeste,28.0,0,6,60,,10.0,0,1,0,E-mail,1,checkup_gratuito
C05279,Bronco Sport,2025,15063,PF,Norte,25.0,1,1,3,1294.1,,1,0,1,E-mail,0,pacote_revisoes
C07138,Bronco Sport,2014,223532,PF,Sul,8.7,0,15,25,1733.58,6.0,0,0,0,App FordPass,1,desconto_pecas
C01848,Ranger,2025,37320,PJ_Frota,Sudeste,19.3,1,2,11,838.41,6.0,0,0,0,App FordPass,0,plano_frota
C03063,Mustang,2015,153765,PF,Norte,43.2,0,14,1,1887.03,,0,0,0,App FordPass,0,revisao_preco_fixo
C02989,Territory,2021,57641,PF,Sudeste,14.3,0,5,38,1027.47,10.0,1,0,0,App FordPass,0,revisao_preco_fixo
C02810,Ka,2020,71496,PF,Nordeste,35.2,0,2,6,506.84,6.0,0,0,0,E-mail,1,revisao_preco_fixo
C01776,Bronco Sport,2015,435231,PJ_Frota,Sudeste,4.3,0,12,1,,,0,0,0,WhatsApp,0,desconto_pecas
C07713,EcoSport,2017,154004,PF,Sul,29.3,0,4,36,794.1,8.0,0,0,0,E-mail,1,desconto_pecas
C08321,Ranger,2019,59916,PF,Sul,7.7,0,2,2,974.27,7.0,0,0,0,WhatsApp,1,revisao_preco_fixo
C01081,Mustang,2022,49406,PF,Nordeste,9.8,0,3,3,1707.91,5.0,0,0,1,App FordPass,0,revisao_preco_fixo
C02835,Territory,2019,76407,PF,Sudeste,12.9,0,4,12,,7.0,0,0,0,Ligacao,0,revisao_preco_fixo
C07033,Ka,2015,105623,PF,Sul,59.4,0,2,4,,9.0,0,0,0,E-mail,0,desconto_pecas
C07409,EcoSport,2021,96202,PF,Nordeste,9.1,0,8,8,440.69,2.0,0,0,4,Ligacao,1,revisao_preco_fixo
C09051,Territory,2018,65501,PF,Sudeste,5.4,0,6,8,1328.95,6.0,0,0,0,E-mail,0,revisao_preco_fixo
C01798,Ranger,2017,351951,PJ_Frota,Sudeste,,0,23,38,820.58,7.0,0,0,1,E-mail,0,plano_frota
C03850,Ranger,2021,113055,PJ_Frota,Sul,6.7,0,6,34,1190.75,9.0,0,0,0,App FordPass,0,plano_frota
C04239,Territory,2023,26777,PF,Sudeste,8.2,1,2,3,715.2,5.0,1,0,0,App FordPass,0,pacote_revisoes
C04563,Maverick,2024,21590,PF,Nordeste,13.1,1,2,1,883.38,,0,0,0,WhatsApp,0,pacote_revisoes
C01335,Maverick,2015,189423,PF,Sudeste,1.9,0,18,3,,8.0,0,0,0,WhatsApp,0,desconto_pecas
C05406,EcoSport,2021,169261,PF,Sudeste,11.4,0,4,0,447.85,9.0,0,0,0,E-mail,0,desconto_pecas
C06600,Ka,2019,172364,PF,Sudeste,1.9,0,11,51,718.84,6.0,1,1,0,WhatsApp,1,checkup_gratuito
C00627,Ka,2021,87653,PF,Sudeste,6.0,0,5,10,371.83,,0,1,2,App FordPass,0,revisao_preco_fixo
C04552,Ka,2016,135655,PF,Sudeste,4.0,0,10,17,1056.24,8.0,0,0,1,WhatsApp,1,desconto_pecas
C01143,Maverick,2024,24740,PF,Sudeste,8.1,1,2,3,1523.01,8.0,0,0,0,E-mail,0,pacote_revisoes
C00571,Maverick,2016,233189,PF,Sul,14.8,0,12,10,,10.0,0,1,0,WhatsApp,0,desconto_pecas
C08878,Ka,2016,207258,PF,Sul,2.7,0,11,0,496.74,5.0,0,1,0,E-mail,1,desconto_pecas
C08944,Maverick,2025,24280,PF,Sudeste,10.5,1,1,3,735.43,5.0,1,0,0,E-mail,0,pacote_revisoes
C06497,Ranger,2015,158327,PF,Nordeste,12.7,0,9,13,1477.54,10.0,0,0,0,Ligacao,0,desconto_pecas
C09296,Ka,2018,120301,PF,Sudeste,4.2,0,5,13,12696.5,6.0,0,0,0,Ligacao,0,revisao_preco_fixo
C03074,Maverick,2022,68666,PF,Sudeste,10.9,0,6,14,1216.44,6.0,1,0,1,E-mail,0,revisao_preco_fixo
C00164,Ranger,2021,76574,PF,Sudeste,6.2,0,0,39,963.76,4.0,1,0,0,WhatsApp,1,checkup_gratuito
C00607,Ka,2019,123832,PF,Norte,32.0,0,7,16,1175.65,7.0,0,0,0,WhatsApp,0,revisao_preco_fixo
C03007,Ka,2018,83052,PF,Sudeste,7.7,0,2,24,682.49,6.0,1,0,0,App FordPass,1,revisao_preco_fixo
C06559,EcoSport,2016,121404,PF,Sudeste,4.3,0,6,9,731.63,9.0,0,0,0,,0,desconto_pecas
C08065,Ka,2014,153224,PF,Nordeste ,58.8,0,1,7,825.41,7.0,0,0,0,E-mail,1,desconto_pecas
C06736,Ka,2017,131000,PF,Nordeste,20.2,0,7,33,874.6,6.0,0,0,0,WhatsApp,1,revisao_preco_fixo
C00260,Ka,2017,237913,PF,Centro-Oeste,28.2,0,12,60,687.11,,1,0,0,Ligacao,1,checkup_gratuito
C07688,Ranger,2023,34736,PF,Centro Oeste,20.6,1,3,8,983.54,9.0,1,1,0,App FordPass,0,checkup_gratuito
C04034,Ka,2021,56589,PF,Sul,20.3,0,1,12,807.03,6.0,1,0,0,WhatsApp,1,revisao_preco_fixo
C02856,Territory,2026,2224,PF,Sudeste,,1,0,1,729.75,6.0,1,0,3,App FordPass,0,pacote_revisoes
C02527,Mustang,2017,63318,PF,Sudeste,15.8,0,3,60,3640.15,9.0,0,0,0,WhatsApp,1,checkup_gratuito
C05095,Ranger,2026,8818,PF,Norte,31.9,1,0,5,893.63,6.0,1,0,0,App FordPass,0,pacote_revisoes
C00930,EcoSport,2019,45321,PF,Sudeste,6.9,0,3,60,,7.0,0,0,0,Ligacao,1,checkup_gratuito
C09354,Territory,2025,20583,PF,Norte,27.0,1,1,12,843.16,5.0,1,0,0,Ligacao,1,pacote_revisoes
C00635,Ka,2018,90162,PF,Sudeste,7.4,0,0,5,959.01,6.0,0,1,0,,0,desconto_pecas
C09485,EcoSport,2014,185062,PF,Centro-Oeste,11.5,0,13,42,398.18,6.0,0,0,0,Ligacao,1,desconto_pecas
C02676,Ranger,2014,163298,PF,Sudeste,4.8,0,12,2,,6.0,0,0,0,WhatsApp,0,desconto_pecas
C01788,Maverick,2015,108645,PF,Nordeste,24.5,0,3,31,840.07,,0,0,1,WhatsApp,1,revisao_preco_fixo
C06327,Territory,2018,88552,PF,Nordeste,12.1,0,2,1,1111.01,10.0,0,0,0,WhatsApp,0,desconto_pecas
C07264,Territory,2019,157701,PF,Nordeste,14.7,0,11,1,949.78,8.0,0,1,0,Ligacao,0,checkup_gratuito
C09005,Bronco Sport,2015,149359,PF,Nordeste,44.0,0,7,22,1266.66,7.0,0,1,0,App FordPass,1,checkup_gratuito
C01313,Ka,2020,222523,PJ_Frota,Sudeste,6.7,0,15,27,836.27,6.0,0,0,0,WhatsApp,0,checkup_gratuito
C03849,EcoSport,2018,129065,PF,Sudeste,5.1,0,7,5,702.24,5.0,1,0,1,App FordPass,0,desconto_pecas
C07521,EcoSport,2014,144706,PF,Sul,21.2,0,3,60,1052.23,9.0,0,0,2,E-mail,1,desconto_pecas
C03710,Maverick,2024,19282,PF,Sudeste,,1,2,1,1200.41,6.0,0,0,1,WhatsApp,0,pacote_revisoes
C08254,Territory,2014,118856,PF,Centro-Oeste,14.3,0,4,10,1342.48,10.0,0,0,1,E-mail,0,desconto_pecas
C09413,Transit,2014,317999,PJ_Frota,Sul,15.8,0,5,19,1206.42,4.0,0,0,1,App FordPass,0,desconto_pecas
C05896,Ka,2019,76096,PF,Sudeste,12.2,0,4,4,509.01,5.0,1,0,0,WhatsApp,0,revisao_preco_fixo
C09044,EcoSport,2019,127567,PF,Sudeste,30.9,0,6,22,811.19,5.0,1,0,1,App FordPass,1,revisao_preco_fixo
C08715,Ka,2019,165686,PF,Centro-Oeste,32.3,0,4,32,739.24,5.0,1,0,0,E-mail,1,revisao_preco_fixo
C06731,Ranger,2019,96443,PF,Sul,8.0,0,4,35,1362.04,2.0,0,0,1,,1,checkup_gratuito
C05974,Transit,2022,66429,PJ_Frota,Sul,16.4,0,4,7,785.33,7.0,0,0,0,E-mail,0,plano_frota
C07875,Ka,2017,74374,PF,Sudeste,2.3,0,6,12,576.65,10.0,0,0,0,App FordPass,0,desconto_pecas
C08855,Ka,2021,85639,PF,Sul,7.3,0,3,60,,6.0,0,0,0,Ligacao,1,checkup_gratuito
C07662,Territory,2024,22351,PF,Sudeste,3.7,1,1,1,1616.57,4.0,0,0,2,WhatsApp,0,pacote_revisoes
C07921,Ranger,2014,339774,PF,Norte,19.9,0,16,16,1941.42,7.0,1,0,0,WhatsApp,1,desconto_pecas
C04219,Territory,2017,93948,PF,Sudeste,5.7,0,6,3,1341.63,6.0,0,0,2,E-mail,0,desconto_pecas
C08841,Ka,2019,60269,PF,Sudeste,6.4,0,4,12,441.7,,0,1,0,WhatsApp,0,checkup_gratuito
C08437,Maverick,2025,12125,PF,Norte,38.0,1,1,5,687.2,,1,0,0,App FordPass,0,pacote_revisoes
C09860,Ka,2016,264691,PJ_Frota,Sudeste,3.5,0,11,12,,5.0,0,0,0,WhatsApp,1,desconto_pecas
C09430,Ranger,2026,6164,PJ_Frota,Sudeste,15.1,1,0,0,546.78,,1,0,0,App FordPass,0,plano_frota
C04763,Ranger,2018,159740,PF,Sudeste,11.7,0,12,17,728.99,5.0,1,0,0,E-mail,1,desconto_pecas
C08825,Maverick,2024,44424,PF,Sul,3.3,1,4,2,851.27,6.0,1,0,0,App FordPass,0,revisao_preco_fixo
C02520,Ka,2015,128415,PF,Sudeste,14.4,0,12,4,1046.68,9.0,0,0,0,WhatsApp,0,desconto_pecas
C01745,Territory,2021,62281,PF,Norte,13.8,0,2,13,852.7,7.0,0,0,0,E-mail,0,revisao_preco_fixo
C04832,Territory,2026,4876,PF,Centro-Oeste,17.1,1,0,22,860.53,4.0,0,0,0,Ligacao,0,revisao_preco_fixo
C03306,Ka,2018,65375,PF,Norte,51.0,0,0,21,691.32,,1,1,0,App FordPass,1,revisao_preco_fixo
C00783,Territory,2022,52542,PF,Sudeste,,0,2,6,1073.42,7.0,0,0,0,WhatsApp,0,revisao_preco_fixo
C05002,Bronco Sport,2021,68831,PF,Sudeste,6.4,0,6,3,685.37,7.0,0,1,0,Ligacao,0,checkup_gratuito
C00435,EcoSport,2017,102493,PF,Norte,30.3,0,5,60,465.59,6.0,0,0,0,E-mail,1,checkup_gratuito
C08677,Territory,2021,108152,PJ_Frota,Sudeste,4.7,0,5,21,648.13,,0,0,0,WhatsApp,1,plano_frota
C01923,EcoSport,2015,94352,PF,Nordeste,17.7,0,5,16,745.69,6.0,0,0,2,Ligacao,1,desconto_pecas
C04785,Maverick,2024,22433,PF,Sudeste,13.2,1,1,13,865.86,8.0,1,0,1,E-mail,0,pacote_revisoes
C01078,Territory,2021,118108,PF,Sudeste,4.9,0,7,9,1306.17,6.0,1,0,1,Ligacao,0,revisao_preco_fixo
C02489,Territory,2016,118334,PF,Sudeste,3.8,0,2,11,943.76,,0,0,0,WhatsApp,0,desconto_pecas
C00535,EcoSport,2017,77188,PF,Sudeste,6.8,0,4,60,811.51,9.0,0,0,0,Ligacao,1,checkup_gratuito
C01397,Mustang,2018,113227,PF,Nordeste,19.2,0,6,3,3003.19,8.0,0,0,1,App FordPass,0,checkup_gratuito
C06503,Maverick,2019,304200,PJ_Frota,Nordeste,29.6,0,4,60,,7.0,0,0,0,WhatsApp,1,checkup_gratuito
C04878,Ranger,2018,95342,PF,Sudeste,,0,3,60,1361.48,6.0,0,0,1,Ligacao,1,checkup_gratuito
C05876,Territory,2016,103055,PF,Centro-Oeste,182.0,0,0,19,644.92,6.0,0,0,0,WhatsApp,1,desconto_pecas
C00580,Ranger,2016,307307,PJ_Frota,Nordeste,7.8,0,11,60,1195.37,5.0,0,0,0,E-mail,1,desconto_pecas
C07997,Ranger,2025,12065,PF,Sul,19.6,1,1,1,1103.33,4.0,1,0,0,WhatsApp,0,checkup_gratuito
C05327,Transit,2019,220115,PJ_Frota,Sudeste,6.5,0,12,27,,10.0,1,0,0,WhatsApp,0,plano_frota
C00547,Ka,2015,141773,PF,Sudeste,7.5,0,2,8,1472.69,,0,1,0,E-mail,1,desconto_pecas
C03377,Mustang,2023,24626,PF,Nordeste,16.9,1,3,4,1732.17,6.0,0,0,0,WhatsApp,0,pacote_revisoes
C03706,EcoSport,2019,39674,PF,Sudeste,1.4,0,2,42,652.58,7.0,0,0,0,WhatsApp,1,checkup_gratuito
C06331,Transit,2016,191940,PF,Nordeste,50.8,0,3,41,1549.55,7.0,0,0,0,App FordPass,1,revisao_preco_fixo
C05823,Ka,2017,161609,PF,Nordeste,18.5,0,4,34,462.0,5.0,0,0,0,E-mail,1,desconto_pecas
C00664,EcoSport,2015,68279,PF,Sudeste,10.3,0,6,32,1309.05,9.0,0,0,0,WhatsApp,0,desconto_pecas
C01663,EcoSport,2020,81734,PF,Sudeste,4.8,0,7,5,527.64,10.0,1,0,0,E-mail,0,revisao_preco_fixo
C02157,EcoSport,2016,90121,PF,Nordeste,7.5,0,5,23,19408.75,7.0,0,0,0,WhatsApp,1,desconto_pecas
C02205,Territory,2017,72047,PF,Nordeste,11.3,0,8,24,1509.05,8.0,0,0,0,App FordPass,0,checkup_gratuito
C01118,EcoSport,2017,196065,PF,Sul,22.0,0,9,29,1245.77,8.0,0,0,0,App FordPass,1,desconto_pecas
C03890,Ka,2014,269081,PF,Norte,34.1,0,13,60,922.33,10.0,0,0,1,WhatsApp,1,desconto_pecas
C00550,Ranger,2024,41487,PJ_Frota,Norte,48.0,1,3,21,1286.62,10.0,0,0,0,WhatsApp,0,revisao_preco_fixo
C03257,EcoSport,2020,51595,PF,Nordeste,,0,1,16,1452.66,8.0,0,0,0,Ligacao,0,revisao_preco_fixo
C02364,Territory,2023,34513,PF,Norte,39.0,1,2,3,1352.08,,1,0,0,WhatsApp,0,revisao_preco_fixo
C07566,Ka,2019,97524,PF,Sudeste,11.5,0,7,35,1215.9,5.0,0,1,0,App FordPass,1,revisao_preco_fixo
C09308,EcoSport,2020,104309,PF,Nordeste ,24.4,0,9,22,705.37,9.0,1,0,0,App FordPass,0,revisao_preco_fixo
C03911,Ranger,2014,182368,PF,Sudeste,6.9,0,6,60,1159.1,7.0,0,0,0,WhatsApp,1,desconto_pecas
C06341,Mustang,2024,18571,PF,Nordeste,,1,1,5,2057.81,6.0,1,0,0,WhatsApp,0,pacote_revisoes
C02228,Ka,2017,226482,PJ_Frota,Centro-Oeste,26.9,0,6,31,503.7,,0,0,0,Ligacao,1,plano_frota
C05465,Maverick,2020,78074,PF,Sudeste,6.6,0,6,7,22776.75,9.0,0,0,0,App FordPass,0,revisao_preco_fixo
C09704,EcoSport,2018,117040,PF,Sudeste,8.7,0,4,3,1043.13,9.0,1,0,0,App FordPass,0,revisao_preco_fixo
C08889,Ka,2021,29945,PF,Nordeste,19.5,0,2,9,1050.43,9.0,0,0,0,App FordPass,0,pacote_revisoes
C03472,Ranger,2026,5987,PF,Sudeste,4.3,1,0,0,658.15,10.0,0,0,0,E-mail,0,pacote_revisoes
C09081,Ranger,2014,131681,PF,Sudeste,19.3,0,5,37,1443.73,9.0,0,0,0,WhatsApp,1,desconto_pecas
C07289,Ka,2018,250778,PJ_Frota,Sul,40.1,0,6,8,734.94,3.0,0,0,0,WhatsApp,1,plano_frota
C04496,Ranger,2018,232200,PJ_Frota,Norte,103.4,0,1,10,1203.14,,1,0,0,App FordPass,0,desconto_pecas
C07638,Territory,2020,90528,PF,Norte,31.8,0,3,0,729.72,7.0,0,0,1,WhatsApp,1,revisao_preco_fixo
C01059,Bronco Sport,2016,173348,PF,Sudeste,3.7,0,11,17,1413.92,10.0,0,0,0,,0,desconto_pecas
C03917,Ranger,2017,118079,PF,Sul,42.0,0,6,16,1156.79,8.0,0,0,0,Ligacao,1,revisao_preco_fixo
C02180,Maverick,2026,1231,PF,SUDESTE,10.0,1,0,15,592.97,3.0,1,0,0,App FordPass,0,checkup_gratuito
C00486,Ranger,2018,110255,PF,Sudeste,2.4,0,10,36,1002.89,10.0,0,0,0,App FordPass,1,revisao_preco_fixo
C07535,Transit,2021,72377,PJ_Frota,Nordeste,41.9,0,7,1,1104.35,7.0,1,0,0,App FordPass,0,plano_frota
C02751,Bronco Sport,2025,9609,PF,Sudeste,,1,1,1,1272.74,7.0,0,0,0,WhatsApp,0,pacote_revisoes
C02021,Ka,2015,182146,PF,Sul,10.0,0,13,60,799.65,7.0,0,1,0,WhatsApp,1,checkup_gratuito
C02729,Mustang,2025,12931,PF,Nordeste,13.3,1,1,1,800.12,6.0,1,0,0,App FordPass,0,pacote_revisoes
C05270,Transit,2020,120215,PF,SUDESTE,14.2,0,4,15,1406.32,5.0,0,0,0,E-mail,0,revisao_preco_fixo
C05204,Ka,2021,43400,PF,Sudeste,9.1,0,4,10,712.06,,1,0,1,E-mail,1,checkup_gratuito
C01869,Maverick,2026,3631,PF,Sudeste,7.1,1,0,9,722.93,5.0,1,0,0,App FordPass,0,pacote_revisoes
C05458,Ka,2016,73877,PF,Sudeste,75.0,0,4,30,827.53,8.0,0,0,1,WhatsApp,1,checkup_gratuito
C04765,EcoSport,2015,105710,PF,Centro-Oeste,28.1,0,5,60,1163.41,8.0,0,0,0,WhatsApp,1,checkup_gratuito
C09364,Bronco Sport,2021,81688,PF,Sudeste,7.4,0,6,15,,10.0,1,0,0,WhatsApp,0,revisao_preco_fixo
C01194,Maverick,2016,169414,PF,Nordeste,5.1,0,12,1,787.97,9.0,0,0,0,WhatsApp,1,desconto_pecas
C01659,Ka,2014,127127,PF,Norte,27.2,0,3,31,716.49,8.0,0,0,0,E-mail,1,desconto_pecas
C02099,EcoSport,2015,204238,PF,Nordeste,8.7,0,15,16,828.56,7.0,0,0,0,WhatsApp,0,desconto_pecas
C02873,EcoSport,2018,126340,PF,Nordeste,16.2,0,7,60,819.36,6.0,0,0,0,E-mail,1,checkup_gratuito
C03559,Ranger,2024,22882,PF,Nordeste,12.8,1,2,3,936.84,7.0,1,0,1,E-mail,0,pacote_revisoes
C09194,Ranger,2020,69868,PF,Norte,4.9,0,2,2,912.82,7.0,0,0,0,Ligacao,0,revisao_preco_fixo
C05109,Maverick,2017,166269,PF,Centro-Oeste,25.5,0,0,60,1030.65,4.0,0,0,1,WhatsApp,1,checkup_gratuito
C06629,Territory,2024,17957,PF,Sudeste,9.7,1,1,2,743.48,5.0,1,0,0,App FordPass,0,pacote_revisoes
C09942,Maverick,2016,103877,PF,Sudeste,8.5,0,3,49,712.78,8.0,0,0,0,WhatsApp,1,checkup_gratuito
C04608,Ka,2018,203797,PF,Nordeste,18.0,0,9,15,522.48,7.0,0,0,0,WhatsApp,1,desconto_pecas
C00536,Ranger,2015,243597,PF,Nordeste,26.7,0,18,49,1460.01,9.0,0,0,1,WhatsApp,1,revisao_preco_fixo
C08120,Ranger,2026,5138,PF,Nordeste,6.0,1,0,4,803.09,5.0,0,0,1,Ligacao,0,pacote_revisoes
C01820,Transit,2026,5277,PJ_Frota,Nordeste,33.9,1,0,5,551.95,7.0,1,0,0,Ligacao,0,checkup_gratuito
C09448,EcoSport,2018,55245,PF,Norte,14.9,0,2,60,606.75,9.0,0,0,0,WhatsApp,1,checkup_gratuito
C04019,Bronco Sport,2024,23816,PF,Centro-Oeste,28.2,1,2,2,1202.85,10.0,0,0,0,Ligacao,0,pacote_revisoes
C07600,Transit,2022,98367,PJ_Frota,Sul,17.8,0,3,60,965.34,7.0,0,0,0,E-mail,1,checkup_gratuito
C00203,Ka,2016,154134,PF,sul,20.8,0,13,5,1114.05,8.0,0,0,0,E-mail,0,desconto_pecas
C06742,Ka,2018,211764,PJ_Frota,Centro-Oeste,24.8,0,10,53,811.51,4.0,0,0,1,E-mail,1,checkup_gratuito
C04121,Maverick,2021,52153,PF,Sudeste,10.0,0,3,10,950.43,,0,0,1,Ligacao,0,revisao_preco_fixo
C01362,Territory,2019,96297,PF,Centro-Oeste,50.5,0,0,31,1049.54,5.0,0,0,0,Ligacao,1,checkup_gratuito
C09865,Ranger,2014,144385,PF,Sul,26.2,0,6,5,675.98,7.0,0,0,0,E-mail,1,desconto_pecas
C07153,Territory,2015,141316,PF,Sudeste,7.2,0,7,18,908.93,5.0,0,0,0,WhatsApp,1,desconto_pecas
C01787,Territory,2014,77118,PF,Sudeste,6.7,0,5,16,1953.01,8.0,0,0,0,App FordPass,1,revisao_preco_fixo
C01043,Territory,2024,20628,PF,Sudeste,2.7,1,2,5,899.35,8.0,1,0,0,,0,pacote_revisoes
C07722,Ka,2017,266536,PJ_Frota,Nordeste,39.8,0,7,17,460.09,7.0,1,0,0,Ligacao,0,desconto_pecas
C09395,Territory,2023,28509,PF,Nordeste,11.4,1,3,3,726.07,10.0,1,0,1,App FordPass,0,pacote_revisoes
C09794,Ka,2014,213946,PF,Centro-Oeste,,0,13,10,757.43,6.0,0,0,0,WhatsApp,1,desconto_pecas
C03008,Ka,2016,172478,PF,Nordeste,30.8,0,7,6,651.93,7.0,0,0,0,WhatsApp,0,desconto_pecas
C05779,Ka,2016,110604,PF,Sudeste,2.9,0,6,33,450.68,6.0,0,0,0,App FordPass,0,checkup_gratuito
C03228,Territory,2023,39141,PF,SUDESTE,2.8,1,2,2,916.88,7.0,0,0,1,App FordPass,0,pacote_revisoes
C02403,Mustang,2015,142897,PF,Sudeste,16.1,0,11,24,1486.87,8.0,0,0,0,Ligacao,1,desconto_pecas
C09231,Maverick,2026,2355,PF,Nordeste,55.1,1,0,5,919.11,8.0,0,0,0,App FordPass,0,pacote_revisoes
C04987,Ka,2018,105461,PF,Sudeste,2.6,0,6,1,945.47,9.0,0,0,1,WhatsApp,1,desconto_pecas
C05558,Territory,2024,20010,PF,Sudeste,7.6,1,2,10,491.97,6.0,1,0,0,App FordPass,0,pacote_revisoes
C01506,Bronco Sport,2015,159235,PF,Sul,14.4,0,5,60,1754.4,8.0,0,0,1,WhatsApp,1,checkup_gratuito
C06260,Mustang,2023,30992,PF,Sudeste,16.2,1,2,1,1257.37,6.0,1,0,0,WhatsApp,0,pacote_revisoes
C01487,Ranger,2015,127866,PF,Centro-Oeste,10.2,0,7,11,662.65,9.0,1,0,0,App FordPass,0,desconto_pecas
C05466,Maverick,2025,15104,PF,Centro-Oeste,29.6,1,1,6,1354.58,6.0,0,0,1,Ligacao,0,revisao_preco_fixo
C03981,Ranger,2025,9291,PF,Sudeste,,1,1,10,573.52,8.0,1,0,0,E-mail,1,checkup_gratuito
C00431,Bronco Sport,2022,63444,PF,Nordeste,6.5,0,2,11,1304.98,9.0,0,0,1,WhatsApp,0,desconto_pecas
C02900,Ranger,2019,297693,PJ_Frota,Sudeste,5.0,0,23,8,969.2,8.0,0,0,0,App FordPass,0,desconto_pecas
C08773,Bronco Sport,2014,438492,PF,Sul,11.2,0,19,47,,6.0,0,0,0,E-mail,1,desconto_pecas
C06609,Ka,2015,173793,PF,Centro-Oeste,31.0,0,7,28,549.48,7.0,0,0,0,App FordPass,1,desconto_pecas
C05905,Mustang,2022,31416,PF,Sudeste,7.1,0,2,1,1208.28,9.0,1,0,0,App FordPass,0,revisao_preco_fixo
C07719,Ranger,2020,96675,PF,Sudeste,6.4,0,4,3,902.48,5.0,1,0,0,App FordPass,0,revisao_preco_fixo
C05319,EcoSport,2019,73719,PF,Sudeste,7.6,0,2,0,434.85,8.0,0,0,0,WhatsApp,0,revisao_preco_fixo
C06567,Ranger,2017,90245,PF,Sul,16.5,0,4,28,694.6,5.0,0,0,0,Ligacao,1,revisao_preco_fixo
C07711,Bronco Sport,2015,233740,PF,Sul,29.4,0,13,8,798.13,8.0,0,0,0,WhatsApp,1,desconto_pecas
C06582,Bronco Sport,2015,139714,PF,Sudeste,20.0,0,8,7,2288.01,9.0,0,0,0,Ligacao,1,desconto_pecas
C09741,Ranger,2025,12445,PF,Centro-Oeste,43.7,1,0,5,1342.77,8.0,1,0,2,Ligacao,1,pacote_revisoes
C08359,Ka,2014,154570,PF,Sudeste,12.0,0,5,33,687.71,6.0,0,0,0,WhatsApp,1,desconto_pecas
C02882,Ranger,2024,19941,PF,Sudeste,23.6,1,2,1,888.51,10.0,1,0,0,E-mail,0,pacote_revisoes
C00268,Ka,2016,65913,PF,Nordeste,19.9,0,1,38,463.2,6.0,0,0,0,WhatsApp,1,checkup_gratuito
C04253,Ranger,2022,85859,PF,Sudeste,5.6,0,6,2,789.77,6.0,0,0,1,Ligacao,0,revisao_preco_fixo
C08854,Ranger,2025,11696,PF,Nordeste,27.3,1,1,1,663.51,8.0,1,0,0,Ligacao,0,pacote_revisoes
C01611,Bronco Sport,2024,25904,PF,Sul,15.8,1,0,10,727.08,6.0,0,0,1,WhatsApp,1,pacote_revisoes
C02395,Transit,2019,226862,PJ_Frota,Sudeste,11.3,0,16,12,1183.71,7.0,0,0,0,E-mail,0,desconto_pecas
C08995,Transit,2014,359576,PJ_Frota,Centro-Oeste,18.6,0,21,34,2176.32,,0,0,0,E-mail,1,plano_frota
C04976,Ranger,2019,82041,PF,Sudeste,56.0,0,0,0,588.7,3.0,0,0,1,Ligacao,1,revisao_preco_fixo
C08686,Maverick,2022,52842,PF,Sudeste,3.5,0,2,22,763.39,5.0,0,0,0,App FordPass,1,revisao_preco_fixo
C00717,Ka,2016,122610,PF,Nordeste,69.6,0,0,7,711.01,6.0,0,0,0,WhatsApp,0,desconto_pecas
C09001,EcoSport,2017,130639,PF,Norte,24.0,0,6,41,935.49,,1,0,0,App FordPass,1,checkup_gratuito
C02949,Maverick,2014,163945,PF,Centro-Oeste,20.3,0,4,11,563.2,6.0,0,0,0,WhatsApp,1,revisao_preco_fixo
C02336,Maverick,2024,31452,PF,Sudeste,28.0,1,3,8,651.53,6.0,1,1,0,App FordPass,0,pacote_revisoes
C06563,Transit,2018,160549,PJ_Frota,Sul,10.3,0,14,5,754.44,6.0,0,0,2,App FordPass,0,plano_frota
C05664,EcoSport,2016,130575,PF,Sudeste,10.6,0,7,6,664.39,4.0,0,0,1,App FordPass,0,desconto_pecas
C00098,Ka,2018,91065,PF,Sudeste,18.6,0,3,25,579.62,10.0,0,0,0,E-mail,1,desconto_pecas
C05633,Ka,2019,73520,PF,Centro-Oeste,20.6,0,4,27,598.7,7.0,0,0,0,WhatsApp,1,revisao_preco_fixo
C09004,Ka,2021,62077,PF,Sul,5.8,0,5,2,381.9,9.0,0,0,1,E-mail,1,desconto_pecas
C04080,Ranger,2016,113596,PF,Sul,24.0,0,6,20,1095.89,9.0,0,0,1,WhatsApp,0,desconto_pecas
C04574,Maverick,2016,119402,PF,Sul,11.3,0,7,8,688.21,7.0,1,0,0,E-mail,0,desconto_pecas
C01157,Ka,2018,112906,PF,Centro Oeste,10.5,0,1,32,,9.0,1,0,1,App FordPass,1,desconto_pecas
C02128,Ka,2018,144036,PF,Sudeste,9.4,0,6,21,1074.08,9.0,0,0,0,App FordPass,0,desconto_pecas
C02807,Bronco Sport,2016,78695,PF,Norte,23.6,0,6,28,899.44,,0,0,0,WhatsApp,0,revisao_preco_fixo
C06977,Ka,2014,136104,PF,Nordeste,18.1,0,4,19,807.0,6.0,0,0,0,WhatsApp,1,revisao_preco_fixo
C01431,Territory,2014,259545,PF,Sudeste,3.6,0,10,7,1402.97,8.0,0,0,0,App FordPass,0,desconto_pecas
C08766,Maverick,2022,93568,PF,Sudeste,11.8,0,6,5,22789.25,7.0,0,0,1,WhatsApp,0,revisao_preco_fixo
C02155,Maverick,2023,38904,PF,Sudeste,5.2,1,0,5,514.66,5.0,0,0,1,WhatsApp,0,pacote_revisoes
C08110,EcoSport,2021,50660,PF,Nordeste,6.0,0,1,16,577.7,7.0,1,0,0,,0,desconto_pecas
C05135,Ranger,2022,71663,PF,Sul,8.8,0,4,14,1773.15,8.0,1,0,0,WhatsApp,0,revisao_preco_fixo
C09833,Bronco Sport,2015,149414,PF,Sudeste,8.0,0,10,60,1128.49,9.0,1,0,0,App FordPass,1,desconto_pecas
C02410,Territory,2014,156262,PF,Nordeste,8.5,0,8,23,1347.44,6.0,0,0,0,WhatsApp,1,revisao_preco_fixo
C09761,Ka,2015,125577,PF,Sul,16.8,0,5,35,686.56,9.0,0,0,0,E-mail,1,desconto_pecas
C05858,Ranger,2020,32308,PF,Nordeste,5.2,0,3,4,1067.9,6.0,1,0,0,WhatsApp,0,revisao_preco_fixo
C02817,Territory,2024,24454,PF,Centro-Oeste,7.0,1,2,3,867.93,8.0,0,0,0,WhatsApp,0,pacote_revisoes
C04660,Territory,2023,47147,PF,Nordeste ,6.5,1,4,2,1391.39,,1,0,0,App FordPass,0,pacote_revisoes
C00590,Transit,2021,86321,PJ_Frota,Sudeste,13.8,0,1,5,1013.8,6.0,1,0,0,E-mail,1,plano_frota
C04144,Ranger,2014,236816,PF,Sul,6.4,0,10,43,1350.33,8.0,0,0,0,WhatsApp,1,desconto_pecas
C03115,Territory,2018,52767,PF,Centro-Oeste,11.9,0,2,39,521.37,6.0,1,0,0,WhatsApp,1,checkup_gratuito
C03561,Ranger,2024,13146,PF,Sudeste,6.6,1,2,3,843.09,,1,0,0,WhatsApp,0,pacote_revisoes
C07518,Ranger,2020,51213,PF,Sudeste,15.4,0,3,10,2532.59,3.0,0,0,0,E-mail,1,revisao_preco_fixo
C06965,Territory,2017,131972,PF,Nordeste,34.5,0,4,60,1125.63,7.0,0,0,0,Ligacao,1,revisao_preco_fixo
C07202,Ka,2014,100275,PF,Nordeste,10.8,0,7,52,1227.73,6.0,0,0,1,WhatsApp,1,checkup_gratuito
C09122,Maverick,2015,141902,PF,Norte,33.9,0,4,60,1225.09,9.0,1,0,1,Ligacao,1,revisao_preco_fixo
C08650,EcoSport,2017,106069,PF,Nordeste,36.4,0,4,10,1279.9,8.0,0,0,0,WhatsApp,1,desconto_pecas
C07192,Ranger,2023,24244,PF,Sudeste,13.4,1,3,13,,7.0,0,0,0,App FordPass,1,pacote_revisoes
C08144,Territory,2019,243777,PJ_Frota,Nordeste,5.6,0,15,4,,,0,0,0,App FordPass,0,plano_frota
C03058,EcoSport,2020,52088,PF,Sudeste,5.5,0,3,14,521.26,,0,0,0,App FordPass,0,desconto_pecas
C02267,Ranger,2024,-33588,PF,Sudeste,4.4,1,1,2,763.59,4.0,1,0,0,WhatsApp,0,pacote_revisoes
C09015,Maverick,2020,63587,PF,Sul,,0,3,35,1369.11,4.0,0,1,1,WhatsApp,0,checkup_gratuito
C03283,Ka,2020,104349,PF,SUDESTE,7.3,0,8,6,1195.34,8.0,0,0,0,WhatsApp,0,revisao_preco_fixo
C00533,Territory,2017,95634,PF,Nordeste,18.1,0,2,33,1280.47,8.0,0,0,0,WhatsApp,1,checkup_gratuito
C03715,Maverick,2018,110364,PF,Sudeste,12.5,0,7,21,1105.89,9.0,1,0,0,Ligacao,0,desconto_pecas
C09876,Maverick,2026,2577,PF,Norte,17.9,1,0,0,,9.0,0,0,0,WhatsApp,0,pacote_revisoes
C05261,Territory,2024,50104,PF,Norte,49.9,1,3,14,628.27,5.0,1,0,3,WhatsApp,1,pacote_revisoes
C03154,Ka,2014,181381,PF,Norte,38.5,0,5,21,1057.4,5.0,0,0,0,WhatsApp,1,desconto_pecas
C00517,Bronco Sport,2021,89383,PF,Nordeste,,0,6,12,900.2,10.0,1,0,0,WhatsApp,0,pacote_revisoes
C06415,Ka,2021,78009,PF,Nordeste,22.5,0,3,11,877.24,9.0,1,0,0,WhatsApp,1,pacote_revisoes
C05692,Ranger,2023,23195,PF,Sudeste,,1,1,11,1025.0,4.0,1,0,0,,0,pacote_revisoes
C03949,EcoSport,2014,132656,PF,Sul,25.1,0,9,28,887.42,7.0,0,0,0,WhatsApp,1,checkup_gratuito
C07732,EcoSport,2019,93776,PF,Nordeste,9.6,0,7,0,1194.35,5.0,0,0,0,Ligacao,0,revisao_preco_fixo
C08774,Territory,2018,57996,PF,Sul,6.9,0,5,6,1704.52,8.0,1,0,0,E-mail,0,checkup_gratuito
C04060,Transit,2018,285693,PJ_Frota,Sudeste,27.5,0,11,31,853.88,7.0,1,0,1,App FordPass,0,desconto_pecas
C08509,Maverick,2014,179123,PF,Norte,31.0,0,9,6,1418.61,4.0,0,0,0,,0,desconto_pecas
C09844,EcoSport,2015,93888,PF,Norte,37.8,0,8,42,1005.66,9.0,0,0,0,WhatsApp,1,revisao_preco_fixo
C04285,Ka,2018,77904,PF,Sudeste,10.9,0,3,7,661.2,7.0,0,0,0,E-mail,0,desconto_pecas
C09997,Ka,2020,42011,PF,Centro-Oeste,61.8,0,0,14,504.36,9.0,0,0,0,App FordPass,0,revisao_preco_fixo
C03531,Ka,2014,112633,PF,Sudeste,11.7,0,2,19,756.83,6.0,0,0,0,WhatsApp,1,desconto_pecas
C00988,EcoSport,2019,66516,PF,Sudeste,5.4,0,4,15,640.16,6.0,0,0,2,E-mail,0,desconto_pecas
C04743,EcoSport,2021,59950,PF,Sul,16.2,0,4,10,778.22,9.0,0,0,0,WhatsApp,0,desconto_pecas
C04436,Maverick,2026,2269,PF,Sudeste,27.1,1,0,2,894.1,6.0,1,0,0,App FordPass,0,pacote_revisoes
C02581,Maverick,2020,96022,PF,Sudeste,3.3,0,3,2,1011.13,,0,0,0,WhatsApp,0,pacote_revisoes
C00845,Mustang,2023,28508,PF,Norte,159.9,1,0,7,1357.53,,0,0,0,App FordPass,0,pacote_revisoes
C03183,Ka,2014,141960,PF,Sudeste,9.5,0,6,34,928.0,8.0,0,1,0,WhatsApp,1,revisao_preco_fixo
C02880,Ka,2018,75057,PF,Sudeste,7.9,0,4,29,825.71,7.0,0,0,0,App FordPass,1,checkup_gratuito
C09270,Ka,2017,-86958,PF,Sudeste,4.5,0,8,9,516.98,9.0,0,1,0,Ligacao,0,desconto_pecas
C08156,Maverick,2020,66440,PF,Nordeste,22.6,0,3,18,1131.32,8.0,0,0,1,App FordPass,0,revisao_preco_fixo
C00854,EcoSport,2018,123624,PF,Centro-Oeste,118.5,0,5,35,878.73,5.0,0,0,0,WhatsApp,1,checkup_gratuito
C04662,Ranger,2020,69698,PF,Nordeste,109.9,0,2,24,874.52,9.0,1,0,0,WhatsApp,1,revisao_preco_fixo
C03270,Transit,2023,65391,PJ_Frota,Sudeste,6.2,1,3,6,476.03,6.0,1,0,0,App FordPass,0,plano_frota
C03853,Ranger,2021,53971,PF,Sudeste,2.1,0,4,9,800.46,,0,1,0,WhatsApp,0,revisao_preco_fixo
C06071,Ka,2021,104050,PF,Sudeste,,0,9,18,618.66,7.0,1,0,0,Ligacao,0,desconto_pecas
C03436,EcoSport,2016,135360,PF,Sudeste,30.3,0,4,60,1303.22,8.0,0,0,0,WhatsApp,1,checkup_gratuito
C08660,EcoSport,2018,123931,PF,Sul,4.1,0,4,4,1347.45,5.0,1,0,0,App FordPass,1,desconto_pecas
C03501,Territory,2025,13218,PF,Sudeste,16.3,1,1,60,842.24,9.0,1,0,0,App FordPass,0,checkup_gratuito
C00038,EcoSport,2020,63224,PF,Sul,14.0,0,3,14,803.2,5.0,0,0,0,E-mail,0,revisao_preco_fixo
C06355,Ranger,2021,66377,PF,Sudeste,12.1,0,3,19,960.56,6.0,1,0,0,App FordPass,0,revisao_preco_fixo
C03940,Ka,2016,164828,PF,Nordeste,9.6,0,9,1,697.77,6.0,0,1,0,Ligacao,0,desconto_pecas
C05929,Ka,2016,103464,PF,Sudeste,4.2,0,3,15,1047.68,9.0,0,0,0,WhatsApp,0,desconto_pecas
C03924,EcoSport,2016,95303,PF,Nordeste,12.1,0,4,25,792.02,,0,0,0,WhatsApp,1,checkup_gratuito
C08389,Territory,2016,203473,PF,Centro-Oeste,14.9,0,14,24,831.79,8.0,0,0,0,WhatsApp,1,desconto_pecas
C01530,EcoSport,2019,58832,PF,Sul,40.8,0,5,35,561.57,7.0,1,0,0,App FordPass,1,checkup_gratuito
C06391,Territory,2021,50181,PF,Norte,35.7,0,4,11,744.92,,1,0,0,App FordPass,0,revisao_preco_fixo
C06662,Ka,2018,80055,PF,Sudeste,9.6,0,5,19,1083.59,,0,1,0,WhatsApp,0,checkup_gratuito
C03496,Bronco Sport,2020,73293,PF,Sudeste,7.0,0,6,9,628.03,10.0,1,0,1,App FordPass,0,desconto_pecas
C04857,Territory,2017,131709,PF,Sudeste,5.8,0,6,24,826.4,7.0,0,0,0,Ligacao,1,desconto_pecas
C02683,Territory,2021,44887,PF,Sudeste,5.6,0,2,20,1158.71,6.0,1,0,2,WhatsApp,1,revisao_preco_fixo
C00734,Ka,2016,174795,PF,Sudeste,13.9,0,14,2,1292.92,8.0,0,0,0,WhatsApp,0,desconto_pecas
C07717,Maverick,2016,56691,PF,Sul,11.2,0,4,6,1353.36,6.0,1,0,0,App FordPass,0,revisao_preco_fixo
C05991,Territory,2020,110576,PF,Norte,86.3,0,4,10,870.46,9.0,0,0,0,App FordPass,0,revisao_preco_fixo
C08224,EcoSport,2017,103712,PF,Sul,10.2,0,4,33,697.89,8.0,0,1,0,WhatsApp,1,checkup_gratuito
C00997,Ka,2018,53534,PF,Nordeste,12.6,0,8,24,473.39,7.0,0,0,0,WhatsApp,0,checkup_gratuito
C03852,Ranger,2016,161269,PF,Sudeste,4.7,0,9,20,1081.28,7.0,0,0,1,,1,desconto_pecas
C01728,Ka,2021,57078,PF,Nordeste,5.3,0,4,12,614.49,10.0,0,0,0,Ligacao,0,desconto_pecas
C05730,EcoSport,2014,176988,PF,Sudeste,8.8,0,7,53,680.62,6.0,0,0,1,Ligacao,1,desconto_pecas
C04416,Ranger,2014,216745,PF,Centro-Oeste,9.8,0,14,50,447.62,7.0,0,0,0,WhatsApp,1,desconto_pecas
C00506,EcoSport,2019,94633,PF,Sul,8.4,0,6,1,582.89,9.0,1,0,0,App FordPass,0,revisao_preco_fixo
C06109,Territory,2023,17531,PF,Norte,61.4,1,0,14,761.81,4.0,1,0,0,App FordPass,1,pacote_revisoes
C00150,Maverick,2022,25060,PF,Sul,21.4,0,2,0,694.13,5.0,0,0,0,WhatsApp,0,revisao_preco_fixo
C08236,Transit,2021,90002,PF,Nordeste,,0,6,15,1053.94,8.0,1,0,1,WhatsApp,0,revisao_preco_fixo
C09709,Territory,2025,18090,PF,Centro-Oeste,31.9,1,0,3,957.82,9.0,1,0,0,E-mail,0,pacote_revisoes
C07439,Mustang,2018,142175,PF,Centro-Oeste,30.8,0,8,13,1429.36,8.0,0,0,0,E-mail,1,desconto_pecas
C00908,EcoSport,2016,140608,PF,Centro-Oeste,53.9,0,4,16,658.45,6.0,0,0,0,WhatsApp,1,desconto_pecas
C09127,Territory,2014,192567,PF,Sudeste,15.7,0,15,60,1549.9,6.0,0,1,0,Ligacao,1,checkup_gratuito
C03985,Ka,2015,103979,PF,Sudeste,18.1,0,3,22,476.16,9.0,0,0,0,WhatsApp,1,desconto_pecas
C09994,EcoSport,2016,-160736,PF,Centro-Oeste,33.7,0,8,60,947.89,7.0,0,0,1,WhatsApp,1,desconto_pecas
C01965,Ka,2017,110028,PF,SUDESTE,7.8,0,6,30,798.0,7.0,0,0,0,WhatsApp,1,revisao_preco_fixo
C07226,Ka,2016,249740,PF,Sudeste,8.4,0,14,60,523.24,8.0,0,0,0,E-mail,1,checkup_gratuito
C02103,Transit,2022,120966,PJ_Frota,Nordeste,3.0,0,11,7,769.03,10.0,0,1,1,WhatsApp,0,checkup_gratuito
C02111,Ranger,2020,98041,PF,Sudeste,7.9,0,7,23,1038.73,8.0,0,0,0,WhatsApp,0,revisao_preco_fixo
C07156,Maverick,2025,14140,PF,Sul,35.2,1,1,3,722.15,8.0,0,0,1,E-mail,0,pacote_revisoes
C07127,Ranger,2020,153217,PJ_Frota,Nordeste,19.9,0,6,8,1009.81,6.0,0,1,1,WhatsApp,0,plano_frota
C07869,Territory,2020,230698,PF,Nordeste,23.7,0,3,34,1557.34,8.0,0,0,1,WhatsApp,1,revisao_preco_fixo
C01207,Ranger,2016,184592,PF,Nordeste,10.3,0,15,60,1673.85,7.0,0,0,1,WhatsApp,1,checkup_gratuito
C05659,Bronco Sport,2018,75531,PF,Nordeste,15.6,0,3,60,751.45,7.0,1,0,0,WhatsApp,1,checkup_gratuito
C04411,Ka,2018,133996,PF,Sudeste,12.6,0,8,36,543.98,8.0,1,0,0,App FordPass,1,desconto_pecas
C08674,Ka,2017,139935,PF,Norte,26.9,0,3,35,521.25,4.0,0,0,1,E-mail,1,checkup_gratuito
C00023,Mustang,2020,147941,PJ_Frota,Norte,47.8,0,8,3,1802.26,9.0,0,0,0,WhatsApp,1,plano_frota
C05971,Ka,2018,99656,PF,Nordeste,35.5,0,5,25,876.02,9.0,0,0,0,WhatsApp,1,desconto_pecas
C01875,Maverick,2017,92039,PF,Sudeste,7.2,0,7,13,1789.51,8.0,0,0,2,E-mail,0,revisao_preco_fixo
C09988,EcoSport,2017,130046,PF,Sul,,0,5,30,804.4,8.0,0,0,0,WhatsApp,1,desconto_pecas
C01675,Transit,2015,220410,PF,Sudeste,12.0,0,8,60,1009.98,7.0,0,0,0,Ligacao,1,desconto_pecas
C01085,Bronco Sport,2024,25795,PF,Norte,49.7,1,1,6,619.85,8.0,0,0,0,App FordPass,0,pacote_revisoes
C09869,Transit,2017,138964,PF,Sul,,0,4,9,808.88,,1,0,0,WhatsApp,0,desconto_pecas
C02672,Ranger,2021,152381,PJ_Frota,Sudeste,9.5,0,7,0,1035.0,8.0,1,0,0,App FordPass,0,plano_frota
C01641,Ka,2017,99886,PF,Sudeste,5.9,0,5,27,940.91,7.0,1,0,1,App FordPass,0,desconto_pecas
C07030,Ka,2016,132265,PF,Nordeste ,16.0,0,4,20,1177.42,4.0,0,0,1,WhatsApp,1,checkup_gratuito
C08502,Ka,2020,86872,PF,Nordeste,23.3,0,3,15,481.96,5.0,0,0,0,App FordPass,1,revisao_preco_fixo
C02438,Ranger,2023,86093,PJ_Frota,Sul,17.4,1,7,4,1002.71,8.0,0,0,0,Ligacao,0,plano_frota
C01622,Maverick,2015,145415,PF,Sul,34.4,0,11,15,,7.0,0,0,1,WhatsApp,0,revisao_preco_fixo
C00871,Ka,2016,102833,PF,Sudeste,9.1,0,9,4,1026.94,7.0,1,0,1,E-mail,0,revisao_preco_fixo
C09025,Ranger,2017,127595,PF,Sul,9.6,0,9,12,1511.3,,0,0,0,WhatsApp,0,desconto_pecas
C08724,Ranger,2020,195545,PJ_Frota,Sudeste,8.1,0,11,8,1267.95,7.0,1,0,0,Ligacao,0,revisao_preco_fixo
C02928,Ranger,2022,51854,PF,Sudeste,8.0,0,4,7,804.13,8.0,1,1,0,WhatsApp,0,desconto_pecas
C04542,Transit,2023,57971,PJ_Frota,Nordeste ,,1,4,0,690.87,9.0,1,0,0,App FordPass,0,plano_frota
C03898,Ka,2020,103610,PF,Sudeste,4.5,0,3,26,641.29,,0,0,1,WhatsApp,1,revisao_preco_fixo
C04858,Ka,2016,126126,PF,Sudeste,6.6,0,11,60,624.88,,0,0,1,WhatsApp,1,desconto_pecas
C05914,EcoSport,2015,108818,PF,Norte,35.5,0,1,27,874.28,7.0,1,0,0,Ligacao,1,desconto_pecas
C04234,Ka,2017,100969,PF,Sudeste,9.4,0,6,18,626.48,7.0,0,0,0,WhatsApp,0,revisao_preco_fixo
C00321,Ranger,2018,109121,PF,Sul,26.8,0,2,4,1078.82,10.0,0,0,1,WhatsApp,0,desconto_pecas
C06538,Ranger,2019,112708,PF,Sudeste,14.1,0,6,24,1413.96,9.0,0,1,1,WhatsApp,0,revisao_preco_fixo
C06708,Territory,2018,178469,PF,Nordeste,10.6,0,7,59,1015.16,8.0,0,0,1,E-mail,1,checkup_gratuito
C04262,EcoSport,2015,88489,PF,Sudeste,11.3,0,2,11,1416.5,8.0,0,0,0,WhatsApp,0,checkup_gratuito
C01771,Bronco Sport,2021,106233,PF,Sul,4.2,0,6,1,920.32,6.0,0,0,0,WhatsApp,0,revisao_preco_fixo
C00624,Transit,2015,188570,PJ_Frota,Sul,9.0,0,11,22,850.31,,0,0,0,Ligacao,0,plano_frota
C08888,Bronco Sport,2025,12107,PF,Nordeste,12.7,1,1,1,1335.26,7.0,1,0,0,Ligacao,0,pacote_revisoes
C08473,Ka,2014,223529,PF,Sul,12.3,0,13,23,878.39,5.0,0,0,0,WhatsApp,1,desconto_pecas
C06907,Maverick,2015,74552,PF,Centro-Oeste,38.5,0,8,9,1401.15,9.0,0,0,0,WhatsApp,0,revisao_preco_fixo
C07572,Ka,2017,170376,PF,Sul,24.0,0,6,60,740.65,,0,0,1,WhatsApp,1,checkup_gratuito
C02374,Ranger,2016,262436,PF,Sudeste,2.1,0,20,22,1050.63,8.0,0,0,1,App FordPass,0,desconto_pecas
C07782,Ranger,2026,6511,PJ_Frota,Sudeste,5.4,1,0,0,1434.59,5.0,0,0,0,E-mail,0,plano_frota
C09303,Territory,2018,110180,PF,Norte,16.5,0,1,20,856.34,7.0,0,1,0,Ligacao,1,checkup_gratuito
C07734,Maverick,2015,184060,PF,Norte,97.2,0,3,28,963.18,6.0,0,0,0,Ligacao,1,desconto_pecas
C03647,Ranger,2019,207849,PF,Nordeste,33.6,0,16,5,1512.06,7.0,0,0,0,Ligacao,1,pacote_revisoes
C01960,Territory,2026,2845,PF,Sul,13.9,1,0,3,682.19,7.0,0,0,1,E-mail,0,checkup_gratuito
C09255,EcoSport,2015,200566,PF,Sudeste,5.0,0,7,25,541.77,8.0,0,0,0,WhatsApp,1,desconto_pecas
C09697,Ranger,2016,107336,PF,Sudeste,16.7,0,3,21,1196.93,10.0,0,0,0,App FordPass,1,revisao_preco_fixo
C04887,Territory,2016,154745,PF,Centro Oeste,70.7,0,3,20,1310.67,9.0,0,0,0,WhatsApp,1,revisao_preco_fixo
C07294,Territory,2026,6365,PF,Sudeste,4.3,1,0,3,1214.48,9.0,0,0,0,E-mail,0,pacote_revisoes
C03445,EcoSport,2016,123176,PF,Sudeste,11.9,0,7,55,1044.66,5.0,0,0,0,Ligacao,1,checkup_gratuito
C03376,Ka,2015,179707,PF,Sudeste,4.3,0,10,60,,6.0,0,0,0,App FordPass,1,checkup_gratuito
C01060,Transit,2023,46717,PF,Sudeste,17.0,1,2,6,1729.65,,1,0,0,App FordPass,0,pacote_revisoes
C00214,Bronco Sport,2021,81537,PF,Nordeste,18.3,0,6,14,1468.59,7.0,1,0,0,,0,revisao_preco_fixo
C02308,Territory,2024,28826,PF,Nordeste,8.9,1,2,2,580.06,9.0,1,0,0,WhatsApp,0,pacote_revisoes
C06938,Ka,2016,102295,PF,Centro Oeste,20.6,0,3,35,20330.5,5.0,0,0,0,,1,checkup_gratuito
C00996,Territory,2017,107247,PF,Sudeste,35.4,0,7,18,679.67,6.0,0,0,1,WhatsApp,0,desconto_pecas
C05862,Territory,2023,32877,PF,Sudeste,4.4,1,2,4,626.06,9.0,0,0,0,WhatsApp,0,pacote_revisoes
C06161,Territory,2022,70386,PF,Sudeste,4.8,0,4,14,783.63,,0,0,0,E-mail,1,pacote_revisoes
C09374,Territory,2023,21861,PF,Sudeste,5.8,1,2,0,1035.0,6.0,0,0,1,E-mail,1,pacote_revisoes
C00474,EcoSport,2017,74449,PF,Sudeste,13.8,0,3,6,587.63,9.0,1,0,1,WhatsApp,1,desconto_pecas
C07702,Ranger,2018,106599,PF,Sudeste,11.7,0,6,11,1721.88,,0,0,0,E-mail,1,revisao_preco_fixo
C04708,Ka,2021,108172,PF,Sul,11.6,0,2,20,844.43,8.0,1,0,0,WhatsApp,1,revisao_preco_fixo
C02775,EcoSport,2020,101458,PF,Sudeste,4.3,0,10,39,559.66,8.0,0,0,1,WhatsApp,0,checkup_gratuito
C02070,Maverick,2023,30539,PF,Nordeste,12.7,1,2,1,818.53,7.0,0,0,0,App FordPass,0,checkup_gratuito
C04510,Territory,2026,3536,PF,Norte,23.5,1,0,2,941.11,6.0,1,0,0,WhatsApp,0,pacote_revisoes
C09733,Ka,2019,97930,PF,Norte,50.6,0,5,31,,5.0,0,0,0,Ligacao,1,checkup_gratuito
C05010,EcoSport,2016,104774,PF,Sudeste,8.8,0,9,6,915.92,,0,0,0,,0,desconto_pecas
C04107,Bronco Sport,2026,2598,PF,Sudeste,11.4,1,0,6,747.4,8.0,1,0,2,Ligacao,0,pacote_revisoes
C00287,Ranger,2026,7417,PF,Centro-Oeste,60.8,1,0,4,1966.69,6.0,1,0,0,E-mail,0,revisao_preco_fixo
C06395,Bronco Sport,2025,6564,PF,SUDESTE,5.6,1,1,2,1453.5,5.0,0,0,0,WhatsApp,0,pacote_revisoes
C09774,Bronco Sport,2023,29545,PF,Sudeste,14.1,1,3,0,1064.4,8.0,1,0,0,App FordPass,0,pacote_revisoes
C07087,EcoSport,2017,323736,PJ_Frota,Sudeste,8.3,0,19,0,945.21,8.0,0,0,0,Ligacao,0,plano_frota
C03278,EcoSport,2017,136113,PF,Sudeste,11.1,0,10,48,840.33,6.0,0,0,2,App FordPass,0,checkup_gratuito
C05325,Ka,2020,-58791,PF,Sudeste,22.8,0,3,30,,4.0,0,0,0,WhatsApp,0,checkup_gratuito
C03632,Territory,2018,85581,PF,Norte,29.0,0,3,30,1470.62,6.0,0,0,0,,1,revisao_preco_fixo
C03811,Ka,2017,160997,PF,Nordeste,,0,3,10,540.81,4.0,0,0,1,WhatsApp,0,desconto_pecas
C07539,EcoSport,2017,115758,PF,Nordeste,,0,1,6,,8.0,0,0,1,E-mail,1,desconto_pecas
C05432,Territory,2017,164532,PF,Norte,29.0,0,8,6,1283.29,7.0,0,0,0,Ligacao,0,desconto_pecas
C06193,Ranger,2018,218566,PJ_Frota,Nordeste,11.0,0,3,60,1522.78,,0,0,1,Ligacao,1,desconto_pecas
C04004,Ranger,2020,41802,PF,Sudeste,8.2,0,4,29,1241.8,,0,0,0,WhatsApp,0,revisao_preco_fixo
C03900,Ka,2015,111572,PF,Sudeste,9.8,0,11,10,858.37,10.0,0,0,0,E-mail,0,desconto_pecas
C07851,Maverick,2016,97245,PF,Nordeste,9.4,0,10,60,831.29,8.0,0,0,0,WhatsApp,1,checkup_gratuito
C04758,Ka,2019,105884,PF,Sudeste,5.7,0,3,7,489.6,9.0,0,0,0,App FordPass,0,desconto_pecas
C05337,Territory,2014,143468,PF,Sudeste,3.1,0,6,39,1158.22,5.0,1,0,0,E-mail,1,desconto_pecas
C09118,Territory,2016,102179,PF,Nordeste,33.6,0,7,14,1192.19,4.0,0,0,0,WhatsApp,0,desconto_pecas
C01991,Territory,2020,33541,PF,Sudeste,4.9,0,5,11,1461.96,5.0,0,0,0,WhatsApp,0,revisao_preco_fixo
C04081,EcoSport,2016,139924,PF,Sudeste,13.0,0,6,15,938.52,7.0,0,0,0,WhatsApp,0,desconto_pecas
C09178,Bronco Sport,2015,168421,PF,Nordeste,11.7,0,8,1,1575.37,9.0,0,0,1,App FordPass,0,desconto_pecas
C07248,Maverick,2024,24545,PF,Sudeste,15.3,1,2,0,993.93,10.0,1,0,0,App FordPass,0,pacote_revisoes
C03736,EcoSport,2017,138559,PF,Sul,15.8,0,5,54,795.87,5.0,0,0,0,WhatsApp,1,checkup_gratuito
C07348,EcoSport,2020,87878,PF,Sudeste,2.7,0,2,16,782.93,7.0,0,0,0,WhatsApp,1,revisao_preco_fixo
C08947,Bronco Sport,2021,83116,PF,Sudeste,5.1,0,4,7,1020.11,7.0,0,0,0,WhatsApp,0,pacote_revisoes
C07735,Ranger,2023,33777,PF,Norte,54.0,1,2,0,1798.4,6.0,1,0,0,WhatsApp,0,pacote_revisoes
C00267,Ka,2021,61671,PF,Sudeste,10.4,0,3,11,386.55,9.0,1,0,1,WhatsApp,0,revisao_preco_fixo
C00553,Mustang,2021,71262,PF,Sudeste,3.6,0,3,7,,7.0,1,0,0,App FordPass,0,revisao_preco_fixo
C02446,Ka,2019,50452,PF,Nordeste,13.0,0,6,47,940.16,5.0,0,0,0,WhatsApp,1,revisao_preco_fixo
C09355,EcoSport,2021,87378,PF,Sudeste,11.5,0,5,1,700.22,5.0,0,1,0,WhatsApp,1,revisao_preco_fixo
C01076,Ranger,2024,22265,PF,Sudeste,,1,1,3,843.61,6.0,1,0,2,App FordPass,0,pacote_revisoes
C08130,Territory,2024,19702,PF,Sul,4.5,1,1,7,848.24,8.0,1,0,0,E-mail,0,pacote_revisoes
C02363,Mustang,2023,37108,PF,Nordeste,23.7,1,1,21,914.94,6.0,0,0,0,WhatsApp,1,pacote_revisoes
C01938,EcoSport,2017,460784,PJ_Frota,Sudeste,14.7,0,28,2,743.93,7.0,0,0,1,WhatsApp,0,desconto_pecas
C03218,EcoSport,2021,45636,PF,Nordeste,26.0,0,4,9,615.06,6.0,0,0,0,E-mail,0,revisao_preco_fixo
C07313,Territory,2016,104418,PF,Norte,43.6,0,5,16,803.2,8.0,0,0,0,Ligacao,0,revisao_preco_fixo
C02117,Ka,2014,222824,PF,Nordeste,38.7,0,4,25,416.34,5.0,0,0,1,App FordPass,1,desconto_pecas
C06170,Transit,2018,212855,PJ_Frota,Nordeste ,13.3,0,9,13,1184.8,,1,0,0,WhatsApp,1,plano_frota
C05531,Maverick,2023,41871,PF,Norte,16.4,1,3,12,385.61,,0,0,0,Ligacao,0,pacote_revisoes
C07320,Ka,2018,113655,PF,Sudeste,3.4,0,8,17,806.75,8.0,1,0,1,Ligacao,0,checkup_gratuito
C05409,Maverick,2021,34321,PF,Sudeste,12.2,0,0,28,1040.86,8.0,0,0,0,Ligacao,1,revisao_preco_fixo
C04450,Maverick,2021,57240,PF,Nordeste,9.1,0,2,6,1246.15,8.0,0,0,0,WhatsApp,0,revisao_preco_fixo
C07312,Ranger,2014,192562,PF,Sudeste,6.8,0,11,13,1989.21,8.0,0,0,1,WhatsApp,1,desconto_pecas
C09887,Bronco Sport,2023,67529,PF,Nordeste,17.6,1,5,6,1354.59,7.0,0,0,1,WhatsApp,0,pacote_revisoes
C05906,Territory,2018,177372,PF,Sul,38.0,0,10,3,1453.95,8.0,1,0,0,WhatsApp,0,desconto_pecas
C04193,Maverick,2017,190345,PF,Centro-Oeste,8.9,0,10,25,975.2,5.0,1,0,0,WhatsApp,1,desconto_pecas
C06261,Ka,2019,75652,PF,Centro-Oeste,17.7,0,1,4,645.63,6.0,1,1,0,E-mail,0,checkup_gratuito
C09848,Ranger,2024,47990,PJ_Frota,Nordeste,12.5,1,4,1,820.42,7.0,0,0,0,App FordPass,0,plano_frota
C03925,Territory,2019,93796,PF,Sul,8.8,0,5,3,1109.64,6.0,0,0,2,Ligacao,1,desconto_pecas
C05385,Bronco Sport,2015,102767,PF,Sul,15.1,0,8,24,890.62,,0,0,0,WhatsApp,0,desconto_pecas
C02982,Ka,2018,105828,PF,Nordeste,2.9,0,5,57,625.17,9.0,0,0,0,WhatsApp,0,checkup_gratuito
C01964,Bronco Sport,2025,6763,PF,Sudeste,7.3,1,0,10,872.37,7.0,1,0,0,App FordPass,0,pacote_revisoes
C09713,Maverick,2014,238845,PF,Sudeste,2.9,0,3,0,1352.66,3.0,0,0,0,App FordPass,1,revisao_preco_fixo
C03178,Ka,2015,200414,PF,Sudeste,,0,11,31,762.38,4.0,0,0,0,E-mail,1,desconto_pecas
C02065,Transit,2025,44612,PJ_Frota,Sudeste,21.4,1,3,13,1432.97,5.0,1,0,0,,0,plano_frota
C07355,Ranger,2017,127211,PF,Norte,43.0,0,5,27,1201.31,10.0,0,0,0,WhatsApp,1,desconto_pecas
C03033,EcoSport,2018,78449,PF,Sudeste,9.8,0,1,22,896.65,8.0,0,0,0,WhatsApp,1,checkup_gratuito
C05299,Ka,2020,57598,PF,Norte,30.6,0,4,16,521.41,8.0,1,0,0,E-mail,0,revisao_preco_fixo
C01309,Transit,2022,140939,PJ_Frota,Sudeste,,0,6,1,886.68,,0,0,0,WhatsApp,0,plano_frota
C07204,Territory,2014,177728,PF,Sudeste,8.6,0,11,60,1301.34,8.0,1,0,0,App FordPass,1,checkup_gratuito
C03105,Territory,2025,8171,PF,Nordeste,9.5,1,1,0,822.84,,1,0,0,WhatsApp,0,desconto_pecas
C05185,Maverick,2022,41052,PF,Sul,9.3,0,4,18,644.59,9.0,0,0,0,Ligacao,0,revisao_preco_fixo
C04248,Ka,2018,102213,PF,Sudeste,4.6,0,5,9,768.17,5.0,0,1,0,WhatsApp,0,checkup_gratuito
C07874,Ranger,2026,4426,PF,Sudeste,7.2,1,0,2,1247.77,7.0,0,0,1,WhatsApp,0,plano_frota
C09758,Ka,2018,123086,PF,Nordeste,24.9,0,8,60,510.85,7.0,0,0,1,WhatsApp,1,desconto_pecas
C08293,Ka,2019,98973,PF,Sudeste,7.9,0,5,9,521.81,8.0,0,0,0,WhatsApp,1,revisao_preco_fixo
C08899,Ka,2015,116613,PF,Sul,10.8,0,6,10,1151.34,7.0,1,0,2,App FordPass,1,desconto_pecas
C04890,EcoSport,2020,78285,PF,Norte,15.7,0,5,3,887.19,10.0,0,0,0,Ligacao,0,revisao_preco_fixo
C04996,Ka,2017,153482,PF,Sul,11.1,0,12,18,539.84,7.0,0,0,0,WhatsApp,0,desconto_pecas
C01185,Maverick,2018,52363,PF,Sudeste,22.5,0,2,34,1899.97,7.0,1,0,0,App FordPass,1,checkup_gratuito
C00784,Transit,2022,98727,PJ_Frota,Norte,38.0,0,7,4,,6.0,0,0,0,App FordPass,0,plano_frota
C06442,Maverick,2020,130732,PF,Sudeste,11.7,0,8,60,660.76,7.0,1,1,1,App FordPass,1,checkup_gratuito
C06847,Ranger,2026,3142,PF,Sudeste,4.2,1,0,1,637.33,6.0,0,0,0,,0,pacote_revisoes
C08466,Ranger,2019,115200,PF,Sudeste,5.9,0,7,19,1911.7,6.0,0,0,0,App FordPass,1,revisao_preco_fixo
C08079,Transit,2021,45492,PF,Norte,16.4,0,1,1,865.67,8.0,0,0,0,E-mail,1,revisao_preco_fixo
C08035,Maverick,2015,100606,PF,Sudeste,12.7,0,6,4,856.96,9.0,0,0,0,WhatsApp,0,desconto_pecas
C07297,Ka,2015,143447,PF,Sudeste,16.7,0,8,34,850.16,5.0,0,0,1,WhatsApp,1,checkup_gratuito
C09470,Territory,2021,68179,PF,SUDESTE,5.7,0,1,51,658.62,,1,0,1,App FordPass,1,checkup_gratuito
C09454,Ranger,2014,272586,PF,Sul,7.9,0,15,21,2209.43,7.0,0,1,0,Ligacao,0,desconto_pecas
C02307,Ranger,2014,86376,PF,Centro-Oeste,16.1,0,3,60,,,0,0,0,Ligacao,1,revisao_preco_fixo
C00790,EcoSport,2018,216467,PF,Norte,16.0,0,8,15,713.03,9.0,0,0,0,WhatsApp,1,desconto_pecas
C07742,Maverick,2020,106902,PF,Sudeste,3.0,0,3,53,1737.25,7.0,1,0,0,App FordPass,1,revisao_preco_fixo
C04541,Ka,2016,264218,PF,Norte,15.5,0,16,52,1109.34,8.0,0,0,1,WhatsApp,1,desconto_pecas
C05142,EcoSport,2016,74207,PF,Sudeste,3.9,0,9,3,617.31,8.0,0,0,0,Ligacao,0,desconto_pecas
C05349,EcoSport,2021,43386,PF,Sudeste,5.8,0,2,29,812.92,10.0,0,0,0,WhatsApp,1,revisao_preco_fixo
C07181,Ranger,2014,104390,PF,Sudeste,3.2,0,11,15,1110.21,3.0,1,0,1,App FordPass,1,checkup_gratuito
C03075,Mustang,2018,57599,PF,Centro-Oeste,18.4,0,2,10,1967.7,6.0,0,0,1,WhatsApp,1,checkup_gratuito
C04644,EcoSport,2019,190593,PF,Sudeste,7.5,0,10,50,814.22,,0,0,1,Ligacao,1,desconto_pecas
C04264,Territory,2018,111673,PF,Nordeste,2.6,0,6,13,887.42,7.0,0,0,0,WhatsApp,1,desconto_pecas
C02487,Maverick,2018,96637,PF,Sudeste,10.7,0,8,24,,8.0,0,1,0,App FordPass,1,checkup_gratuito
C09116,Ka,2019,86293,PF,Nordeste,3.3,0,6,7,605.2,2.0,0,0,0,WhatsApp,0,revisao_preco_fixo
C01980,Maverick,2022,39399,PF,Sul,7.1,0,3,11,1445.24,5.0,1,0,1,App FordPass,1,revisao_preco_fixo
C02424,Mustang,2025,12652,PF,Sudeste,18.4,1,0,1,1431.57,10.0,1,1,0,App FordPass,0,pacote_revisoes
C09698,Ka,2019,116066,PF,Sudeste,,0,3,5,671.21,6.0,0,0,0,WhatsApp,0,revisao_preco_fixo
C01416,Ranger,2015,129050,PF,Nordeste,16.2,0,6,2,1119.92,8.0,0,0,1,WhatsApp,0,desconto_pecas
C02116,EcoSport,2018,120816,PF,Sudeste,4.0,0,3,4,969.39,8.0,0,0,0,E-mail,1,desconto_pecas
C02752,Maverick,2022,75188,PF,Sul,,0,2,8,,6.0,1,0,0,WhatsApp,0,revisao_preco_fixo
C07020,Transit,2015,247499,PJ_Frota,Nordeste,7.8,0,17,2,1225.02,8.0,1,0,0,App FordPass,0,desconto_pecas
C04609,Transit,2019,198500,PJ_Frota,Norte,15.3,0,9,26,1293.76,9.0,1,0,1,App FordPass,1,desconto_pecas
C05181,Ranger,2019,226991,PJ_Frota,Centro-Oeste,14.1,0,4,60,752.18,4.0,0,0,1,E-mail,1,desconto_pecas
C07017,Ka,2017,155816,PF,Sul,16.0,0,15,10,893.46,10.0,1,0,0,WhatsApp,0,desconto_pecas
C05365,Transit,2017,135066,PJ_Frota,Centro-Oeste,17.4,0,8,31,1303.33,5.0,0,0,0,WhatsApp,0,plano_frota
C02954,Ranger,2023,50393,PF,Norte,19.1,1,3,23,860.55,7.0,1,0,1,App FordPass,0,pacote_revisoes
C00425,Maverick,2022,42798,PF,Sul,31.5,0,1,3,760.44,8.0,0,1,0,WhatsApp,0,revisao_preco_fixo
C01009,Ranger,2018,100051,PF,Centro-Oeste,31.2,0,2,13,1560.79,10.0,0,0,0,App FordPass,1,desconto_pecas
C03242,Mustang,2014,154916,PF,Norte,39.4,0,6,46,1563.17,7.0,0,0,0,WhatsApp,1,checkup_gratuito
C03205,Ranger,2023,42784,PF,Sudeste,4.8,1,4,1,1194.65,6.0,0,0,0,Ligacao,0,pacote_revisoes
C02095,EcoSport,2018,102746,PF,Sudeste,7.4,0,8,19,382.92,8.0,0,0,1,App FordPass,1,desconto_pecas
C01988,Transit,2026,8026,PJ_Frota,Norte,37.3,1,0,0,864.85,6.0,1,0,1,WhatsApp,0,plano_frota
C03818,Territory,2024,23135,PF,Sudeste,23.3,1,2,3,710.45,8.0,0,1,1,WhatsApp,0,pacote_revisoes
C05029,Ka,2014,140447,PF,Sul,5.5,0,3,15,451.38,,0,0,0,WhatsApp,1,desconto_pecas
C05750,Ka,2014,331653,PJ_Frota,SUDESTE,15.2,0,18,60,1117.57,10.0,0,0,0,WhatsApp,1,desconto_pecas
C03480,Ranger,2024,58525,PJ_Frota,Sudeste,14.1,1,2,2,1080.01,4.0,1,0,0,WhatsApp,0,plano_frota
C09566,EcoSport,2016,95611,PF,Norte,108.7,0,4,38,824.62,6.0,0,0,0,App FordPass,1,checkup_gratuito
C05168,Ka,2021,54685,PF,Sudeste,7.8,0,5,0,599.43,5.0,0,1,1,WhatsApp,0,checkup_gratuito
C08063,Bronco Sport,2014,118804,PF,Sudeste,14.3,0,3,5,1229.51,6.0,0,0,0,,1,desconto_pecas
C02706,Mustang,2026,1850,PF,Sudeste,12.4,1,0,11,1817.82,8.0,0,0,0,App FordPass,0,revisao_preco_fixo
C01007,EcoSport,2019,234320,PF,Nordeste,10.2,0,11,12,,,1,0,1,WhatsApp,0,revisao_preco_fixo
C04808,Ranger,2026,3407,PF,Sul,9.4,1,0,1,1078.1,3.0,0,0,0,WhatsApp,1,pacote_revisoes
C07065,Maverick,2014,62609,PF,Sudeste,9.4,0,11,2,856.38,8.0,0,0,0,E-mail,0,desconto_pecas
C04438,EcoSport,2017,95425,PF,Sudeste,13.6,0,5,34,727.04,6.0,1,0,0,App FordPass,1,checkup_gratuito
C06580,Maverick,2023,31998,PF,Nordeste,15.0,1,1,0,967.3,9.0,1,0,1,E-mail,0,pacote_revisoes
C07907,Maverick,2024,29106,PF,Nordeste,15.0,1,1,0,578.55,9.0,1,0,1,App FordPass,0,pacote_revisoes
C02208,Ka,2017,178190,PJ_Frota,Sudeste,5.5,0,14,16,992.24,9.0,0,0,1,App FordPass,0,plano_frota
C04982,EcoSport,2015,157657,PF,Norte,,0,3,26,845.32,7.0,0,0,1,App FordPass,1,desconto_pecas
C09123,EcoSport,2016,162073,PF,Sudeste,7.6,0,12,14,,6.0,0,0,1,E-mail,0,desconto_pecas
C04291,Ka,2016,81344,PF,Sudeste,2.4,0,5,44,732.34,10.0,0,0,0,WhatsApp,1,checkup_gratuito
C06140,Ka,2016,89283,PF,Sul,8.0,0,6,33,904.3,9.0,0,1,0,E-mail,1,checkup_gratuito
C09376,Transit,2023,57873,PJ_Frota,Sudeste,10.6,1,5,6,561.38,,1,0,0,E-mail,0,plano_frota
C04472,Territory,2024,48041,PF,Sudeste,8.2,1,3,2,823.13,9.0,0,0,0,Ligacao,0,pacote_revisoes
C06096,Ka,2017,201063,PF,Sudeste,15.7,0,7,4,515.6,7.0,0,0,0,WhatsApp,0,desconto_pecas
C09452,Maverick,2023,42518,PF,Nordeste,12.7,1,3,5,1004.13,6.0,0,0,0,WhatsApp,0,pacote_revisoes
C06716,Bronco Sport,2015,102927,PF,Sul,8.7,0,10,33,707.49,8.0,1,0,2,WhatsApp,0,checkup_gratuito
C04615,EcoSport,2014,99783,PF,Sudeste,8.3,0,2,60,535.71,4.0,1,0,0,App FordPass,1,checkup_gratuito
C03317,Ka,2015,284535,PF,Sudeste,4.3,0,12,60,319.69,8.0,0,0,0,Ligacao,1,desconto_pecas
C07189,Territory,2021,33103,PF,Sudeste,5.4,0,1,15,1074.29,,0,0,2,WhatsApp,0,checkup_gratuito
C07022,EcoSport,2016,180700,PF,Sudeste,7.5,0,5,4,882.59,10.0,0,0,0,,1,desconto_pecas
C03958,Ka,2021,58306,PF,Nordeste,6.0,0,4,2,495.2,6.0,1,0,0,E-mail,0,desconto_pecas
C09911,Territory,2020,97667,PF,Sudeste,7.2,0,5,11,643.09,9.0,1,0,1,App FordPass,0,pacote_revisoes
C05757,Ranger,2024,20768,PF,Sudeste,16.7,1,2,9,745.9,3.0,1,0,2,WhatsApp,0,pacote_revisoes
C02232,Ka,2020,68791,PF,Sudeste,13.8,0,1,5,453.56,8.0,0,0,0,E-mail,0,pacote_revisoes
C01266,Ka,2018,141950,PF,Sul,7.8,0,9,21,569.71,9.0,0,0,0,WhatsApp,0,revisao_preco_fixo
C01930,Territory,2016,70045,PF,Nordeste ,9.1,0,5,7,812.69,7.0,0,0,0,WhatsApp,1,desconto_pecas
C01791,EcoSport,2021,58528,PF,Nordeste,46.6,0,2,42,945.77,5.0,1,0,1,App FordPass,1,checkup_gratuito
C02901,Transit,2022,102634,PJ_Frota,Nordeste,5.3,0,1,60,1291.18,6.0,0,0,0,App FordPass,1,checkup_gratuito
C09696,Ranger,2015,423605,PJ_Frota,Nordeste,21.4,0,15,60,783.76,9.0,0,1,0,E-mail,1,desconto_pecas
C06027,Ka,2017,174604,PF,Norte,141.1,0,0,10,430.34,5.0,1,0,0,App FordPass,1,desconto_pecas
C05068,EcoSport,2020,67692,PF,Sudeste,5.6,0,0,13,1132.75,8.0,0,0,0,WhatsApp,1,revisao_preco_fixo
C03463,EcoSport,2018,120236,PF,Sudeste,11.8,0,10,26,424.3,8.0,1,0,0,App FordPass,1,desconto_pecas
C01184,Ka,2018,101191,PF,Sudeste,3.6,0,10,4,462.07,8.0,1,0,0,WhatsApp,0,desconto_pecas
C07179,EcoSport,2015,199889,PF,Sudeste,11.8,0,7,29,662.04,5.0,0,0,0,WhatsApp,1,desconto_pecas
C08769,Ka,2017,120728,PF,Centro-Oeste,28.3,0,12,60,862.41,8.0,0,1,0,E-mail,1,checkup_gratuito
C00161,Mustang,2017,140780,PJ_Frota,Sul,4.0,0,11,8,1442.83,8.0,0,0,0,E-mail,1,plano_frota
C02127,EcoSport,2020,72533,PF,Nordeste,6.8,0,6,13,,5.0,1,0,2,App FordPass,0,revisao_preco_fixo
C01299,Ranger,2018,108775,PF,Nordeste,18.5,0,1,60,1232.94,4.0,0,0,2,E-mail,1,checkup_gratuito
C01038,Ranger,2025,22021,PJ_Frota,Sul,4.2,1,2,3,1022.85,10.0,1,1,0,App FordPass,0,plano_frota
C09777,Territory,2026,7189,PF,Sudeste,21.9,1,0,25,775.4,7.0,1,0,2,App FordPass,1,pacote_revisoes
C09922,Territory,2021,60574,PF,Centro-Oeste,20.4,0,4,8,524.06,4.0,0,0,0,WhatsApp,1,revisao_preco_fixo
C06180,Ka,2015,276843,PF,Norte,32.5,0,18,3,533.66,3.0,0,0,1,WhatsApp,0,desconto_pecas
C08819,Mustang,2016,176212,PF,Nordeste,42.6,0,10,2,1514.02,10.0,0,0,1,WhatsApp,0,desconto_pecas
C09730,EcoSport,2014,251948,PF,Nordeste,11.0,0,11,60,616.21,,0,0,0,WhatsApp,1,checkup_gratuito
C06126,EcoSport,2016,182480,PF,Centro-Oeste,20.6,0,11,16,1115.57,9.0,0,0,0,App FordPass,0,desconto_pecas
C02930,Territory,2024,96747,PJ_Frota,Sul,14.5,1,7,2,1068.03,6.0,1,0,0,App FordPass,0,plano_frota
C08933,Transit,2016,649096,PJ_Frota,Nordeste,17.1,0,18,30,1618.68,8.0,0,0,1,E-mail,1,desconto_pecas
C02849,Ranger,2023,38087,PF,Nordeste,16.9,1,3,1,583.33,5.0,0,1,1,WhatsApp,0,pacote_revisoes
C05729,EcoSport,2021,71329,PF,Norte,47.4,0,1,36,834.54,8.0,0,0,0,WhatsApp,1,checkup_gratuito
C09995,Ranger,2019,96675,PF,Centro-Oeste,11.7,0,0,19,46621.25,10.0,0,0,1,Ligacao,0,revisao_preco_fixo
C03250,Transit,2026,8523,PJ_Frota,Nordeste,7.8,1,0,3,704.77,6.0,1,0,1,App FordPass,0,plano_frota
C07229,Transit,2022,80578,PJ_Frota,Nordeste,19.1,0,4,3,998.06,6.0,1,0,0,Ligacao,1,plano_frota
C00333,Maverick,2014,241603,PF,SUDESTE,19.3,0,12,32,785.03,10.0,0,0,0,WhatsApp,0,desconto_pecas
C07782,Ranger,2026,6511,PJ_Frota,Sudeste,5.4,1,0,0,1434.59,5.0,0,0,0,E-mail,0,plano_frota
C04049,Bronco Sport,2019,158403,PF,Sudeste,5.4,0,6,18,1104.19,8.0,1,0,0,Ligacao,0,checkup_gratuito
C05504,Maverick,2023,40151,PF,Sudeste,8.1,1,1,3,950.3,6.0,1,1,0,App FordPass,0,pacote_revisoes
C04829,Mustang,2026,3792,PF,Centro-Oeste,19.4,1,0,10,895.8,8.0,1,0,0,App FordPass,1,pacote_revisoes
C02094,Mustang,2016,75997,PF,Sul,6.3,0,8,9,1559.2,8.0,0,1,0,WhatsApp,0,revisao_preco_fixo
C05773,Ranger,2019,126591,PJ_Frota,Sudeste,4.6,0,9,15,1185.77,6.0,0,0,0,WhatsApp,1,plano_frota
C02144,EcoSport,2017,128493,PF,Sudeste,4.3,0,4,60,733.9,8.0,0,1,0,Ligacao,1,checkup_gratuito
C00516,EcoSport,2016,119498,PF,Sudeste,14.9,0,11,6,888.87,4.0,0,0,2,WhatsApp,0,desconto_pecas
C05608,Ranger,2025,18272,PF,Sudeste,7.6,1,0,13,1589.95,6.0,0,0,0,E-mail,0,revisao_preco_fixo
C02609,EcoSport,2014,186981,PF,Centro-Oeste,13.5,0,7,60,1272.9,6.0,0,0,0,App FordPass,1,desconto_pecas
C09415,Territory,2018,100481,PF,Nordeste,16.9,0,2,40,1101.71,6.0,1,0,0,App FordPass,1,checkup_gratuito
C06178,Ranger,2020,53544,PF,Sudeste,6.8,0,4,27,740.0,9.0,0,0,0,WhatsApp,1,revisao_preco_fixo
C04882,Territory,2023,28918,PF,Sudeste,6.2,1,3,9,474.84,7.0,0,0,0,App FordPass,0,pacote_revisoes
C04052,Ranger,2026,3248,PF,Norte,56.3,1,0,4,671.18,8.0,1,0,0,App FordPass,0,pacote_revisoes
C02605,Ka,2016,99280,PF,Nordeste ,7.0,0,3,27,650.87,8.0,0,0,0,App FordPass,1,desconto_pecas
C05548,Territory,2020,103138,PF,Nordeste,10.3,0,2,21,1245.97,8.0,1,0,0,WhatsApp,1,revisao_preco_fixo
C05410,EcoSport,2015,205184,PF,Norte,13.5,0,13,13,1270.88,,0,0,0,Ligacao,0,desconto_pecas
C09568,Ka,2019,60545,PF,Norte,34.1,0,3,60,722.9,5.0,0,0,1,App FordPass,1,checkup_gratuito
C09742,Territory,2023,23156,PF,Sudeste,9.0,1,3,13,806.68,8.0,1,0,0,WhatsApp,0,pacote_revisoes
C00910,Bronco Sport,2024,44725,PJ_Frota,Nordeste,13.4,1,4,2,1050.62,5.0,0,0,0,WhatsApp,0,pacote_revisoes
C01124,Ranger,2020,98920,PF,Norte,39.6,0,3,58,664.54,7.0,1,0,0,Ligacao,1,checkup_gratuito
C06078,Ka,2019,57026,PF,Sudeste,16.3,0,2,0,806.64,8.0,0,0,0,E-mail,1,revisao_preco_fixo
C06640,Ka,2015,141307,PF,Sudeste,3.8,0,3,42,961.2,4.0,0,0,0,E-mail,1,checkup_gratuito
C06797,Ka,2015,603865,PJ_Frota,Sudeste,6.7,0,19,60,773.41,6.0,0,0,1,E-mail,1,desconto_pecas
C01976,Ranger,2020,209708,PJ_Frota,SUDESTE,4.0,0,6,31,653.2,3.0,0,0,0,Ligacao,1,desconto_pecas
C01021,Bronco Sport,2020,100510,PF,Norte,104.9,0,1,20,690.15,9.0,1,0,0,WhatsApp,1,desconto_pecas
C02413,Ranger,2015,79781,PF,Norte,11.6,0,6,50,1468.24,4.0,0,0,0,E-mail,1,checkup_gratuito
C04325,Ranger,2019,74764,PF,Nordeste,14.8,0,3,44,1565.81,,0,0,0,Ligacao,1,revisao_preco_fixo
C03932,Ranger,2019,111251,PF,Sul,37.5,0,5,38,1281.21,8.0,1,0,0,App FordPass,1,checkup_gratuito
C02781,Ka,2014,660307,PJ_Frota,Nordeste,,0,30,60,1376.41,,0,0,0,App FordPass,1,desconto_pecas
C07863,Ranger,2019,61234,PF,Sul,,0,4,1,1344.05,7.0,1,0,0,App FordPass,0,revisao_preco_fixo
C02412,Ranger,2025,7019,PF,Norte,67.8,1,1,15,913.49,8.0,1,0,0,E-mail,0,pacote_revisoes
C00139,Ka,2016,174664,PF,Sudeste,11.2,0,13,60,860.27,9.0,0,0,0,WhatsApp,1,checkup_gratuito
C01904,Territory,2022,57755,PF,Sudeste,7.2,0,2,2,1741.96,8.0,0,0,0,Ligacao,0,revisao_preco_fixo
C09461,Ka,2018,109761,PF,Centro-Oeste,27.6,0,2,32,,7.0,0,0,0,WhatsApp,1,desconto_pecas
C03062,EcoSport,2018,101356,PF,Sul,13.1,0,6,52,623.07,7.0,0,0,0,WhatsApp,0,checkup_gratuito
C07767,Ranger,2020,183809,PF,Sul,19.4,0,8,1,628.83,7.0,0,1,0,WhatsApp,0,desconto_pecas
C00532,Ranger,2019,54717,PF,Sudeste,5.3,0,6,1,1978.55,6.0,1,0,0,Ligacao,0,revisao_preco_fixo
C04159,EcoSport,2016,99374,PF,Norte,12.9,0,6,1,1060.77,8.0,0,0,0,WhatsApp,0,revisao_preco_fixo
C01851,Mustang,2017,165391,PF,Sudeste,5.8,0,8,36,2132.18,9.0,0,0,1,App FordPass,1,desconto_pecas
C07981,Mustang,2021,67718,PF,Sul,6.5,0,5,10,1468.65,,0,0,0,WhatsApp,0,revisao_preco_fixo
C09228,Maverick,2022,60939,PF,Nordeste ,14.5,0,5,16,769.22,6.0,0,0,0,WhatsApp,1,revisao_preco_fixo
C05371,Transit,2022,116310,PJ_Frota,Sudeste,10.1,0,8,20,713.67,,1,0,1,WhatsApp,1,plano_frota
C08599,Ranger,2014,128245,PF,Sudeste,7.0,0,6,60,1082.73,10.0,0,0,0,E-mail,1,checkup_gratuito
C03693,Ranger,2019,206413,PJ_Frota,Sudeste,27.9,0,14,15,1193.45,7.0,0,0,1,App FordPass,1,revisao_preco_fixo
C09574,Ka,2020,98472,PF,Centro-Oeste,50.1,0,3,4,644.15,6.0,0,1,0,App FordPass,1,pacote_revisoes
C05500,Ka,2014,116554,PF,Sul,6.4,0,6,59,1152.75,6.0,0,0,0,WhatsApp,1,checkup_gratuito
C00009,Ranger,2015,298705,PJ_Frota,Sudeste,5.5,0,18,50,1364.97,5.0,0,0,0,App FordPass,1,checkup_gratuito
C06138,Ka,2014,138116,PF,Sudeste,7.2,0,9,18,812.53,7.0,0,0,0,E-mail,1,desconto_pecas
C01948,Ka,2015,103246,PF,Sul,6.3,0,5,6,,8.0,0,1,0,WhatsApp,0,checkup_gratuito
C06941,Ranger,2019,182443,PJ_Frota,Sul,6.8,0,9,4,857.72,8.0,1,0,0,E-mail,0,revisao_preco_fixo
C06648,Mustang,2019,99001,PF,Centro-Oeste,32.5,0,6,7,2546.41,10.0,1,0,0,App FordPass,0,revisao_preco_fixo
C08116,Territory,2024,27273,PF,Sudeste,15.0,1,1,3,907.84,8.0,1,0,0,App FordPass,0,pacote_revisoes
C02723,Ranger,2023,39605,PF,Norte,36.9,1,1,8,1056.84,9.0,0,0,0,E-mail,0,pacote_revisoes
C00332,Territory,2020,57055,PF,Sul,7.6,0,6,1,785.66,6.0,0,0,1,App FordPass,0,desconto_pecas
C07649,Bronco Sport,2021,106613,PF,Nordeste,59.9,0,7,16,973.82,7.0,1,0,1,App FordPass,1,revisao_preco_fixo
C06490,EcoSport,2020,319107,PJ_Frota,Sul,17.9,0,26,16,687.43,10.0,0,0,0,E-mail,1,desconto_pecas
C06130,EcoSport,2015,179862,PF,Sudeste,2.9,0,11,60,729.65,7.0,0,0,0,Ligacao,1,checkup_gratuito
C01220,Ka,2014,195085,PF,Sudeste,10.9,0,7,60,788.93,7.0,0,0,0,,1,checkup_gratuito
C03170,Transit,2022,53124,PJ_Frota,Norte,52.9,0,3,7,442.51,8.0,1,0,0,App FordPass,0,plano_frota
C09053,Maverick,2025,10327,PF,Nordeste,14.0,1,0,24,516.47,,1,0,0,,0,checkup_gratuito
C08694,Maverick,2024,14877,PF,Sul,11.7,1,2,5,758.55,8.0,1,0,0,App FordPass,0,pacote_revisoes
C00271,Ka,2014,240639,PF,Centro-Oeste,17.0,0,3,60,999.0,7.0,0,0,0,WhatsApp,1,checkup_gratuito
C06028,Transit,2016,380432,PJ_Frota,Nordeste,7.0,0,35,15,912.44,8.0,0,1,0,WhatsApp,1,desconto_pecas
C04727,EcoSport,2020,48510,PF,Sudeste,5.4,0,4,11,999.81,9.0,1,0,0,WhatsApp,0,checkup_gratuito
C02291,Bronco Sport,2019,97988,PF,Nordeste,7.1,0,5,45,1311.48,8.0,0,0,0,WhatsApp,1,revisao_preco_fixo
C09378,EcoSport,2020,70267,PF,Nordeste,35.1,0,2,52,951.6,,1,0,0,WhatsApp,1,checkup_gratuito
C06901,Ranger,2024,17397,PF,SUDESTE,10.7,1,1,1,1258.92,6.0,0,0,0,E-mail,0,pacote_revisoes
C05569,Maverick,2021,88979,PF,Sudeste,,0,3,23,910.88,7.0,0,0,1,Ligacao,1,revisao_preco_fixo
C06880,Ka,2021,120870,PF,Sudeste,12.8,0,8,16,625.44,,1,0,0,WhatsApp,0,desconto_pecas
C02680,Maverick,2023,34799,PF,Norte,72.0,1,3,10,661.99,8.0,1,0,0,App FordPass,0,pacote_revisoes
C06779,Bronco Sport,2026,3610,PF,Sudeste,8.4,1,0,8,785.9,7.0,1,0,0,WhatsApp,0,pacote_revisoes
C03867,EcoSport,2021,48858,PF,Centro-Oeste,49.1,0,1,1,454.51,7.0,1,0,0,WhatsApp,1,revisao_preco_fixo
C06929,Transit,2014,166891,PF,Sudeste,11.2,0,4,60,1250.28,,1,0,1,,1,checkup_gratuito
C03386,Ranger,2017,168660,PF,Sudeste,20.4,0,4,27,1300.35,7.0,1,0,0,App FordPass,1,revisao_preco_fixo
C08880,Bronco Sport,2019,156075,PF,Sudeste,5.5,0,10,38,1151.53,8.0,0,1,0,E-mail,1,checkup_gratuito
C08851,Ka,2021,122083,PF,Sul,23.8,0,8,58,925.42,8.0,1,0,0,App FordPass,1,checkup_gratuito
C04106,Bronco Sport,2024,19732,PF,Nordeste,19.1,1,1,3,989.54,7.0,1,0,0,WhatsApp,0,pacote_revisoes
C09861,Ranger,2019,73839,PF,Sul,26.8,0,5,1,1158.74,8.0,0,0,0,Ligacao,1,revisao_preco_fixo
C04651,Maverick,2026,4586,PF,Sudeste,4.8,1,0,4,618.33,9.0,0,0,1,WhatsApp,0,pacote_revisoes
C08462,Territory,2018,196252,PJ_Frota,Sudeste,4.3,0,4,8,1435.22,4.0,0,0,0,App FordPass,1,plano_frota
C02259,Ranger,2021,190377,PJ_Frota,Nordeste,55.3,0,2,2,921.88,9.0,0,1,0,E-mail,0,plano_frota
C09745,Maverick,2020,107731,PF,Nordeste,45.5,0,4,55,1394.3,8.0,1,0,0,,1,checkup_gratuito
C04501,Ranger,2014,138954,PF,Norte,21.7,0,9,19,1294.59,8.0,0,0,0,E-mail,0,desconto_pecas
C07958,Ka,2017,114838,PF,Nordeste,26.5,0,6,60,971.15,6.0,0,0,0,WhatsApp,1,checkup_gratuito
C06431,Ranger,2023,22769,PF,Sudeste,8.0,1,3,1,547.08,6.0,1,0,1,App FordPass,0,pacote_revisoes
C02863,Ka,2021,131226,PJ_Frota,Sudeste,14.3,0,2,14,746.95,8.0,1,0,0,App FordPass,0,revisao_preco_fixo
C03834,EcoSport,2020,62792,PF,Nordeste,26.6,0,3,15,848.35,7.0,1,0,0,App FordPass,1,revisao_preco_fixo
C02087,EcoSport,2019,52011,PF,Sudeste,8.6,0,3,16,876.03,8.0,0,0,0,Ligacao,1,revisao_preco_fixo
C02350,Ka,2020,65850,PF,Centro-Oeste,35.5,0,1,6,907.55,5.0,0,0,0,,0,revisao_preco_fixo
C01464,Territory,2025,21827,PF,Centro-Oeste,27.2,1,2,4,653.62,9.0,0,0,0,WhatsApp,0,pacote_revisoes
C02613,Bronco Sport,2023,75673,PF,Nordeste,17.5,1,5,0,986.01,5.0,0,0,0,E-mail,0,pacote_revisoes
C09188,Bronco Sport,2023,45503,PF,Nordeste,17.8,1,2,14,701.54,,0,0,2,WhatsApp,0,pacote_revisoes
C02717,Transit,2016,142714,PJ_Frota,Nordeste,28.1,0,9,28,1436.87,7.0,0,0,0,WhatsApp,1,plano_frota
C00526,Transit,2024,32729,PF,Norte,22.7,1,1,9,1314.78,5.0,0,1,0,WhatsApp,0,pacote_revisoes
C03891,Territory,2019,83130,PF,Centro-Oeste,16.9,0,3,27,722.85,4.0,0,0,0,WhatsApp,1,revisao_preco_fixo
C06612,Ranger,2014,507771,PJ_Frota,Sudeste,9.3,0,21,12,1299.77,7.0,0,0,0,,0,desconto_pecas
C05433,Ranger,2025,11716,PF,Centro-Oeste,27.6,1,1,2,1084.89,,1,0,0,App FordPass,0,pacote_revisoes
C00065,Ranger,2023,35748,PF,Norte,11.1,1,1,0,1196.25,6.0,0,0,1,E-mail,0,pacote_revisoes
C06625,Mustang,2024,18892,PF,Nordeste,7.3,1,2,2,2354.82,,1,0,0,App FordPass,0,pacote_revisoes
C01288,Ranger,2025,19733,PF,Sudeste,5.8,1,1,6,855.63,8.0,1,0,1,App FordPass,0,pacote_revisoes
C01825,Ka,2015,96811,PF,Sudeste,10.2,0,3,10,718.38,10.0,0,0,0,Ligacao,1,revisao_preco_fixo
C04876,EcoSport,2015,205811,PF,Norte,54.7,0,13,60,604.0,10.0,0,0,0,App FordPass,1,checkup_gratuito
C07391,Ka,2016,117088,PF,Sudeste,10.8,0,6,11,701.98,6.0,0,0,1,Ligacao,0,desconto_pecas
C04816,EcoSport,2015,183254,PF,Nordeste,20.2,0,8,9,896.51,6.0,0,1,1,E-mail,1,revisao_preco_fixo
C08157,EcoSport,2019,64813,PF,Nordeste,13.5,0,4,1,767.81,6.0,0,0,0,WhatsApp,0,revisao_preco_fixo
C00856,Bronco Sport,2024,57325,PJ_Frota,Nordeste,9.8,1,2,15,935.82,6.0,0,0,0,WhatsApp,0,plano_frota
C00557,Ranger,2020,105448,PF,Sudeste,3.3,0,2,8,748.78,,0,0,0,WhatsApp,0,revisao_preco_fixo
C01405,EcoSport,2018,230224,PJ_Frota,Sudeste,8.0,0,18,1,920.59,6.0,1,0,0,Ligacao,0,plano_frota
C06200,Ranger,2022,60117,PF,Sudeste,9.7,0,6,0,932.66,10.0,0,0,0,E-mail,0,revisao_preco_fixo
C06636,Ka,2014,96452,PF,Norte,38.0,0,6,19,804.92,6.0,0,0,1,WhatsApp,1,desconto_pecas
C05937,Ranger,2016,96022,PF,Sul,7.5,0,1,51,1178.72,5.0,1,0,1,E-mail,1,checkup_gratuito
C09335,Maverick,2020,38175,PF,Sudeste,12.7,0,2,11,865.63,6.0,1,0,1,Ligacao,0,revisao_preco_fixo
C01005,Ranger,2023,60059,PJ_Frota,Sudeste,4.7,1,6,3,965.56,9.0,0,0,0,App FordPass,0,plano_frota
C09226,Transit,2021,137753,PJ_Frota,Sudeste,7.8,0,7,26,,9.0,0,0,0,App FordPass,0,revisao_preco_fixo
C09305,Ranger,2015,120345,PF,Sudeste,5.3,0,11,21,1783.17,6.0,0,0,1,WhatsApp,1,pacote_revisoes
C04630,EcoSport,2020,56745,PF,Sudeste,3.1,0,5,44,1278.87,9.0,0,0,0,WhatsApp,0,revisao_preco_fixo
C05780,Transit,2025,15957,PF,Sudeste,6.6,1,0,0,,8.0,1,0,0,E-mail,0,pacote_revisoes
C09396,Territory,2021,60462,PF,Sudeste,6.2,0,1,11,874.22,6.0,0,0,0,App FordPass,1,plano_frota
C01020,Mustang,2021,82929,PF,Sudeste,27.4,0,1,7,,6.0,0,0,0,WhatsApp,0,checkup_gratuito
C09023,Ranger,2022,91795,PF,Sul,8.1,0,7,6,1081.9,7.0,1,0,2,App FordPass,0,pacote_revisoes
C02851,Ranger,2016,191580,PF,Norte,41.3,0,6,2,1600.62,6.0,0,0,0,Ligacao,1,desconto_pecas
C00511,Maverick,2026,12779,PJ_Frota,Nordeste,,1,1,6,896.5,7.0,1,0,0,WhatsApp,0,plano_frota
C05785,Bronco Sport,2015,151075,PF,Sudeste,7.3,0,10,60,1436.3,,0,0,0,WhatsApp,1,checkup_gratuito
C01721,EcoSport,2014,116352,PF,Sul,26.3,0,8,7,1150.82,8.0,0,0,1,WhatsApp,0,revisao_preco_fixo
C01886,Ka,2015,85140,PF,Norte,25.5,0,4,52,427.37,9.0,0,0,0,WhatsApp,1,checkup_gratuito
C09054,Maverick,2026,4855,PF,Sudeste,10.5,1,0,4,883.34,,0,0,0,E-mail,0,plano_frota
C01995,Bronco Sport,2020,68235,PF,Centro-Oeste,24.7,0,4,3,970.81,5.0,0,0,1,App FordPass,0,revisao_preco_fixo
C05894,Ka,2016,96778,PF,Nordeste,4.9,0,5,25,,,1,0,1,,0,desconto_pecas
C03856,Maverick,2022,49604,PF,Norte,18.5,0,1,28,903.57,2.0,0,0,1,WhatsApp,1,revisao_preco_fixo
C01148,Ranger,2020,54615,PF,Sudeste,13.3,0,1,4,1279.51,6.0,0,0,2,WhatsApp,0,revisao_preco_fixo
C09749,Ka,2018,137573,PF,Nordeste,14.0,0,7,60,676.39,7.0,0,0,0,E-mail,1,checkup_gratuito
C05658,Ka,2018,83596,PF,Nordeste,13.7,0,8,38,572.23,8.0,0,0,0,WhatsApp,1,revisao_preco_fixo
C03790,EcoSport,2019,122728,PF,Sudeste,19.3,0,9,51,793.53,6.0,0,0,1,WhatsApp,1,revisao_preco_fixo
C02431,Bronco Sport,2025,23757,PF,Centro-Oeste,29.7,1,1,4,836.57,9.0,1,0,0,App FordPass,0,pacote_revisoes
C03492,Maverick,2021,48603,PF,Centro-Oeste,24.5,0,3,3,628.08,9.0,0,0,0,App FordPass,0,revisao_preco_fixo
C07091,Territory,2025,12606,PF,Norte,48.2,1,1,0,854.33,6.0,0,0,2,WhatsApp,0,revisao_preco_fixo
C02515,Maverick,2023,16508,PF,Nordeste,9.3,1,3,2,717.57,,1,0,0,WhatsApp,0,pacote_revisoes
C08331,Territory,2018,116468,PF,Nordeste,9.0,0,4,28,1122.4,,0,0,0,App FordPass,1,desconto_pecas
C06655,Ranger,2026,3574,PF,Nordeste,15.3,1,0,7,719.58,8.0,1,0,0,Ligacao,1,pacote_revisoes
C01743,Transit,2019,110908,PF,Sudeste,9.6,0,8,7,525.16,7.0,0,0,1,App FordPass,0,revisao_preco_fixo
C08442,EcoSport,2016,154348,PF,Sudeste,10.0,0,2,60,626.6,7.0,0,0,1,E-mail,1,checkup_gratuito
C04702,EcoSport,2017,62089,PF,Sul,15.8,0,8,38,761.6,,0,0,0,App FordPass,1,checkup_gratuito
C00496,Ranger,2025,8156,PF,Sudeste,4.0,1,1,2,631.9,,0,0,0,WhatsApp,0,pacote_revisoes
C00637,Bronco Sport,2026,5142,PF,Centro-Oeste,96.0,1,0,3,378.14,7.0,1,1,0,,0,desconto_pecas
C01331,Ranger,2023,64900,PJ_Frota,Norte,26.0,1,6,0,978.54,8.0,0,0,0,WhatsApp,0,plano_frota
C03581,Maverick,2022,73768,PF,Sudeste,3.8,0,6,2,1286.91,7.0,1,0,0,WhatsApp,0,checkup_gratuito
C08997,Ranger,2014,108154,PF,sul,,0,4,34,1458.44,4.0,0,0,1,WhatsApp,1,desconto_pecas
C01648,Mustang,2022,62508,PF,Sudeste,19.9,0,2,12,1442.75,4.0,0,0,3,WhatsApp,1,revisao_preco_fixo
C01181,Ka,2016,180615,PJ_Frota,Sudeste,25.2,0,4,1,1232.15,7.0,0,0,1,,1,desconto_pecas
C03129,Transit,2022,188461,PJ_Frota,Sudeste,13.5,0,6,4,983.84,8.0,1,0,0,App FordPass,0,plano_frota
C08410,Territory,2017,221527,PF,Centro-Oeste,77.5,0,14,17,1903.1,7.0,0,0,0,Ligacao,0,desconto_pecas
C08564,Ranger,2019,82180,PF,Nordeste,10.8,0,2,48,1239.64,7.0,1,0,0,App FordPass,1,revisao_preco_fixo
C01769,Maverick,2022,45557,PF,Sudeste,7.6,0,0,4,1107.04,7.0,0,0,1,WhatsApp,0,revisao_preco_fixo
C05851,Maverick,2023,31718,PF,Sudeste,8.3,1,1,9,876.88,,0,0,0,WhatsApp,0,pacote_revisoes
C09279,Transit,2023,84496,PJ_Frota,Sul,12.4,1,7,9,775.54,7.0,1,0,1,WhatsApp,0,plano_frota
C09351,Ranger,2023,162932,PJ_Frota,Sudeste,18.8,1,11,6,1342.41,6.0,0,0,0,WhatsApp,0,plano_frota
C03027,Maverick,2017,92682,PF,Sul,14.8,0,5,8,1345.72,6.0,1,0,0,App FordPass,0,checkup_gratuito
C00510,Ka,2020,57632,PF,Sul,19.6,0,1,11,491.2,5.0,0,0,1,,1,pacote_revisoes
C09627,Ranger,2017,206209,PJ_Frota,norte,43.4,0,4,60,1615.83,,0,0,1,WhatsApp,1,checkup_gratuito
C02061,EcoSport,2020,60306,PF,Nordeste,13.7,0,3,15,768.07,6.0,1,0,1,WhatsApp,0,checkup_gratuito
C07235,Maverick,2016,113887,PF,Sudeste,5.0,0,2,60,1735.34,6.0,0,0,0,App FordPass,1,checkup_gratuito
C04030,Ranger,2020,104015,PF,Sudeste,9.5,0,9,11,1347.22,8.0,0,0,0,Ligacao,0,revisao_preco_fixo
C07319,EcoSport,2021,40255,PF,Norte,,0,2,2,615.64,9.0,1,0,0,E-mail,0,revisao_preco_fixo
C05328,Ranger,2021,233159,PJ_Frota,Sul,8.3,0,10,1,954.75,10.0,0,0,0,E-mail,0,plano_frota
C00456,Transit,2018,67830,PF,Sul,23.0,0,5,5,1259.7,7.0,1,0,0,WhatsApp,0,revisao_preco_fixo
C01808,Ranger,2026,4707,PF,Sudeste,12.6,1,0,1,841.43,6.0,1,0,1,Ligacao,0,pacote_revisoes
C07844,Ka,2015,152029,PF,Nordeste,24.4,0,6,10,651.63,7.0,0,0,0,WhatsApp,1,revisao_preco_fixo
C00756,EcoSport,2018,88931,PF,Centro-Oeste,37.7,0,0,9,1019.57,7.0,0,1,1,E-mail,0,checkup_gratuito
C07565,Mustang,2014,130847,PF,Sudeste,35.5,0,3,2,1427.13,7.0,0,0,0,Ligacao,0,revisao_preco_fixo
C06427,Ranger,2019,113483,PF,Sudeste,19.3,0,5,10,1116.37,,0,0,0,WhatsApp,1,revisao_preco_fixo
C09536,Maverick,2024,20299,PF,Nordeste,13.1,1,1,2,1098.31,5.0,0,0,0,App FordPass,0,pacote_revisoes
C01065,Transit,2026,2265,PF,Sudeste,5.4,1,0,8,571.87,,0,0,0,Ligacao,0,pacote_revisoes
C08445,Ka,2021,55449,PF,Sudeste,11.6,0,3,36,514.45,8.0,1,0,0,E-mail,0,revisao_preco_fixo
C01265,Maverick,2021,80993,PF,Sudeste,10.3,0,3,6,1381.44,8.0,0,0,0,App FordPass,1,revisao_preco_fixo
C07906,Territory,2026,5431,PF,Nordeste,15.0,1,0,1,679.87,8.0,0,0,0,WhatsApp,0,pacote_revisoes
C01819,Territory,2018,107392,PF,Sul,15.2,0,3,7,,,0,0,0,WhatsApp,0,pacote_revisoes
C00691,Mustang,2018,114748,PF,Sul,6.7,0,1,13,1470.9,2.0,1,0,2,WhatsApp,1,checkup_gratuito
C02839,Ka,2018,151720,PF,Norte,69.9,0,4,5,854.55,8.0,1,0,1,App FordPass,0,desconto_pecas
C00593,Territory,2020,109100,PF,Sudeste,,0,6,4,597.93,8.0,0,0,1,WhatsApp,0,pacote_revisoes
C03589,EcoSport,2021,90181,PF,Sul,9.1,0,4,10,917.94,5.0,0,0,1,App FordPass,0,revisao_preco_fixo
C09665,Bronco Sport,2015,140516,PF,Sudeste,3.6,0,5,8,725.67,6.0,0,0,0,WhatsApp,1,desconto_pecas
C03633,Ranger,2015,273344,PJ_Frota,Sudeste,3.7,0,8,60,1084.36,8.0,0,0,0,Ligacao,1,desconto_pecas
C00501,Mustang,2026,6118,PF,Sudeste,3.7,1,0,2,1517.26,6.0,0,0,0,WhatsApp,0,revisao_preco_fixo
C06264,Ranger,2021,72366,PF,Norte,34.9,0,0,23,1275.9,9.0,1,0,0,,1,pacote_revisoes
C08129,Ranger,2016,114060,PF,Sul,20.5,0,6,44,1277.43,,0,0,0,App FordPass,1,checkup_gratuito
C08298,Ka,2018,74726,PF,Centro-Oeste,24.9,0,1,20,747.42,6.0,1,0,0,WhatsApp,1,checkup_gratuito
C05134,Maverick,2026,5061,PF,Sul,14.2,1,0,9,1397.2,,0,0,0,App FordPass,0,pacote_revisoes
C05117,Bronco Sport,2018,110566,PF,Norte,21.0,0,0,60,842.58,3.0,0,0,0,WhatsApp,1,checkup_gratuito
C09530,Ranger,2020,75890,PF,Sudeste,20.5,0,1,8,760.34,,1,0,1,WhatsApp,0,revisao_preco_fixo
C04453,Territory,2023,45351,PF,sul,11.8,1,2,16,1076.73,6.0,1,0,1,Ligacao,1,pacote_revisoes
C07633,Territory,2025,12140,PF,Norte,64.1,1,0,0,803.08,4.0,0,0,0,App FordPass,0,checkup_gratuito
C02652,Maverick,2019,80265,PF,Sudeste,8.9,0,4,60,898.02,9.0,0,0,0,E-mail,1,revisao_preco_fixo
C09747,Mustang,2019,77792,PF,Sudeste,7.0,0,3,34,1091.46,8.0,0,0,0,WhatsApp,1,checkup_gratuito
C07040,Territory,2021,58465,PF,Sul,8.4,0,2,0,797.67,6.0,1,0,0,App FordPass,0,revisao_preco_fixo
C01508,EcoSport,2015,194102,PF,Centro-Oeste,69.9,0,2,60,659.39,6.0,0,0,1,WhatsApp,1,checkup_gratuito
C00210,Territory,2017,176860,PF,Sudeste,8.6,0,9,8,796.35,10.0,0,0,1,E-mail,0,desconto_pecas
C09063,Maverick,2017,133745,PF,Norte,44.0,0,6,31,1198.35,5.0,0,0,0,WhatsApp,1,revisao_preco_fixo
C09280,Transit,2014,221510,PJ_Frota,Sul,4.2,0,9,38,939.05,5.0,0,0,0,WhatsApp,1,desconto_pecas
C06177,EcoSport,2017,78180,PF,Nordeste,15.3,0,7,55,1534.77,8.0,0,0,1,App FordPass,1,checkup_gratuito
C06479,EcoSport,2018,95900,PF,Sudeste,9.7,0,8,12,1108.52,9.0,0,0,0,E-mail,0,desconto_pecas
C07238,Ranger,2014,221973,PF,Sudeste,8.9,0,4,60,2005.61,7.0,0,0,1,App FordPass,1,revisao_preco_fixo
C00736,EcoSport,2020,59155,PF,Sudeste,4.0,0,1,8,663.4,4.0,0,0,0,WhatsApp,1,revisao_preco_fixo
C07466,EcoSport,2021,131062,PJ_Frota,Sudeste,11.6,0,4,9,693.82,7.0,0,0,0,E-mail,1,plano_frota
C01994,Ranger,2017,77941,PF,Sudeste,2.9,0,9,60,1673.51,7.0,0,0,1,App FordPass,1,checkup_gratuito
C03393,Ka,2017,299590,PJ_Frota,Sudeste,,0,18,19,346.72,7.0,0,0,0,WhatsApp,0,desconto_pecas
C00382,Maverick,2026,2172,PF,SUDESTE,7.7,1,0,7,595.1,8.0,0,0,0,WhatsApp,0,pacote_revisoes
C03328,Ranger,2018,328998,PJ_Frota,Sudeste,11.2,0,15,50,1470.04,9.0,0,1,0,WhatsApp,0,desconto_pecas
C04914,EcoSport,2016,98781,PF,Sudeste,4.5,0,8,60,663.47,7.0,0,0,0,App FordPass,1,checkup_gratuito
C08793,Bronco Sport,2023,42697,PF,norte,129.3,1,2,1,795.13,6.0,0,0,1,App FordPass,0,pacote_revisoes
C08624,EcoSport,2017,50657,PF,Sudeste,,0,7,49,791.96,9.0,0,0,0,Ligacao,0,revisao_preco_fixo
C02841,Ranger,2017,108449,PF,Sudeste,17.0,0,8,57,1702.27,9.0,1,0,0,WhatsApp,0,desconto_pecas
C04022,EcoSport,2014,140534,PF,Nordeste,16.5,0,11,0,596.82,9.0,0,0,0,WhatsApp,0,desconto_pecas
C04812,Ranger,2020,68653,PF,Centro-Oeste,65.7,0,5,6,745.2,8.0,0,0,0,E-mail,0,revisao_preco_fixo
C04163,Ranger,2024,17185,PF,Nordeste,36.7,1,1,0,618.26,8.0,1,0,0,WhatsApp,0,pacote_revisoes
C07815,EcoSport,2021,47064,PF,Sul,11.4,0,5,6,714.36,,1,0,0,App FordPass,1,revisao_preco_fixo
C03622,Ranger,2015,97688,PF,Nordeste,6.1,0,5,60,1108.9,10.0,0,0,0,Ligacao,1,checkup_gratuito
C00903,Ranger,2017,91388,PF,Sul,7.4,0,3,4,1205.99,7.0,0,0,1,WhatsApp,1,revisao_preco_fixo
C02974,Ranger,2018,100258,PF,Sudeste,,0,7,24,769.11,6.0,0,0,1,E-mail,1,desconto_pecas
C01334,Transit,2026,3678,PF,Sudeste,7.8,1,0,0,670.81,7.0,0,1,0,App FordPass,0,pacote_revisoes
C05438,Transit,2016,285825,PJ_Frota,Norte,79.5,0,10,18,1587.68,,0,0,0,App FordPass,1,desconto_pecas
C00572,Ranger,2022,79872,PF,Sudeste,5.8,0,4,17,1242.6,7.0,1,1,0,E-mail,0,revisao_preco_fixo
C06376,EcoSport,2016,102591,PF,Sudeste,10.6,0,4,3,761.22,,0,1,0,E-mail,1,desconto_pecas
C03532,Ranger,2020,93428,PF,Sudeste,4.9,0,2,26,879.19,5.0,0,1,1,App FordPass,0,checkup_gratuito
C02691,Ranger,2015,144354,PF,Sul,5.1,0,8,27,822.11,8.0,0,0,0,WhatsApp,0,desconto_pecas
C05198,Bronco Sport,2022,49954,PF,Sudeste,14.4,0,4,12,1264.63,8.0,1,0,0,E-mail,0,revisao_preco_fixo
C05126,Ranger,2017,189490,PJ_Frota,Centro-Oeste,14.5,0,5,15,1291.63,8.0,0,0,0,WhatsApp,1,plano_frota
C07213,Territory,2025,20443,PF,norte,18.3,1,1,17,1068.49,8.0,1,0,0,WhatsApp,0,pacote_revisoes
C03156,Ka,2021,232050,PJ_Frota,Sudeste,7.2,0,13,13,1445.59,7.0,0,0,1,WhatsApp,1,plano_frota
C08865,Ranger,2018,305700,PF,Sudeste,12.7,0,12,60,1242.74,9.0,1,1,0,WhatsApp,1,desconto_pecas
C02033,Ranger,2016,210451,PF,Sudeste,4.7,0,13,1,1467.28,,0,0,1,WhatsApp,0,desconto_pecas
C00219,Ranger,2026,7290,PF,Nordeste,31.1,1,0,3,871.08,7.0,1,0,0,App FordPass,0,pacote_revisoes
C09764,Ranger,2018,176258,PF,Sudeste,10.8,0,2,3,843.37,7.0,1,0,0,WhatsApp,0,checkup_gratuito
C05764,Ranger,2021,91811,PF,Sudeste,0.8,0,6,13,1332.37,7.0,0,0,2,Ligacao,1,revisao_preco_fixo
C07910,Transit,2024,67660,PJ_Frota,Nordeste,12.6,1,4,11,938.67,8.0,1,1,0,E-mail,0,plano_frota
C07967,Maverick,2025,11931,PF,Sul,11.8,1,1,1,919.18,,1,0,0,E-mail,0,pacote_revisoes
C02659,EcoSport,2016,142583,PF,Sudeste,17.5,0,5,60,635.0,6.0,1,0,0,App FordPass,1,checkup_gratuito
C01106,Ka,2016,122710,PF,Nordeste,4.3,0,7,44,1655.21,3.0,0,0,0,,1,revisao_preco_fixo
C09141,Transit,2021,52301,PF,Norte,13.8,0,3,6,1611.58,8.0,0,1,0,WhatsApp,0,revisao_preco_fixo
C01882,Ranger,2023,44381,PF,Sul,11.7,1,3,7,658.84,9.0,1,0,0,App FordPass,0,pacote_revisoes
C07548,Ka,2014,222511,PF,Sul,12.1,0,10,8,522.62,6.0,1,1,0,App FordPass,0,checkup_gratuito
C01624,Ranger,2024,35859,PF,Centro-Oeste,15.4,1,3,2,790.29,9.0,1,0,0,App FordPass,0,pacote_revisoes
C06638,Maverick,2026,1871,PF,Sudeste,13.8,1,0,2,1648.26,6.0,0,0,0,App FordPass,0,pacote_revisoes
C05479,Transit,2024,47418,PJ_Frota,Sudeste,9.1,1,4,2,877.37,,0,0,0,WhatsApp,0,plano_frota
C09846,Maverick,2021,91296,PF,Centro-Oeste,37.8,0,2,16,676.62,8.0,0,0,0,Ligacao,0,revisao_preco_fixo
C07609,Mustang,2016,342354,PJ_Frota,Sudeste,4.6,0,13,29,1472.08,8.0,0,0,0,E-mail,0,desconto_pecas
C05545,EcoSport,2016,94528,PF,Sudeste,3.0,0,4,28,749.35,7.0,0,0,0,App FordPass,0,desconto_pecas
C00933,Bronco Sport,2022,60838,PF,Sul,7.9,0,1,11,769.31,6.0,0,0,1,E-mail,0,revisao_preco_fixo
C07081,Maverick,2026,3359,PF,Sudeste,9.1,1,0,7,,3.0,0,0,1,E-mail,0,pacote_revisoes
C00944,Ranger,2015,97971,PF,Norte,,0,2,35,1201.76,5.0,0,0,0,E-mail,1,revisao_preco_fixo
C08178,Ranger,2019,184067,PJ_Frota,Centro-Oeste,39.6,0,8,0,883.59,8.0,1,0,0,WhatsApp,0,plano_frota
C07943,Ranger,2019,172027,PJ_Frota,Sudeste,13.2,0,15,43,1069.1,10.0,0,1,1,WhatsApp,0,revisao_preco_fixo
C03511,Bronco Sport,2024,14955,PF,Sudeste,5.2,1,1,3,,9.0,1,0,0,App FordPass,0,pacote_revisoes
C08182,Ranger,2019,170872,PF,Sul,36.9,0,4,5,1077.61,7.0,0,0,0,Ligacao,0,revisao_preco_fixo
C00507,Maverick,2022,43033,PF,Sudeste,7.4,0,0,16,575.29,5.0,1,0,0,E-mail,1,revisao_preco_fixo
C07498,Territory,2021,70196,PF,Sudeste,6.9,0,3,12,814.75,7.0,0,0,0,App FordPass,0,revisao_preco_fixo
C05725,Mustang,2022,74736,PF,Sudeste,,0,4,2,1867.36,6.0,0,0,2,WhatsApp,1,revisao_preco_fixo
C03778,Bronco Sport,2015,-86459,PF,Sudeste,9.6,0,1,5,1226.89,9.0,0,0,0,WhatsApp,1,revisao_preco_fixo
C06099,Ka,2016,120984,PF,Norte,48.7,0,5,37,677.2,9.0,1,0,0,WhatsApp,1,checkup_gratuito
C01764,Ka,2018,129912,PF,Norte,37.4,0,4,42,551.05,9.0,0,0,0,WhatsApp,0,plano_frota
C02697,Ka,2017,298139,PJ_Frota,Nordeste,9.5,0,18,44,734.35,7.0,1,1,0,E-mail,0,plano_frota
C08273,Bronco Sport,2023,37036,PF,Sudeste,2.3,1,1,3,803.92,7.0,1,1,0,Ligacao,0,pacote_revisoes
C09310,EcoSport,2016,213269,PF,Sudeste,8.5,0,17,13,990.08,6.0,0,0,0,App FordPass,0,desconto_pecas
C03987,Ranger,2020,125242,PJ_Frota,Norte,55.5,0,4,4,1048.57,8.0,0,0,0,Ligacao,0,plano_frota
C02346,Maverick,2020,140256,PF,Sudeste,5.9,0,4,4,1124.91,7.0,0,0,0,E-mail,1,revisao_preco_fixo
C05457,Territory,2018,106570,PF,Sudeste,13.3,0,4,35,1262.0,8.0,0,0,0,App FordPass,1,desconto_pecas
C03534,Bronco Sport,2024,33350,PF,Sul,16.2,1,3,4,1085.27,10.0,1,0,0,App FordPass,1,pacote_revisoes
C06317,Bronco Sport,2016,225884,PF,Sul,20.1,0,8,10,742.28,8.0,1,0,1,WhatsApp,0,checkup_gratuito
C03910,Ranger,2019,82806,PF,Nordeste,9.3,0,6,39,,6.0,0,0,0,E-mail,1,revisao_preco_fixo
C01114,Transit,2014,538074,PJ_Frota,Nordeste,19.3,0,15,18,1243.46,7.0,0,0,0,WhatsApp,0,desconto_pecas
C04868,Ranger,2017,364260,PJ_Frota,Sul,17.1,0,17,6,1452.95,6.0,1,0,0,App FordPass,1,desconto_pecas
C05791,Territory,2016,138630,PF,Centro-Oeste,67.8,0,3,39,964.39,5.0,0,0,1,Ligacao,1,checkup_gratuito
C08579,Ka,2020,58330,PF,Sudeste,11.1,0,4,4,498.91,9.0,0,0,0,App FordPass,0,revisao_preco_fixo
C03544,EcoSport,2021,65346,PF,Sudeste,2.3,0,5,7,1036.4,,0,0,0,E-mail,1,revisao_preco_fixo
C07437,EcoSport,2021,70726,PF,Sudeste,7.4,0,2,13,510.36,6.0,0,0,0,WhatsApp,0,revisao_preco_fixo
C04505,Ranger,2017,164168,PF,Nordeste,22.5,0,9,60,1397.74,10.0,1,0,1,WhatsApp,1,revisao_preco_fixo
C01862,Transit,2020,151992,PJ_Frota,Centro-Oeste,77.3,0,1,8,701.61,10.0,0,0,0,App FordPass,1,desconto_pecas
C03388,Ranger,2022,66033,PF,Sul,23.4,0,4,11,1148.6,10.0,1,0,0,WhatsApp,0,revisao_preco_fixo
C03585,Maverick,2016,111483,PF,Norte,58.6,0,2,35,1045.42,6.0,0,0,0,E-mail,1,desconto_pecas
C05652,Territory,2014,175710,PF,Centro-Oeste,,0,13,60,1229.99,8.0,0,0,0,Ligacao,1,desconto_pecas
C03401,Maverick,2017,154202,PF,Sul,21.1,0,6,41,895.62,,0,0,1,WhatsApp,1,revisao_preco_fixo
C00251,Maverick,2016,201748,PF,Norte,20.7,0,8,60,1175.67,9.0,0,0,0,E-mail,1,desconto_pecas
C09525,Territory,2014,97132,PF,Nordeste,22.7,0,6,41,1307.0,9.0,1,0,0,App FordPass,1,plano_frota
C09921,Ranger,2018,344656,PF,Centro-Oeste,9.8,0,27,7,1126.39,7.0,0,0,0,WhatsApp,0,desconto_pecas
C09569,Territory,2019,142623,PF,Centro-Oeste,22.1,0,9,55,1077.25,10.0,0,0,0,WhatsApp,0,checkup_gratuito
C08508,Transit,2026,4381,PF,Sudeste,11.5,1,0,3,711.51,6.0,0,0,0,WhatsApp,0,pacote_revisoes
C00698,Territory,2022,39295,PF,Centro-Oeste,48.2,0,4,7,1282.56,9.0,0,0,0,WhatsApp,1,revisao_preco_fixo
C07892,Ka,2014,204306,PF,Norte,73.2,0,3,8,828.06,10.0,0,0,1,App FordPass,1,desconto_pecas
C02035,Maverick,2018,87927,PF,Centro-Oeste,27.2,0,2,31,1574.24,5.0,0,0,0,App FordPass,1,revisao_preco_fixo
C06572,Territory,2015,214726,PJ_Frota,Nordeste,7.6,0,5,5,896.2,7.0,0,0,0,WhatsApp,0,revisao_preco_fixo
C08942,Ka,2021,165104,PJ_Frota,Sudeste,9.0,0,5,15,460.67,8.0,0,0,0,WhatsApp,1,revisao_preco_fixo
C02632,Mustang,2022,44907,PF,Norte,100.2,0,0,21,1391.22,9.0,0,0,0,WhatsApp,1,revisao_preco_fixo
C00227,Ranger,2021,65621,PF,Sudeste,5.7,0,3,12,877.33,3.0,1,0,0,WhatsApp,1,revisao_preco_fixo
C06137,Ka,2015,172656,PF,Sudeste,20.5,0,6,60,621.9,9.0,0,0,0,App FordPass,1,checkup_gratuito
C02271,Territory,2017,98904,PF,Sudeste,7.1,0,8,17,1067.68,10.0,0,0,0,App FordPass,0,desconto_pecas
C04909,EcoSport,2018,211091,PJ_Frota,Nordeste,5.7,0,14,49,1026.18,7.0,0,0,1,WhatsApp,1,checkup_gratuito
C01584,Territory,2021,87197,PF,Centro-Oeste,10.7,0,3,3,1031.5,8.0,0,0,0,App FordPass,1,desconto_pecas
C03400,Ka,2017,302204,PF,Sudeste,10.0,0,19,54,554.11,8.0,0,0,1,WhatsApp,1,desconto_pecas
C00205,EcoSport,2019,55545,PF,Sul,19.0,0,5,6,709.98,,1,0,0,WhatsApp,0,revisao_preco_fixo
C09113,Ranger,2025,23767,PJ_Frota,Sul,34.1,1,2,7,,6.0,0,0,1,App FordPass,0,plano_frota
C06473,Territory,2014,173761,PF,Norte,33.6,0,7,14,1472.24,6.0,0,0,1,E-mail,0,desconto_pecas
C08066,Ka,2021,60500,PF,Sudeste,3.9,0,6,8,,9.0,0,0,0,Ligacao,0,plano_frota
C03767,EcoSport,2018,116726,PF,Sudeste,17.2,0,5,3,1034.36,6.0,0,0,1,WhatsApp,0,desconto_pecas
C07307,Maverick,2014,257232,PJ_Frota,Norte,45.5,0,2,58,1589.42,,0,0,0,,1,desconto_pecas
C04979,Mustang,2017,200058,PF,Nordeste,12.9,0,3,12,1353.3,6.0,0,0,0,WhatsApp,1,desconto_pecas
C01000,Ka,2019,73348,PF,Centro-Oeste,15.2,0,5,11,441.13,7.0,0,0,0,E-mail,1,revisao_preco_fixo
C05304,Ka,2018,104618,PF,Sudeste,10.1,0,4,11,1101.11,6.0,1,0,1,App FordPass,1,desconto_pecas
C05761,Mustang,2019,190182,PJ_Frota,Norte,50.3,0,5,40,2075.35,7.0,0,0,0,App FordPass,1,plano_frota
C01093,EcoSport,2019,152292,PF,Sudeste,6.2,0,5,0,738.83,7.0,0,0,0,WhatsApp,0,desconto_pecas
C04656,Mustang,2014,208913,PF,norte,28.9,0,6,18,1233.65,8.0,0,0,0,WhatsApp,1,desconto_pecas
C04959,Bronco Sport,2018,335499,PJ_Frota,Sudeste,5.2,0,10,7,632.37,3.0,0,0,1,WhatsApp,0,desconto_pecas
C03768,Territory,2025,10612,PF,Sudeste,20.3,1,0,3,888.92,,1,0,0,App FordPass,0,pacote_revisoes
C04531,EcoSport,2018,177712,PF,Sudeste,,0,11,8,1005.45,4.0,0,0,0,WhatsApp,0,checkup_gratuito
C07672,Transit,2021,131451,PJ_Frota,Sudeste,9.8,0,5,2,1308.47,10.0,0,0,0,App FordPass,1,plano_frota
C04661,Mustang,2016,125200,PF,Sul,14.9,0,1,1,1085.27,3.0,0,0,0,App FordPass,1,revisao_preco_fixo
C02088,Bronco Sport,2021,50824,PF,Sudeste,6.6,0,3,11,1128.28,8.0,1,1,0,App FordPass,0,revisao_preco_fixo
C02426,Ka,2015,140030,PF,Nordeste,18.9,0,12,55,852.29,6.0,0,0,0,App FordPass,1,checkup_gratuito
C09106,EcoSport,2017,87067,PF,Nordeste,6.8,0,7,13,784.19,9.0,1,0,0,App FordPass,1,desconto_pecas
C05853,EcoSport,2018,102410,PF,Sudeste,5.7,0,9,11,725.33,6.0,0,0,0,E-mail,0,revisao_preco_fixo
C09362,Territory,2014,143766,PF,Nordeste,17.5,0,4,47,998.64,5.0,0,1,1,WhatsApp,1,checkup_gratuito
C01718,Territory,2019,94159,PF,Sul,10.6,0,5,1,976.42,,1,0,0,Ligacao,0,revisao_preco_fixo
C07748,EcoSport,2014,253888,PF,Sul,3.9,0,15,50,1096.19,8.0,0,0,1,E-mail,1,checkup_gratuito
C03103,Bronco Sport,2016,222905,PF,Nordeste,17.7,0,10,16,1295.79,7.0,0,0,0,WhatsApp,0,revisao_preco_fixo
C00578,Maverick,2014,232833,PF,Sudeste,5.1,0,17,8,1505.93,9.0,0,0,0,WhatsApp,0,desconto_pecas
C01687,Ranger,2017,100405,PF,Sudeste,3.6,0,8,21,1106.51,8.0,1,0,0,App FordPass,0,pacote_revisoes
C03717,Maverick,2022,44348,PF,Sudeste,6.0,0,3,2,629.23,6.0,1,0,0,App FordPass,0,revisao_preco_fixo
C01633,Territory,2023,39225,PF,Sudeste,2.2,1,1,7,1106.06,9.0,0,0,0,Ligacao,0,pacote_revisoes
C09592,Mustang,2014,163763,PF,Sudeste,5.1,0,15,46,2156.51,7.0,0,1,0,Ligacao,0,checkup_gratuito
C01410,Maverick,2015,159879,PF,Sudeste,8.9,0,9,60,950.95,7.0,0,0,0,E-mail,1,checkup_gratuito
C06158,Ka,2017,119450,PJ_Frota,Norte,59.4,0,0,22,499.81,6.0,1,0,1,WhatsApp,0,plano_frota
C01083,Maverick,2019,81616,PF,Nordeste,11.0,0,4,7,944.94,,1,0,0,Ligacao,0,checkup_gratuito
C04266,Ranger,2024,25645,PF,Centro-Oeste,25.6,1,1,3,811.45,9.0,0,0,0,WhatsApp,0,pacote_revisoes
C06204,Ka,2016,96091,PF,Sul,6.3,0,0,21,871.87,7.0,0,0,0,WhatsApp,0,checkup_gratuito
C09218,Maverick,2014,390956,PF,Norte,44.3,0,21,60,486.85,6.0,0,0,1,Ligacao,1,desconto_pecas
C05636,EcoSport,2019,49041,PF,Nordeste,,0,5,22,705.23,6.0,0,0,0,WhatsApp,1,revisao_preco_fixo
C09377,Ka,2016,111003,PF,Norte,19.6,0,6,1,786.7,8.0,1,0,1,App FordPass,0,desconto_pecas
C00302,Ranger,2020,57242,PF,Nordeste,14.8,0,5,6,1046.19,5.0,0,0,0,WhatsApp,0,revisao_preco_fixo
C09734,Ka,2015,544760,PJ_Frota,Nordeste,,0,45,60,679.28,6.0,0,0,0,Ligacao,1,desconto_pecas
C09831,EcoSport,2019,62451,PF,Norte,44.1,0,1,52,374.15,5.0,1,0,1,App FordPass,1,checkup_gratuito
C00069,Ranger,2015,278266,PJ_Frota,Sudeste,,0,18,60,1407.75,7.0,0,0,0,WhatsApp,1,desconto_pecas
C01925,Ka,2019,415427,PJ_Frota,Sudeste,5.8,0,20,41,615.4,7.0,0,0,0,E-mail,1,desconto_pecas
C01029,Ranger,2021,67509,PF,Norte,25.8,0,1,19,1183.31,8.0,0,0,0,WhatsApp,1,revisao_preco_fixo
C09187,Territory,2023,122110,PJ_Frota,Nordeste,19.3,1,6,10,1016.66,,0,0,1,WhatsApp,0,plano_frota
C02559,Ka,2017,259038,PF,Sudeste,9.1,0,23,60,810.57,7.0,1,0,0,WhatsApp,1,desconto_pecas
C00923,Ranger,2024,11573,PF,Sudeste,11.4,1,2,0,1410.23,6.0,1,0,0,WhatsApp,0,pacote_revisoes
C02663,EcoSport,2019,168024,PF,Nordeste,11.9,0,5,29,1156.08,7.0,0,0,0,WhatsApp,1,revisao_preco_fixo
C05336,Territory,2022,63354,PF,Nordeste,43.3,0,4,8,1158.35,7.0,1,0,0,WhatsApp,1,revisao_preco_fixo
C07865,Ranger,2023,31136,PF,Sul,4.6,1,2,14,1130.02,8.0,1,0,1,App FordPass,0,pacote_revisoes
C02745,Maverick,2022,74224,PF,Sudeste,6.9,0,2,14,1171.35,9.0,0,0,0,E-mail,0,revisao_preco_fixo
C00329,EcoSport,2015,162616,PF,Centro-Oeste,,0,3,46,836.57,8.0,1,1,1,App FordPass,1,desconto_pecas
C07761,Transit,2020,154774,PJ_Frota,Sul,6.6,0,6,17,1259.1,,0,0,0,App FordPass,0,plano_frota
C01922,Ranger,2017,75279,PF,Nordeste,9.7,0,6,4,,10.0,0,0,0,E-mail,0,desconto_pecas
C07349,Ka,2019,88239,PF,Sudeste,3.1,0,5,4,602.0,7.0,1,1,0,E-mail,0,checkup_gratuito
C07021,Transit,2023,62161,PF,Sudeste,10.3,1,6,3,882.86,8.0,1,0,0,Ligacao,0,checkup_gratuito
C05507,Ranger,2019,54570,PF,Nordeste,9.0,0,6,10,852.95,6.0,1,0,2,App FordPass,1,desconto_pecas
C04315,Territory,2015,125859,PF,Sudeste,16.0,0,6,41,923.39,3.0,1,0,0,,1,checkup_gratuito
C07922,Maverick,2022,50184,PF,norte,22.6,0,0,0,877.39,,0,0,0,WhatsApp,0,pacote_revisoes
C07094,Territory,2017,56683,PF,Centro Oeste,24.9,0,5,60,1388.35,7.0,0,0,2,WhatsApp,1,revisao_preco_fixo
C00156,EcoSport,2018,185473,PF,Sul,22.2,0,11,43,,5.0,0,0,0,WhatsApp,0,checkup_gratuito
C06601,Ka,2020,54245,PF,Sudeste,10.7,0,2,2,589.76,,1,0,0,App FordPass,1,revisao_preco_fixo
C01323,Maverick,2017,100466,PF,Centro-Oeste,18.3,0,8,33,507.76,7.0,0,0,0,App FordPass,0,checkup_gratuito
C02608,Territory,2015,63770,PF,Sudeste,2.0,0,7,4,1839.31,10.0,0,0,0,E-mail,0,desconto_pecas
C03537,Territory,2020,161288,PJ_Frota,Norte,141.1,0,0,30,911.98,10.0,1,0,0,Ligacao,1,plano_frota
C09173,Ka,2019,71170,PF,Sudeste,6.5,0,5,2,560.08,9.0,0,1,1,E-mail,1,revisao_preco_fixo
C06045,Ranger,2019,109884,PF,Nordeste,9.0,0,8,27,1318.02,,1,0,0,E-mail,0,revisao_preco_fixo
C09903,Ranger,2024,55942,PF,Sudeste,15.2,1,2,12,1144.23,10.0,0,0,0,E-mail,0,pacote_revisoes
C05585,Transit,2018,78155,PF,Nordeste,14.7,0,1,51,921.94,7.0,0,0,0,WhatsApp,1,checkup_gratuito
C03429,Maverick,2016,92898,PF,Norte,34.5,0,3,2,992.46,9.0,0,0,0,Ligacao,1,pacote_revisoes
C09889,Mustang,2026,4037,PF,Sudeste,5.6,1,0,20,1568.12,7.0,1,0,1,Ligacao,0,pacote_revisoes
C04841,Ranger,2017,63603,PF,Sudeste,12.2,0,5,31,892.36,8.0,0,0,1,Ligacao,1,desconto_pecas
C08143,EcoSport,2015,414296,PJ_Frota,Sudeste,17.4,0,4,22,922.3,4.0,0,0,0,Ligacao,1,desconto_pecas
C09203,EcoSport,2021,54409,PF,Nordeste,8.4,0,3,8,478.83,9.0,1,0,0,App FordPass,0,revisao_preco_fixo
C07357,Ka,2017,145860,PF,Sul,10.2,0,10,3,591.58,7.0,0,1,0,App FordPass,1,revisao_preco_fixo
C03644,Ka,2021,57876,PF,Sudeste,13.2,0,4,9,515.3,8.0,1,1,1,Ligacao,0,checkup_gratuito
C07703,Territory,2019,101233,PF,Sudeste,12.5,0,7,29,1643.43,8.0,0,0,0,Ligacao,1,revisao_preco_fixo
C00406,EcoSport,2019,108699,PF,Nordeste,18.5,0,6,5,843.68,8.0,0,0,0,E-mail,0,desconto_pecas
C07147,Bronco Sport,2021,67368,PF,Sudeste,3.6,0,6,2,1172.14,7.0,0,1,0,WhatsApp,0,revisao_preco_fixo
C04342,Territory,2014,250407,PF,Sudeste,5.5,0,5,9,1355.38,8.0,0,0,1,WhatsApp,1,desconto_pecas
C02755,Maverick,2022,41257,PF,Nordeste,32.9,0,1,9,858.24,6.0,1,0,0,App FordPass,1,revisao_preco_fixo
C03720,Territory,2020,64829,PF,Sul,8.8,0,1,9,959.51,8.0,0,0,0,WhatsApp,0,revisao_preco_fixo
C07324,Bronco Sport,2025,24294,PF,Sudeste,,1,2,7,1163.37,,1,0,0,WhatsApp,0,pacote_revisoes
C03808,Transit,2014,321073,PJ_Frota,Nordeste,41.8,0,24,44,1211.17,5.0,0,0,1,WhatsApp,1,desconto_pecas
C07954,Maverick,2016,234380,PF,Norte,49.2,0,3,27,960.11,10.0,0,0,0,WhatsApp,1,desconto_pecas
C08145,Territory,2018,117518,PF,Sudeste,9.0,0,3,60,537.37,8.0,0,0,0,App FordPass,1,desconto_pecas
C06072,Ka,2016,236887,PJ_Frota,Sul,10.4,0,15,43,863.43,6.0,1,0,1,WhatsApp,1,checkup_gratuito
C07416,EcoSport,2020,82881,PF,Sudeste,9.7,0,4,1,,8.0,0,0,1,E-mail,0,revisao_preco_fixo
C01782,EcoSport,2014,202469,PF,Sul,6.5,0,12,1,673.34,6.0,0,0,0,E-mail,1,desconto_pecas
C01814,Maverick,2025,14204,PF,Sul,13.7,1,1,6,574.64,4.0,1,0,1,E-mail,0,pacote_revisoes
C07217,Bronco Sport,2026,4214,PF,Centro-Oeste,9.9,1,0,0,953.56,5.0,1,0,0,WhatsApp,0,pacote_revisoes
C06890,Territory,2018,172207,PF,Sudeste,12.7,0,2,29,846.63,6.0,0,0,0,Ligacao,1,desconto_pecas
C02952,Ka,2014,81080,PF,Sudeste,11.1,0,7,13,756.24,7.0,0,0,0,WhatsApp,0,desconto_pecas
C00629,Maverick,2014,158672,PF,Nordeste,20.7,0,10,17,1106.87,6.0,0,0,2,WhatsApp,0,revisao_preco_fixo
C00349,Ka,2014,119883,PF,Centro-Oeste,7.8,0,9,22,754.3,8.0,0,0,0,App FordPass,0,desconto_pecas
C06471,Territory,2021,86757,PF,Nordeste,16.4,0,6,1,1131.77,6.0,0,0,0,WhatsApp,0,revisao_preco_fixo
C03053,Maverick,2018,60436,PF,Sudeste,9.4,0,2,50,735.57,9.0,0,0,0,WhatsApp,1,revisao_preco_fixo
C03484,Territory,2026,4982,PF,Sudeste,6.5,1,0,14,556.24,9.0,0,0,1,Ligacao,0,pacote_revisoes
C06253,EcoSport,2015,126863,PF,Sudeste,5.8,0,5,60,1337.86,8.0,0,0,0,E-mail,1,checkup_gratuito
C06328,Ranger,2025,-11214,PF,Sudeste,5.3,1,1,1,1017.08,8.0,1,0,0,App FordPass,0,pacote_revisoes
C00243,Ranger,2025,39747,PF,Sudeste,8.4,1,2,18,596.13,9.0,0,0,0,E-mail,0,pacote_revisoes
C04328,Maverick,2020,42622,PF,Norte,15.1,0,5,15,742.07,5.0,0,0,0,WhatsApp,0,checkup_gratuito
C01256,Bronco Sport,2017,278528,PJ_Frota,Sudeste,7.8,0,15,36,1000.73,10.0,0,0,0,WhatsApp,0,desconto_pecas
C07012,Ka,2031,74156,PF,Norte,28.6,0,5,24,617.82,6.0,0,0,2,,1,pacote_revisoes
C03527,Ka,2017,96515,PF,Sudeste,11.4,0,6,8,972.29,8.0,0,0,0,Ligacao,0,checkup_gratuito
C06639,Ranger,2019,125804,PF,Sudeste,4.7,0,4,26,1450.99,4.0,0,1,0,E-mail,1,checkup_gratuito
C09026,Bronco Sport,2025,12196,PF,Sudeste,45.9,1,0,10,1003.58,,1,0,0,WhatsApp,0,revisao_preco_fixo
C06912,Territory,2023,58558,PF,Sul,34.3,1,4,21,1416.83,,0,0,0,,0,pacote_revisoes
C04797,Ranger,2025,17721,PF,Sudeste,4.2,1,1,4,1322.0,5.0,0,0,0,Ligacao,0,revisao_preco_fixo
C01647,Maverick,2023,77137,PJ_Frota,Sudeste,3.3,1,6,2,929.78,,0,0,0,E-mail,0,plano_frota
C09590,Bronco Sport,2022,53103,PF,Sudeste,2.8,0,3,4,837.57,,0,0,0,App FordPass,1,pacote_revisoes
C04925,EcoSport,2018,92648,PF,Nordeste,6.9,0,5,41,672.42,5.0,0,0,0,E-mail,1,checkup_gratuito
C05540,Transit,2017,324356,PJ_Frota,Sudeste,50.1,0,23,1,1696.49,9.0,1,0,0,App FordPass,0,desconto_pecas
C07842,Ka,2016,126287,PF,Nordeste,23.1,0,8,49,784.28,,0,1,0,WhatsApp,1,checkup_gratuito
C02381,EcoSport,2019,92154,PF,Sudeste,10.1,0,5,7,928.36,9.0,0,0,1,Ligacao,0,checkup_gratuito
C05210,Ranger,2026,9789,PJ_Frota,Nordeste,19.0,1,0,1,687.91,10.0,1,0,1,App FordPass,0,plano_frota
C03169,Territory,2018,83554,PF,Sudeste,10.9,0,3,10,1565.35,4.0,1,0,0,App FordPass,1,revisao_preco_fixo
C01639,Bronco Sport,2025,10713,PF,Norte,29.5,1,1,1,1116.3,10.0,0,0,0,E-mail,0,pacote_revisoes
C07585,Ranger,2026,6715,PF,Norte,66.4,1,0,1,1130.04,6.0,1,0,0,App FordPass,0,pacote_revisoes
C04278,EcoSport,2021,41790,PF,Nordeste,23.0,0,1,37,727.58,7.0,0,0,0,WhatsApp,1,revisao_preco_fixo
C03162,Ka,2021,113212,PF,Centro-Oeste,39.0,0,0,7,521.86,8.0,1,0,0,WhatsApp,1,revisao_preco_fixo
C05071,EcoSport,2019,84978,PF,Centro-Oeste,18.5,0,6,31,1103.19,8.0,0,0,0,Ligacao,0,revisao_preco_fixo
C05834,Ranger,2024,29765,PF,Sudeste,12.2,1,1,9,1276.0,7.0,1,0,0,App FordPass,0,pacote_revisoes
C01780,Ka,2015,322720,PF,Sudeste,9.9,0,19,19,575.6,,0,0,0,WhatsApp,0,desconto_pecas
C02939,Ka,2020,299840,PJ_Frota,Sudeste,15.1,0,14,7,642.12,8.0,0,0,1,WhatsApp,1,plano_frota
C00361,Ka,2015,129683,PF,Sul,8.8,0,5,45,1171.92,7.0,0,0,0,App FordPass,1,revisao_preco_fixo
C06496,Ranger,2023,72944,PF,Nordeste,16.7,1,5,4,1228.36,8.0,1,0,2,E-mail,0,pacote_revisoes
C05997,Maverick,2015,135966,PF,Sudeste,,0,5,4,,,0,0,0,WhatsApp,0,desconto_pecas
C09443,EcoSport,2019,83400,PF,Sul,12.0,0,6,23,1178.31,8.0,0,0,0,Ligacao,0,checkup_gratuito
C02447,Ranger,2017,143348,PF,Nordeste,21.6,0,8,60,1495.08,7.0,0,0,0,WhatsApp,1,checkup_gratuito
C06832,EcoSport,2018,407328,PJ_Frota,Sudeste,,0,16,44,728.39,8.0,1,0,0,Ligacao,1,desconto_pecas
C05254,Bronco Sport,2026,5708,PF,Sudeste,2.4,1,0,0,1077.0,4.0,0,0,2,E-mail,0,checkup_gratuito
C07571,Transit,2019,255009,PJ_Frota,Sudeste,10.3,0,8,6,1614.85,9.0,0,0,0,E-mail,0,desconto_pecas
C05505,Ranger,2020,323365,PJ_Frota,Nordeste,16.0,0,19,18,1511.81,4.0,0,1,0,WhatsApp,0,plano_frota
C01412,Maverick,2021,87297,PF,Centro-Oeste,26.2,0,2,4,20522.75,,1,0,0,E-mail,0,revisao_preco_fixo
C05816,EcoSport,2021,90176,PF,Sul,6.6,0,7,7,1108.56,,0,1,2,WhatsApp,0,revisao_preco_fixo
C04435,Territory,2020,105500,PF,Nordeste,10.4,0,4,23,1326.66,6.0,1,0,2,WhatsApp,0,revisao_preco_fixo
C09024,Bronco Sport,2025,10034,PF,Centro-Oeste,11.3,1,1,1,772.25,7.0,0,0,0,App FordPass,0,pacote_revisoes
C00879,Territory,2026,2862,PF,Nordeste,31.2,1,0,1,691.55,10.0,1,0,0,App FordPass,0,pacote_revisoes
C09843,Territory,2023,49033,PF,Sul,5.7,1,3,6,1206.16,6.0,1,0,0,App FordPass,0,pacote_revisoes
C03009,Bronco Sport,2016,89006,PF,Sudeste,15.1,0,5,60,871.95,9.0,1,0,0,App FordPass,1,desconto_pecas
C02227,Ka,2016,146304,PF,Sul,6.3,0,5,2,507.92,8.0,0,0,0,E-mail,0,desconto_pecas
C09488,Transit,2017,280824,PJ_Frota,Sudeste,8.3,0,15,5,848.81,9.0,0,0,0,,0,desconto_pecas
C00114,Ka,2020,55670,PF,Sudeste,5.1,0,2,1,615.61,7.0,1,1,0,App FordPass,0,desconto_pecas
C04836,Ka,2019,164847,PJ_Frota,Sul,12.2,0,5,16,,7.0,0,0,0,App FordPass,1,desconto_pecas
C00710,Transit,2015,135949,PF,Centro-Oeste,15.8,0,7,49,1363.02,,0,0,0,WhatsApp,1,desconto_pecas
C06498,Ranger,2017,151990,PF,Norte,,0,9,51,1323.63,9.0,1,0,0,App FordPass,1,desconto_pecas
C07270,Maverick,2015,194056,PF,Sudeste,5.4,0,15,29,1265.54,7.0,0,0,1,App FordPass,1,desconto_pecas
C07569,Transit,2018,176115,PJ_Frota,Nordeste,8.2,0,9,41,724.07,5.0,0,0,1,WhatsApp,1,checkup_gratuito
C03038,Ka,2017,122327,PF,Sudeste,16.5,0,4,60,983.99,6.0,0,0,1,App FordPass,1,checkup_gratuito
C06859,Ka,2015,123934,PF,Centro-Oeste,31.5,0,7,60,907.37,10.0,0,0,0,WhatsApp,1,checkup_gratuito
C02934,Territory,2025,10067,PF,Norte,28.1,1,0,3,1311.33,9.0,0,1,0,WhatsApp,0,pacote_revisoes
C06534,Ranger,2020,62073,PF,Sudeste,12.1,0,1,11,,8.0,0,0,0,App FordPass,0,revisao_preco_fixo
C03970,Transit,2024,21731,PF,Centro-Oeste,27.8,1,2,10,491.37,8.0,0,0,0,WhatsApp,0,pacote_revisoes
C01307,Territory,2017,64698,PF,Centro Oeste,14.1,0,9,33,1324.27,7.0,0,0,0,E-mail,1,checkup_gratuito
C00481,EcoSport,2020,62014,PF,Sudeste,2.4,0,1,11,598.54,8.0,0,0,0,WhatsApp,0,revisao_preco_fixo
C09370,Mustang,2016,173357,PF,Nordeste,23.7,0,3,35,654.35,5.0,1,0,0,WhatsApp,1,desconto_pecas
C01768,Ka,2018,193526,PF,Sudeste,9.3,0,12,34,563.29,8.0,1,0,1,App FordPass,0,desconto_pecas
C03252,EcoSport,2015,338442,PJ_Frota,Sudeste,7.0,0,31,32,,10.0,0,0,0,WhatsApp,0,desconto_pecas
C05568,Ka,2019,119486,PF,Sudeste,6.5,0,11,12,664.57,10.0,0,0,0,WhatsApp,0,revisao_preco_fixo
C06422,Territory,2021,87006,PF,Nordeste,8.2,0,6,1,789.59,5.0,1,0,0,App FordPass,0,revisao_preco_fixo
C07122,Transit,2016,106328,PF,Sul,13.3,0,4,45,1301.99,8.0,0,0,0,Ligacao,1,checkup_gratuito
C07242,Bronco Sport,2022,31978,PF,Sudeste,15.9,0,1,0,1286.05,7.0,0,0,0,WhatsApp,0,revisao_preco_fixo
C07745,Territory,2017,83182,PF,Nordeste,31.9,0,2,9,1669.01,8.0,0,0,0,E-mail,0,revisao_preco_fixo
C06611,EcoSport,2021,56147,PF,SUDESTE,32.9,0,3,5,496.86,7.0,1,0,0,App FordPass,1,checkup_gratuito
C04518,Bronco Sport,2018,100741,PF,Sudeste,10.3,0,3,6,669.61,8.0,0,0,0,Ligacao,1,checkup_gratuito
C05908,EcoSport,2016,87641,PF,Sudeste,28.7,0,4,12,710.82,8.0,0,1,0,App FordPass,0,checkup_gratuito
C05645,EcoSport,2014,284795,PF,Sudeste,8.0,0,15,20,1793.68,6.0,0,0,0,E-mail,1,desconto_pecas
C06545,Maverick,2017,81561,PF,Sul,6.4,0,6,60,633.91,5.0,0,0,1,WhatsApp,1,checkup_gratuito
C02300,Transit,2019,105357,PF,Sudeste,14.4,0,5,44,791.42,7.0,1,0,0,WhatsApp,1,revisao_preco_fixo
C04429,Ka,2014,266758,PF,Nordeste,18.5,0,10,11,636.23,8.0,0,0,0,WhatsApp,0,desconto_pecas
C05383,Ka,2017,137301,PF,Centro-Oeste,44.9,0,10,23,559.25,7.0,0,0,0,E-mail,0,desconto_pecas
C00225,Transit,2015,106895,PF,Nordeste,35.9,0,3,60,,5.0,0,0,0,WhatsApp,1,revisao_preco_fixo
C09881,Ka,2019,247698,PJ_Frota,Sudeste,8.9,0,16,17,1062.73,7.0,0,0,0,,0,desconto_pecas
C05260,Territory,2014,433995,PJ_Frota,Sudeste,4.6,0,17,27,622.75,4.0,0,0,0,App FordPass,1,desconto_pecas
C06782,Territory,2019,115573,PF,Sudeste,23.4,0,4,41,902.92,8.0,0,0,1,App FordPass,1,revisao_preco_fixo
C07519,Ka,2016,141874,PF,Centro-Oeste,,0,2,59,856.5,9.0,1,0,0,Ligacao,1,checkup_gratuito
C01651,EcoSport,2017,82782,PF,Sul,11.7,0,3,38,1130.98,8.0,0,0,0,WhatsApp,0,checkup_gratuito
C07055,Ranger,2021,80085,PJ_Frota,Sudeste,19.7,0,8,12,1069.29,7.0,1,0,2,WhatsApp,0,plano_frota
C00898,Ka,2021,66487,PF,Sudeste,2.7,0,5,12,691.2,8.0,1,0,1,Ligacao,0,revisao_preco_fixo
C07917,Ka,2016,155312,PJ_Frota,Sudeste,3.9,0,3,13,728.3,5.0,0,0,1,Ligacao,1,desconto_pecas
C06417,EcoSport,2020,117521,PF,Nordeste,9.5,0,6,42,1139.15,9.0,0,0,0,WhatsApp,1,desconto_pecas
C01424,Ranger,2016,103971,PF,Sudeste,8.8,0,5,6,1455.81,8.0,0,0,0,Ligacao,1,pacote_revisoes
C08986,EcoSport,2014,202789,PF,Sudeste,,0,13,42,810.32,7.0,0,0,0,E-mail,1,desconto_pecas
C00865,Mustang,2022,87544,PF,Sudeste,13.6,0,3,1,1536.49,,1,0,1,App FordPass,0,revisao_preco_fixo
C05562,Ka,2021,34755,PF,Nordeste,10.5,0,1,4,552.17,6.0,0,1,2,Ligacao,1,desconto_pecas
C06186,Bronco Sport,2026,5473,PF,Sul,11.2,1,0,1,1119.22,9.0,0,0,0,Ligacao,0,pacote_revisoes
C06554,Ka,2021,70488,PF,Centro-Oeste,8.9,0,2,5,639.52,,0,0,0,E-mail,1,revisao_preco_fixo
C09040,Ka,2018,114901,PF,Sul,8.1,0,2,12,884.45,9.0,0,0,1,WhatsApp,1,desconto_pecas
C09012,Mustang,2023,25856,PF,Sul,,1,1,24,1902.52,8.0,0,0,0,Ligacao,0,pacote_revisoes
C02913,Territory,2026,5703,PF,norte,53.6,1,0,13,572.87,6.0,1,1,2,App FordPass,1,checkup_gratuito
C09567,Maverick,2025,13931,PF,Sudeste,9.8,1,1,1,810.19,8.0,1,0,0,App FordPass,0,pacote_revisoes
C06537,Territory,2024,25439,PF,Centro-Oeste,8.0,1,2,4,726.95,6.0,0,0,0,WhatsApp,0,pacote_revisoes
C04076,Territory,2020,74932,PF,Sudeste,8.8,0,3,30,962.12,6.0,0,0,1,E-mail,0,revisao_preco_fixo
C01174,Ranger,2024,63735,PJ_Frota,Sul,18.8,1,6,23,677.2,,1,0,1,App FordPass,0,pacote_revisoes
C01388,Mustang,2023,48020,PF,Sudeste,6.1,1,1,8,1844.91,8.0,1,0,0,WhatsApp,0,pacote_revisoes
C01435,Transit,2023,38595,PF,Sul,10.9,1,3,0,1258.17,7.0,1,0,1,App FordPass,0,pacote_revisoes
C04998,EcoSport,2015,156515,PF,SUDESTE,31.5,0,10,1,823.27,10.0,0,0,0,E-mail,0,desconto_pecas
C05551,Ka,2016,204867,PF,Sudeste,6.3,0,16,44,693.86,,0,0,0,WhatsApp,1,checkup_gratuito
C06622,Ka,2014,103714,PF,Nordeste,17.6,0,7,50,,9.0,0,0,0,E-mail,1,checkup_gratuito
C09344,Territory,2018,57948,PF,Nordeste,24.6,0,3,6,972.37,5.0,1,0,0,App FordPass,1,checkup_gratuito
C00354,Ranger,2018,258768,PJ_Frota,Sul,8.1,0,8,1,1782.83,,0,0,0,WhatsApp,0,desconto_pecas
C09551,Ka,2016,481545,PJ_Frota,Sudeste,13.8,0,6,14,600.85,6.0,0,0,0,E-mail,0,desconto_pecas
C00915,Transit,2019,171250,PJ_Frota,Norte,8.9,0,7,7,672.68,,1,0,0,WhatsApp,0,desconto_pecas
C04807,Territory,2018,99481,PF,Sudeste,3.2,0,6,21,897.73,5.0,0,0,1,WhatsApp,1,checkup_gratuito
C09652,Ka,2014,156258,PF,Sul,15.4,0,8,38,629.97,9.0,0,0,0,App FordPass,1,desconto_pecas
C03188,Ka,2019,124426,PF,Sudeste,4.0,0,0,39,694.89,6.0,0,0,0,E-mail,1,revisao_preco_fixo
C04611,EcoSport,2017,104705,PF,Sudeste,9.1,0,9,60,,7.0,0,0,1,App FordPass,1,checkup_gratuito
C05367,Maverick,2023,21152,PF,Sul,15.7,1,2,8,1137.29,,1,0,3,App FordPass,0,pacote_revisoes
C08745,Ranger,2017,238576,PJ_Frota,norte,28.0,0,19,49,761.26,10.0,1,0,0,App FordPass,0,desconto_pecas
C07060,Ka,2015,99823,PF,Norte,35.1,0,5,60,480.1,6.0,1,0,1,App FordPass,1,desconto_pecas
C09186,Bronco Sport,2026,4557,PF,Norte,72.1,1,0,1,912.95,10.0,0,0,0,WhatsApp,0,pacote_revisoes
C00067,EcoSport,2014,146282,PF,Norte,130.2,0,1,8,855.16,4.0,0,0,0,E-mail,1,desconto_pecas
C00699,EcoSport,2021,48746,PF,Centro-Oeste,18.8,0,4,44,719.82,9.0,0,1,0,WhatsApp,1,checkup_gratuito
C02297,Ka,2018,57944,PF,Sudeste,5.6,0,5,33,501.2,10.0,0,0,0,App FordPass,1,checkup_gratuito
C02043,Transit,2022,90510,PJ_Frota,Sudeste,4.4,0,4,5,511.96,7.0,1,0,0,WhatsApp,0,plano_frota
C03422,Territory,2019,144421,PF,Norte,34.5,0,7,15,619.73,8.0,0,0,0,WhatsApp,0,desconto_pecas
C06237,Territory,2015,213474,PF,Sul,7.5,0,6,60,1320.14,7.0,1,0,0,App FordPass,1,checkup_gratuito
C09626,EcoSport,2017,168264,PF,Nordeste,25.4,0,14,0,,10.0,1,0,0,App FordPass,0,desconto_pecas
C08863,Territory,2022,95352,PF,Centro-Oeste,28.3,0,1,3,705.63,4.0,0,0,0,WhatsApp,1,revisao_preco_fixo
C06703,Ka,2015,171687,PF,Nordeste,25.7,0,5,10,496.23,8.0,0,0,1,App FordPass,1,desconto_pecas
C05123,Ranger,2014,196574,PF,Nordeste,7.2,0,3,18,1801.27,9.0,0,0,0,App FordPass,1,desconto_pecas
C04919,Ranger,2020,196614,PJ_Frota,Sul,20.5,0,12,23,1138.18,7.0,0,1,0,WhatsApp,0,plano_frota
C01011,Territory,2014,130335,PF,Centro Oeste,84.4,0,1,52,1655.51,5.0,0,0,0,WhatsApp,1,checkup_gratuito
C09827,Ranger,2024,25506,PF,Sudeste,,1,1,4,1070.92,5.0,1,0,0,App FordPass,0,pacote_revisoes
C05511,Ranger,2024,25619,PF,Nordeste,,1,1,10,936.04,7.0,0,0,1,WhatsApp,0,pacote_revisoes
C05682,Ka,2017,94288,PF,Sudeste,8.7,0,2,60,565.49,5.0,0,0,0,WhatsApp,1,checkup_gratuito
C05396,EcoSport,2014,186939,PF,Centro-Oeste,10.7,0,8,4,947.46,4.0,0,0,0,E-mail,1,desconto_pecas
C04771,Ranger,2017,212270,PJ_Frota,Nordeste,7.0,0,18,42,1355.98,8.0,0,0,0,WhatsApp,1,plano_frota
C07507,Maverick,2025,13992,PF,Sudeste,11.4,1,0,0,824.08,,1,0,1,App FordPass,0,pacote_revisoes
C07775,Ranger,2018,76090,PF,Sudeste,26.8,0,5,41,1753.15,10.0,1,0,0,Ligacao,0,desconto_pecas
C02721,Maverick,2014,140066,PF,Sudeste,12.9,0,12,9,1247.74,10.0,0,0,0,Ligacao,0,revisao_preco_fixo
C03565,Maverick,2019,254144,PJ_Frota,Nordeste,25.3,0,11,19,1503.82,7.0,0,0,0,WhatsApp,1,revisao_preco_fixo
C09905,Bronco Sport,2019,228803,PJ_Frota,Norte,34.6,0,5,24,1100.67,4.0,1,0,0,WhatsApp,0,plano_frota
C09538,Bronco Sport,2025,15194,PF,Sudeste,12.3,1,1,2,798.9,7.0,1,0,0,App FordPass,0,desconto_pecas
C06472,Transit,2023,97916,PJ_Frota,Sudeste,5.0,1,7,1,839.44,5.0,0,0,0,WhatsApp,0,plano_frota
C01841,Territory,2019,73348,PF,Centro-Oeste,16.2,0,6,2,490.46,,0,0,0,Ligacao,1,revisao_preco_fixo
C02656,Ranger,2021,114100,PJ_Frota,Sudeste,17.2,0,9,14,973.94,6.0,0,0,0,WhatsApp,0,plano_frota
C02159,Ka,2018,86117,PF,norte,32.8,0,3,1,616.34,6.0,0,0,0,E-mail,1,desconto_pecas
C05667,Mustang,2022,46808,PF,Norte,52.9,0,2,4,1172.44,0.0,0,0,1,Ligacao,1,revisao_preco_fixo
C07993,Maverick,2023,27657,PF,Sudeste,12.5,1,2,23,728.58,8.0,1,0,0,App FordPass,0,pacote_revisoes
C07605,Transit,2020,51274,PJ_Frota,Sul,10.9,0,3,40,1254.27,7.0,0,0,0,Ligacao,1,plano_frota
C06063,Ranger,2019,121006,PF,Sudeste,9.2,0,9,11,1009.91,9.0,1,0,0,WhatsApp,0,revisao_preco_fixo
C08218,Ranger,2019,157621,PF,Sudeste,9.9,0,1,11,770.22,6.0,0,0,1,E-mail,1,checkup_gratuito
C04244,Bronco Sport,2024,26160,PF,Sudeste,31.2,1,1,0,1401.78,5.0,0,0,1,E-mail,0,desconto_pecas
C08830,Ka,2021,45691,PF,Centro-Oeste,13.5,0,4,19,,,0,0,0,App FordPass,0,revisao_preco_fixo
C07344,EcoSport,2021,95147,PF,Sudeste,,0,4,25,456.49,7.0,0,0,0,Ligacao,1,checkup_gratuito
C06519,EcoSport,2020,75526,PF,Nordeste,34.7,0,5,32,478.44,,0,0,1,WhatsApp,1,revisao_preco_fixo
C01952,Bronco Sport,2016,48606,PF,Sudeste,5.4,0,7,42,1589.5,8.0,0,0,0,WhatsApp,1,revisao_preco_fixo
C04626,Maverick,2020,114796,PF,Nordeste,14.8,0,6,6,1262.07,7.0,0,1,0,WhatsApp,1,checkup_gratuito
C05082,Ranger,2016,126463,PF,Sudeste,6.3,0,2,60,2012.85,,0,0,0,WhatsApp,1,desconto_pecas
C00682,Ka,2014,101891,PF,Centro-Oeste,30.3,0,5,1,690.2,8.0,0,0,0,Ligacao,0,desconto_pecas
C00189,EcoSport,2019,106698,PF,Sudeste,14.5,0,4,16,996.99,7.0,0,0,0,WhatsApp,0,checkup_gratuito
C09300,Maverick,2023,88224,PJ_Frota,Nordeste,13.0,1,6,16,,9.0,1,0,0,E-mail,0,plano_frota
C00785,Ranger,2015,111241,PF,Centro-Oeste,17.8,0,6,58,1521.28,10.0,0,0,0,Ligacao,1,checkup_gratuito
C00763,Ka,2018,71643,PF,Centro-Oeste,25.8,0,0,4,575.54,6.0,0,0,1,WhatsApp,0,desconto_pecas
C00766,Ka,2014,105519,PF,Sudeste,6.1,0,4,20,911.71,2.0,0,0,1,WhatsApp,1,checkup_gratuito
C01822,Ranger,2017,273967,PJ_Frota,Nordeste,45.4,0,13,60,1345.47,9.0,0,0,0,WhatsApp,1,desconto_pecas
C08569,Maverick,2021,55270,PF,Sul,5.8,0,2,12,498.77,8.0,0,0,0,App FordPass,0,revisao_preco_fixo
C01941,Ranger,2023,37983,PF,Sul,11.8,1,2,2,718.94,6.0,0,1,1,WhatsApp,0,pacote_revisoes
C08928,Ranger,2016,87441,PF,Nordeste,13.0,0,6,57,999.15,8.0,0,0,0,App FordPass,1,checkup_gratuito
C08219,Maverick,2015,192465,PF,Sudeste,2.1,0,14,5,1075.34,4.0,0,0,1,E-mail,0,desconto_pecas
C01893,Ka,2018,257638,PJ_Frota,Nordeste,15.3,0,17,26,803.62,7.0,1,0,0,Ligacao,1,plano_frota
C01729,Ranger,2017,59200,PF,Sudeste,8.1,0,4,1,1073.42,8.0,0,0,0,WhatsApp,0,desconto_pecas
C07493,Ka,2016,215890,PF,Sudeste,6.8,0,11,51,811.39,7.0,0,1,0,,1,pacote_revisoes
C01292,Ranger,2021,137639,PJ_Frota,SUDESTE,8.1,0,7,7,1053.74,7.0,1,0,0,WhatsApp,0,plano_frota
C03172,Bronco Sport,2017,119766,PF,Centro-Oeste,32.4,0,6,13,1031.91,7.0,0,0,1,WhatsApp,0,desconto_pecas
C09207,Ranger,2015,108993,PF,Centro-Oeste,38.9,0,5,60,1470.28,7.0,0,0,0,WhatsApp,1,checkup_gratuito
C00358,Ranger,2021,56346,PF,Nordeste,15.0,0,4,2,1031.37,6.0,0,0,0,Ligacao,0,revisao_preco_fixo
C06614,Transit,2026,7099,PJ_Frota,Sudeste,10.3,1,0,1,695.32,8.0,0,0,0,E-mail,0,plano_frota
C07615,Maverick,2021,100920,PF,Nordeste,6.4,0,4,33,752.16,7.0,0,0,0,Ligacao,1,revisao_preco_fixo
C04087,Territory,2026,5345,PF,Sudeste,8.2,1,0,2,389.98,10.0,1,0,0,App FordPass,0,pacote_revisoes
C03641,Ka,2014,92296,PF,Nordeste,14.7,0,10,60,,,0,0,0,App FordPass,1,checkup_gratuito
C08843,Territory,2014,257880,PF,Sudeste,1.2,0,17,20,1689.7,,0,0,2,WhatsApp,1,desconto_pecas
C07531,Ka,2020,116915,PJ_Frota,Nordeste,7.0,0,6,52,721.07,7.0,0,0,0,E-mail,0,plano_frota
C02340,Ka,2019,235401,PF,sul,8.0,0,15,19,,7.0,1,0,1,Ligacao,0,desconto_pecas
C04421,Ka,2014,147794,PF,Sul,6.5,0,12,14,442.9,10.0,1,0,0,E-mail,0,desconto_pecas
C04129,Mustang,2019,94479,PF,Sudeste,8.3,0,3,15,1680.79,,0,0,0,Ligacao,0,revisao_preco_fixo
C04425,Ranger,2021,50556,PF,Sul,20.3,0,0,10,1247.29,7.0,1,0,0,E-mail,1,revisao_preco_fixo
C06146,Bronco Sport,2026,4707,PF,Sudeste,6.9,1,0,15,1172.47,8.0,1,0,0,WhatsApp,0,pacote_revisoes
C08955,Ranger,2024,82496,PJ_Frota,Nordeste,13.6,1,6,0,953.26,8.0,1,0,0,WhatsApp,0,plano_frota
C09851,Territory,2015,122549,PF,Centro-Oeste,37.5,0,8,5,1074.05,5.0,0,0,0,WhatsApp,0,desconto_pecas
C05624,Ka,2015,127092,PF,Sudeste,4.1,0,5,53,624.19,7.0,0,0,0,App FordPass,1,checkup_gratuito
C09008,Territory,2025,6834,PF,Sudeste,11.7,1,0,7,475.71,,1,0,1,WhatsApp,0,pacote_revisoes
C07726,Ka,2017,131844,PF,Sudeste,7.8,0,7,0,906.65,5.0,0,0,0,WhatsApp,1,revisao_preco_fixo
C02783,EcoSport,2015,210354,PJ_Frota,Sul,10.2,0,9,60,646.3,6.0,0,0,1,WhatsApp,1,plano_frota
C07446,Territory,2019,77423,PF,Sudeste,5.4,0,0,22,1095.48,7.0,0,1,1,Ligacao,0,checkup_gratuito
C05632,Ranger,2021,50626,PF,Sudeste,3.3,0,3,8,1093.44,8.0,1,0,1,WhatsApp,0,revisao_preco_fixo
C05983,EcoSport,2020,55797,PF,Sudeste,33.1,0,2,8,295.65,6.0,0,0,0,WhatsApp,1,checkup_gratuito
C02230,EcoSport,2020,62199,PF,Sul,12.3,0,6,15,561.13,7.0,0,0,0,WhatsApp,0,revisao_preco_fixo
C01386,Bronco Sport,2025,9730,PF,Sudeste,18.6,1,1,4,991.2,5.0,1,0,0,WhatsApp,0,pacote_revisoes
C09705,Ka,2016,97997,PF,Nordeste,16.3,0,2,12,849.68,8.0,0,0,2,,0,revisao_preco_fixo
C09977,Maverick,2019,131438,PF,Sudeste,4.9,0,10,54,831.28,9.0,0,0,0,App FordPass,1,checkup_gratuito
C02156,Ka,2018,95192,PJ_Frota,Centro-Oeste,16.7,0,3,40,640.39,4.0,0,0,0,App FordPass,1,plano_frota
C04461,Ranger,2015,259670,PJ_Frota,Nordeste,17.1,0,11,27,1713.22,6.0,0,1,1,E-mail,0,desconto_pecas
C02298,Ka,2014,133984,PF,Sudeste,3.7,0,7,25,1073.74,5.0,0,1,0,E-mail,0,desconto_pecas
C04782,Mustang,2018,159130,PF,Sul,8.3,0,5,4,1691.34,6.0,0,0,0,E-mail,0,desconto_pecas
C08704,Ranger,2017,189791,PJ_Frota,Sudeste,4.3,0,11,49,1174.39,9.0,0,0,0,WhatsApp,1,plano_frota
C05357,Ranger,2015,140304,PF,Sudeste,7.8,0,11,40,1877.6,8.0,0,0,1,,1,desconto_pecas
C09298,Territory,2019,82657,PF,SUDESTE,5.2,0,4,19,1172.79,7.0,0,0,2,WhatsApp,1,revisao_preco_fixo
C07620,EcoSport,2015,135353,PF,Sudeste,13.4,0,10,0,790.54,8.0,0,0,0,Ligacao,0,desconto_pecas
C03714,Maverick,2014,222146,PF,Nordeste,13.4,0,11,14,1655.07,8.0,0,0,0,Ligacao,1,desconto_pecas
C02884,Ranger,2021,129716,PJ_Frota,Norte,40.9,0,3,15,1743.57,,1,0,0,App FordPass,0,desconto_pecas
C06774,Ranger,2020,126778,PF,Sul,18.8,0,3,56,1281.64,7.0,1,0,1,App FordPass,1,revisao_preco_fixo
C08274,EcoSport,2018,94924,PF,Sudeste,,0,5,25,569.53,8.0,0,0,0,Ligacao,1,desconto_pecas
C05501,Ranger,2019,86717,PF,Norte,70.4,0,4,32,1238.58,8.0,0,0,0,App FordPass,1,revisao_preco_fixo
C04788,Ka,2019,103003,PF,sul,,0,3,17,624.35,8.0,0,0,0,App FordPass,1,revisao_preco_fixo
C02795,Territory,2015,360397,PJ_Frota,Nordeste,12.6,0,15,45,1813.13,7.0,0,0,2,WhatsApp,1,desconto_pecas
C07092,Maverick,2018,86173,PF,Nordeste,13.5,0,7,17,859.88,9.0,0,0,0,App FordPass,0,desconto_pecas
C00726,EcoSport,2017,130320,PF,Nordeste,11.6,0,9,53,1585.3,,1,0,0,App FordPass,1,revisao_preco_fixo
C09867,Maverick,2022,78015,PJ_Frota,Sudeste,12.7,0,3,11,874.38,5.0,0,0,0,App FordPass,0,plano_frota
C03457,Mustang,2014,131559,PF,Nordeste,17.8,0,4,2,1356.62,8.0,0,0,0,WhatsApp,0,desconto_pecas
C08900,Ka,2016,183923,PF,Nordeste,3.7,0,9,7,1197.33,,0,0,0,App FordPass,0,desconto_pecas
C05549,Ranger,2021,54772,PF,Nordeste,34.1,0,2,9,,8.0,1,0,1,App FordPass,0,desconto_pecas
C06020,Transit,2024,48602,PJ_Frota,Sudeste,3.5,1,4,8,1142.94,6.0,0,0,2,App FordPass,0,pacote_revisoes
C04146,Ka,2019,-120287,PF,Sudeste,11.5,0,4,2,511.94,9.0,0,0,0,App FordPass,0,desconto_pecas
C06337,EcoSport,2015,133016,PF,Centro Oeste,22.2,0,10,58,827.48,8.0,0,0,0,Ligacao,1,checkup_gratuito
C02804,Ka,2016,129308,PF,Nordeste,22.2,0,5,60,1249.51,8.0,0,0,0,E-mail,1,desconto_pecas
C09243,EcoSport,2021,55228,PF,Nordeste,8.8,0,3,30,749.41,9.0,0,0,1,App FordPass,1,desconto_pecas
C05859,EcoSport,2020,65597,PF,Norte,14.2,0,3,14,1274.26,,1,0,0,Ligacao,1,pacote_revisoes
C03042,Bronco Sport,2014,100528,PF,Sudeste,,0,8,60,947.55,6.0,0,0,0,Ligacao,1,revisao_preco_fixo
C08329,Ranger,2026,4508,PF,Sudeste,1.8,1,0,6,409.62,6.0,0,0,0,App FordPass,0,pacote_revisoes
C09828,Ranger,2017,137226,PF,Sudeste,3.9,0,10,50,410.3,,0,0,0,Ligacao,0,checkup_gratuito
C06083,Ka,2014,136331,PF,Centro-Oeste,46.5,0,3,7,577.63,,0,0,0,WhatsApp,1,revisao_preco_fixo
C09497,Ka,2021,83785,PF,Centro-Oeste,33.5,0,4,29,,,0,0,1,App FordPass,1,checkup_gratuito
C00673,Bronco Sport,2025,21163,PJ_Frota,Nordeste,10.8,1,1,13,815.55,8.0,0,0,0,App FordPass,0,plano_frota
C09558,Ranger,2014,124016,PF,Centro-Oeste,22.6,0,5,48,1046.2,7.0,0,0,0,App FordPass,1,desconto_pecas
C00752,EcoSport,2018,173002,PJ_Frota,Nordeste,56.6,0,10,3,643.52,,0,1,1,WhatsApp,0,plano_frota
C06322,Maverick,2017,154681,PF,Sudeste,3.3,0,5,60,787.0,,1,0,0,App FordPass,1,checkup_gratuito
C03405,Maverick,2017,77262,PF,Sul,10.5,0,6,48,901.2,5.0,0,0,2,Ligacao,1,checkup_gratuito
C06120,Ka,2019,136914,PF,Sudeste,3.6,0,8,60,585.79,10.0,0,1,0,App FordPass,1,checkup_gratuito
C03137,Ka,2021,74319,PF,Sudeste,4.1,0,4,1,792.06,8.0,0,0,0,WhatsApp,0,revisao_preco_fixo
C01027,Ranger,2025,7539,PF,Centro-Oeste,14.1,1,1,28,1387.52,6.0,1,0,0,WhatsApp,0,plano_frota
C09864,Ka,2020,40193,PF,Centro-Oeste,27.8,0,2,20,518.98,7.0,1,0,0,E-mail,0,checkup_gratuito
C03018,EcoSport,2019,57147,PF,Sudeste,11.9,0,7,8,783.4,8.0,1,0,1,E-mail,0,desconto_pecas
C09669,Maverick,2025,12375,PF,Sudeste,9.5,1,0,7,890.47,,1,0,0,WhatsApp,0,pacote_revisoes
C06090,Ka,2020,60797,PF,Sudeste,10.2,0,4,2,1227.42,7.0,0,0,0,WhatsApp,0,pacote_revisoes
C09543,Ranger,2021,65161,PF,Sul,7.6,0,2,1,599.04,7.0,0,0,0,Ligacao,0,desconto_pecas
C00802,Mustang,2018,158881,PF,Sul,10.2,0,4,60,2180.59,10.0,0,0,0,Ligacao,1,checkup_gratuito
C03994,EcoSport,2019,88729,PF,Sudeste,1.5,0,8,4,889.31,7.0,0,0,0,E-mail,0,revisao_preco_fixo
C00387,Transit,2024,65264,PJ_Frota,Nordeste,3.2,1,4,4,1429.61,7.0,0,0,0,WhatsApp,0,pacote_revisoes
C05369,EcoSport,2017,111254,PF,Sudeste,26.9,0,5,60,722.49,9.0,0,0,0,App FordPass,1,desconto_pecas
C03598,Transit,2017,101770,PF,Sudeste,5.0,0,8,7,1038.26,3.0,0,0,1,Ligacao,1,checkup_gratuito
C03277,Ranger,2020,59441,PF,Norte,24.3,0,4,52,1435.8,4.0,0,0,0,E-mail,1,revisao_preco_fixo
C05102,Ka,2020,159120,PF,Nordeste,11.1,0,8,34,714.21,10.0,0,0,1,App FordPass,0,revisao_preco_fixo
C04903,Maverick,2023,22195,PF,Sudeste,4.1,1,3,25,1019.44,7.0,1,0,1,App FordPass,0,pacote_revisoes
C07642,EcoSport,2018,88961,PF,Sul,12.3,0,2,26,730.04,9.0,1,0,2,App FordPass,1,revisao_preco_fixo
C08113,Bronco Sport,2019,88851,PF,Sudeste,8.9,0,6,16,1789.93,6.0,1,0,0,App FordPass,1,desconto_pecas
C09656,Ranger,2015,130029,PF,Nordeste,4.2,0,11,39,1284.18,4.0,0,0,0,WhatsApp,1,checkup_gratuito
C07962,Territory,2014,154211,PF,SUDESTE,8.8,0,9,60,1426.09,7.0,0,0,1,Ligacao,1,checkup_gratuito
C00652,Territory,2023,27046,PF,Centro-Oeste,21.9,1,3,3,948.27,9.0,0,0,0,E-mail,0,pacote_revisoes
C05766,EcoSport,2016,174945,PF,SUDESTE,6.7,0,8,32,522.65,6.0,0,1,0,Ligacao,0,desconto_pecas
C06141,Ka,2017,256197,PJ_Frota,Sudeste,23.7,0,17,60,599.94,6.0,0,0,0,Ligacao,1,desconto_pecas
C05989,Ranger,2020,94214,PF,sul,18.6,0,7,18,762.26,10.0,1,0,0,WhatsApp,0,desconto_pecas
C03231,Ka,2015,282661,PF,Sul,7.8,0,10,12,409.17,8.0,1,0,0,Ligacao,1,desconto_pecas
C00566,Bronco Sport,2014,108875,PF,Sudeste,10.8,0,2,51,1191.09,,0,0,0,WhatsApp,1,checkup_gratuito
C01152,Ka,2020,55031,PF,Sudeste,5.5,0,3,10,694.94,10.0,0,0,0,App FordPass,0,revisao_preco_fixo
C08520,Territory,2019,162425,PF,Sudeste,6.7,0,13,29,840.03,8.0,1,0,0,Ligacao,1,revisao_preco_fixo
C00601,Bronco Sport,2026,4399,PF,Nordeste,41.3,1,0,4,1155.93,6.0,1,0,1,WhatsApp,0,pacote_revisoes
C08607,Bronco Sport,2018,123252,PF,Nordeste,7.4,0,6,1,1225.78,,0,0,1,App FordPass,0,revisao_preco_fixo
C01016,Territory,2016,147783,PF,Sul,8.8,0,8,60,1065.12,7.0,0,0,1,E-mail,1,desconto_pecas
C02334,Ranger,2023,30659,PF,Sudeste,7.2,1,3,1,754.1,8.0,0,1,1,WhatsApp,0,pacote_revisoes
C08201,Transit,2016,363316,PJ_Frota,Sudeste,6.2,0,6,42,602.43,5.0,0,0,2,E-mail,1,desconto_pecas
C02315,EcoSport,2014,233350,PF,Sudeste,8.1,0,14,60,1251.59,7.0,0,0,0,E-mail,1,desconto_pecas
C09681,Ka,2014,178491,PF,Centro-Oeste,13.1,0,6,1,809.04,5.0,0,0,0,E-mail,1,desconto_pecas
C00951,EcoSport,2017,65563,PF,Norte,38.5,0,6,60,640.87,8.0,0,0,1,WhatsApp,1,checkup_gratuito
C06509,Territory,2019,36150,PF,Sudeste,15.1,0,2,6,883.22,7.0,1,0,0,App FordPass,0,revisao_preco_fixo
C06345,Territory,2016,192763,PF,Sudeste,3.7,0,17,60,749.48,10.0,0,0,0,WhatsApp,1,desconto_pecas
C09765,Ranger,2021,77232,PF,Centro-Oeste,16.0,0,3,9,1271.98,7.0,0,0,0,,1,revisao_preco_fixo
C08018,EcoSport,2019,189979,PJ_Frota,Nordeste,4.9,0,14,27,901.61,10.0,1,1,0,App FordPass,0,plano_frota
C00126,EcoSport,2019,84400,PF,Sudeste,16.1,0,2,8,1061.0,5.0,0,0,0,WhatsApp,0,revisao_preco_fixo
C09248,Territory,2025,9215,PF,Nordeste,8.5,1,1,2,,6.0,1,0,1,WhatsApp,0,pacote_revisoes
C00967,Ka,2015,121657,PF,Norte,11.9,0,2,28,414.84,6.0,0,0,0,WhatsApp,1,revisao_preco_fixo
C09379,Ka,2021,87667,PF,Nordeste,5.0,0,2,2,1352.27,5.0,1,1,0,App FordPass,0,revisao_preco_fixo
C00320,Mustang,2022,67136,PF,Centro-Oeste,11.3,0,4,11,1141.79,6.0,1,0,0,E-mail,0,revisao_preco_fixo
C06685,EcoSport,2014,267888,PF,Nordeste,11.5,0,11,2,888.97,7.0,0,0,1,WhatsApp,1,desconto_pecas
C06154,Ranger,2018,145056,PF,Sul,14.4,0,2,1,1307.6,5.0,1,0,1,WhatsApp,0,desconto_pecas
C03444,Maverick,2017,171760,PF,Sudeste,3.2,0,14,30,1519.65,7.0,1,0,0,App FordPass,1,checkup_gratuito
C06013,Territory,2025,19465,PF,Sudeste,9.1,1,1,6,937.41,7.0,1,0,1,E-mail,0,pacote_revisoes
C01603,Maverick,2024,22721,PF,Norte,140.8,1,0,2,739.15,7.0,0,0,0,WhatsApp,1,pacote_revisoes
C00665,Bronco Sport,2019,74484,PF,Nordeste,16.2,0,3,11,1123.57,8.0,0,0,0,Ligacao,0,revisao_preco_fixo
C02856,Territory,2026,2224,PF,Sudeste,,1,0,1,729.75,6.0,1,0,3,App FordPass,0,pacote_revisoes
C06564,Ranger,2023,28647,PF,Norte,15.0,1,2,0,1659.27,8.0,0,1,0,Ligacao,0,pacote_revisoes
C03933,Ka,2020,73173,PF,Sul,15.3,0,0,43,1262.2,6.0,0,0,1,WhatsApp,1,checkup_gratuito
C03520,Ranger,2019,121089,PF,Nordeste,8.5,0,10,12,1624.02,3.0,0,0,1,E-mail,0,revisao_preco_fixo
C05453,Ka,2019,116599,PF,Sudeste,2.3,0,7,19,1250.31,,0,0,0,Ligacao,0,revisao_preco_fixo
C01438,Transit,2015,273689,PJ_Frota,Nordeste,5.3,0,18,2,1841.73,,0,0,0,WhatsApp,0,desconto_pecas
C01332,Ranger,2015,102956,PF,Sudeste,27.2,0,8,28,1711.19,7.0,0,0,0,WhatsApp,1,desconto_pecas
C06353,Ranger,2022,134131,PF,Centro-Oeste,30.0,0,5,15,1353.68,10.0,1,0,0,App FordPass,1,revisao_preco_fixo
C02570,Ka,2015,123760,PF,Nordeste,10.3,0,5,12,651.26,6.0,0,0,0,WhatsApp,1,desconto_pecas
C09038,Ranger,2019,244320,PJ_Frota,Sul,7.5,0,10,58,1349.43,6.0,1,0,0,WhatsApp,1,checkup_gratuito
C06298,EcoSport,2016,110080,PF,Sudeste,15.2,0,9,7,784.42,8.0,0,0,0,Ligacao,0,desconto_pecas
C07331,Mustang,2022,57623,PF,Sudeste,11.4,0,3,4,2213.45,5.0,0,0,0,Ligacao,0,revisao_preco_fixo
C01053,Ka,2016,82075,PF,Sudeste,4.3,0,1,60,1075.67,8.0,0,0,0,WhatsApp,1,revisao_preco_fixo
C07133,Ranger,2016,152897,PF,Sudeste,20.7,0,7,42,2414.96,8.0,0,0,0,WhatsApp,1,revisao_preco_fixo
C04298,Ranger,2016,554714,PJ_Frota,Sudeste,9.9,0,12,39,1802.65,,0,0,0,App FordPass,1,desconto_pecas
C02829,Bronco Sport,2021,168926,PJ_Frota,Sudeste,10.9,0,5,38,914.14,5.0,0,0,0,App FordPass,1,revisao_preco_fixo
C02048,Ka,2017,175418,PF,Sul,15.7,0,4,60,,7.0,0,0,0,WhatsApp,1,checkup_gratuito
C08285,Ka,2021,59308,PF,Sul,3.3,0,4,1,888.34,7.0,1,0,0,E-mail,0,revisao_preco_fixo
C02041,Maverick,2021,61209,PF,Centro-Oeste,41.7,0,3,11,860.67,6.0,0,0,0,WhatsApp,1,revisao_preco_fixo
C06707,Ranger,2022,36419,PF,Sul,22.6,0,1,1,1440.45,,0,0,0,WhatsApp,0,revisao_preco_fixo
C01866,Transit,2019,90565,PF,Sudeste,4.7,0,2,2,1344.84,9.0,0,0,0,App FordPass,0,revisao_preco_fixo
C06588,Maverick,2021,52855,PF,Nordeste ,20.9,0,3,3,845.92,,1,0,0,App FordPass,0,revisao_preco_fixo
C07367,Maverick,2016,163412,PF,Sudeste,9.5,0,13,19,680.89,10.0,0,0,0,WhatsApp,0,desconto_pecas
C02943,Ka,2016,264083,PF,Centro-Oeste,65.6,0,6,40,596.45,7.0,0,0,1,WhatsApp,1,desconto_pecas
C00758,Ka,2019,49076,PF,Norte,,0,1,7,592.83,,1,0,2,Ligacao,1,revisao_preco_fixo
C07557,EcoSport,2015,96564,PF,Centro-Oeste,,0,3,39,1802.78,8.0,0,0,0,WhatsApp,1,revisao_preco_fixo
C00014,Ranger,2017,280661,PJ_Frota,Norte,33.2,0,18,3,1071.68,5.0,0,0,1,App FordPass,0,desconto_pecas
C03280,Territory,2026,2806,PF,Sudeste,18.9,1,0,5,1007.52,5.0,0,0,2,Ligacao,1,pacote_revisoes
C08618,Ka,2017,90488,PF,Sul,7.5,0,5,29,771.97,8.0,0,0,1,WhatsApp,1,checkup_gratuito
C00813,Territory,2014,268412,PF,Nordeste,10.0,0,12,26,1237.03,8.0,0,0,1,App FordPass,1,desconto_pecas
C03502,Ka,2020,304202,PJ_Frota,Sul,12.2,0,15,48,408.18,,0,0,1,WhatsApp,0,checkup_gratuito
C00796,Ka,2014,249478,PF,Sudeste,3.2,0,20,60,1010.41,9.0,0,0,0,WhatsApp,1,desconto_pecas
C06033,Ka,2020,69248,PF,Sudeste,6.0,0,0,1,283.13,,0,0,2,WhatsApp,1,revisao_preco_fixo
C02242,Ranger,2021,113256,PJ_Frota,Sul,9.7,0,7,1,904.59,7.0,1,0,0,Ligacao,0,plano_frota
C03645,Bronco Sport,2020,56853,PF,Nordeste,25.7,0,4,3,792.83,7.0,1,1,0,App FordPass,0,desconto_pecas
C03138,Bronco Sport,2020,99902,PF,Sudeste,12.3,0,3,3,764.6,,1,0,1,E-mail,1,pacote_revisoes
C05006,Bronco Sport,2021,102420,PF,SUDESTE,9.0,0,8,7,,,0,0,0,,0,desconto_pecas
C04040,Ranger,2019,44096,PF,Sul,17.3,0,5,6,,10.0,0,0,0,WhatsApp,0,revisao_preco_fixo
C09936,EcoSport,2014,115160,PF,Sudeste,15.6,0,7,18,826.22,9.0,0,0,0,WhatsApp,1,desconto_pecas
C08279,EcoSport,2017,142613,PF,Sudeste,6.1,0,8,2,553.33,5.0,0,0,0,App FordPass,0,desconto_pecas
C06790,Ranger,2016,144511,PF,Nordeste,5.4,0,12,26,1661.64,6.0,0,0,2,E-mail,1,desconto_pecas
C06740,Territory,2023,34084,PF,Nordeste,25.1,1,3,4,1040.63,8.0,0,0,1,Ligacao,0,pacote_revisoes
C04339,Maverick,2019,103325,PF,Sudeste,10.1,0,5,8,,,0,1,0,E-mail,0,revisao_preco_fixo
C07086,Bronco Sport,2025,15009,PF,Sul,13.3,1,1,29,1095.11,4.0,1,1,1,App FordPass,0,checkup_gratuito
C06945,Bronco Sport,2019,57203,PF,Centro-Oeste,28.6,0,2,25,1347.12,7.0,0,0,0,Ligacao,1,desconto_pecas
C06725,Ranger,2014,134650,PF,Sudeste,7.3,0,5,58,,5.0,0,1,1,Ligacao,1,checkup_gratuito
C07038,Mustang,2021,83811,PF,Sudeste,6.9,0,2,10,1174.62,7.0,1,0,0,WhatsApp,1,revisao_preco_fixo
C07902,Transit,2018,257974,PJ_Frota,Norte,52.5,0,6,40,1020.3,7.0,0,0,0,WhatsApp,1,plano_frota
C06218,Ka,2014,151542,PF,Nordeste,19.9,0,6,60,1550.95,,0,0,0,E-mail,1,checkup_gratuito
C04963,EcoSport,2017,105061,PF,Norte,34.1,0,5,9,394.96,8.0,1,0,0,Ligacao,0,desconto_pecas
C07789,EcoSport,2018,96347,PF,Sudeste,15.4,0,9,43,1044.93,7.0,0,0,1,WhatsApp,0,desconto_pecas
C08252,Bronco Sport,2026,3053,PF,Sul,9.5,1,0,7,1345.31,6.0,0,0,0,WhatsApp,0,pacote_revisoes
C07287,Ka,2020,71717,PF,Nordeste,15.0,0,3,13,487.1,4.0,1,0,1,WhatsApp,0,pacote_revisoes
C02237,EcoSport,2016,117618,PF,Sudeste,,0,5,18,727.67,10.0,0,0,0,Ligacao,0,desconto_pecas
C09215,Bronco Sport,2016,80982,PF,Norte,,0,3,20,1454.56,8.0,0,0,0,WhatsApp,1,desconto_pecas
C07985,EcoSport,2017,80934,PF,Sudeste,13.8,0,5,8,829.71,7.0,0,0,0,WhatsApp,0,desconto_pecas
C02258,Ka,2021,164840,PJ_Frota,Sudeste,6.2,0,4,8,551.24,7.0,0,0,0,Ligacao,0,plano_frota
C05955,Territory,2014,150500,PF,Centro-Oeste,39.6,0,0,55,976.86,5.0,0,0,0,WhatsApp,1,checkup_gratuito
C05978,Ka,2018,139347,PF,Sudeste,12.1,0,3,27,540.24,5.0,0,0,0,WhatsApp,1,checkup_gratuito
C05414,Bronco Sport,2021,78733,PF,Sudeste,12.6,0,0,22,777.66,9.0,0,0,0,WhatsApp,1,revisao_preco_fixo
C09930,Ka,2015,201872,PF,Norte,45.1,0,12,29,812.79,9.0,0,0,0,WhatsApp,0,desconto_pecas
C07077,Transit,2026,6961,PJ_Frota,Nordeste,28.7,1,0,7,880.84,4.0,1,0,0,WhatsApp,1,plano_frota
C03101,Ka,2021,70142,PF,Sudeste,8.2,0,7,9,766.88,3.0,0,0,1,WhatsApp,0,revisao_preco_fixo
C04316,Transit,2016,108497,PF,Nordeste,15.8,0,6,60,1201.34,,0,0,0,App FordPass,1,checkup_gratuito
C09021,Transit,2026,3854,PF,Sul,2.1,1,0,5,514.51,,1,0,0,App FordPass,0,pacote_revisoes
C08767,Transit,2016,231497,PJ_Frota,Centro-Oeste,13.1,0,11,60,980.59,8.0,0,0,0,WhatsApp,1,plano_frota
C00019,Territory,2025,7732,PF,Nordeste,19.2,1,1,9,742.99,7.0,0,0,0,App FordPass,0,pacote_revisoes
C01570,Ranger,2021,90616,PF,Centro-Oeste,6.8,0,7,12,1180.45,7.0,1,0,1,App FordPass,0,revisao_preco_fixo
C09324,Ranger,2021,43007,PF,Norte,31.3,0,2,10,738.98,7.0,0,0,0,WhatsApp,0,revisao_preco_fixo
C08432,Mustang,2020,127548,PF,Sul,6.4,0,11,45,2262.44,7.0,0,1,1,WhatsApp,1,revisao_preco_fixo
C00008,Ka,2015,141759,PF,Sudeste,5.8,0,11,60,577.51,,0,0,0,App FordPass,1,checkup_gratuito
C08386,Transit,2019,160859,PJ_Frota,Norte,58.4,0,1,14,2071.48,7.0,0,0,0,Ligacao,1,plano_frota
C04406,Mustang,2024,30495,PF,Sudeste,3.6,1,2,8,1097.46,,0,0,0,App FordPass,0,pacote_revisoes
C01883,Bronco Sport,2019,101222,PF,Norte,134.5,0,3,2,790.85,9.0,0,0,0,Ligacao,0,revisao_preco_fixo
C05133,Ranger,2022,83887,PF,Sul,5.3,0,4,1,1438.31,,1,1,1,App FordPass,0,revisao_preco_fixo
C03239,EcoSport,2017,144653,PF,Sudeste,7.5,0,7,7,556.25,6.0,0,1,1,App FordPass,0,revisao_preco_fixo
C03549,Maverick,2017,121515,PF,Sudeste,11.0,0,4,3,1662.44,6.0,1,0,1,WhatsApp,1,checkup_gratuito
C02357,Ranger,2026,4606,PF,Sudeste,8.4,1,0,10,647.29,8.0,0,0,0,WhatsApp,0,pacote_revisoes
C08447,Territory,2017,128590,PF,Sudeste,13.7,0,4,0,806.27,6.0,0,0,1,WhatsApp,0,revisao_preco_fixo
C03588,Bronco Sport,2018,75127,PF,Nordeste,25.0,0,3,0,1109.13,6.0,0,0,0,Ligacao,1,desconto_pecas
C02732,Ranger,2019,251022,PJ_Frota,Sudeste,3.8,0,12,48,1274.82,,0,0,0,E-mail,1,plano_frota
C03576,Maverick,2025,14142,PF,Sudeste,5.9,1,1,11,1474.32,8.0,0,0,0,App FordPass,0,pacote_revisoes
C09189,Territory,2017,107033,PF,Sul,11.8,0,5,1,577.78,10.0,0,0,0,E-mail,0,desconto_pecas
C07607,Ka,2014,197821,PF,Sudeste,7.8,0,14,7,394.47,,0,0,0,E-mail,0,desconto_pecas
C03426,Ka,2015,269091,PF,Norte,22.0,0,7,29,873.05,4.0,0,0,0,WhatsApp,1,desconto_pecas
C07866,Ka,2014,166314,PF,Sudeste,23.8,0,2,40,,3.0,0,0,2,WhatsApp,1,checkup_gratuito
C02785,Territory,2020,46352,PF,Sudeste,8.6,0,1,2,1331.35,7.0,1,0,1,App FordPass,0,revisao_preco_fixo
C03948,Maverick,2024,60053,PJ_Frota,Norte,81.2,1,5,0,1002.32,,0,0,0,Ligacao,1,plano_frota
C04957,EcoSport,2015,197860,PF,Sudeste,7.4,0,8,22,751.59,8.0,0,0,0,Ligacao,1,desconto_pecas
C06118,Maverick,2026,3379,PF,Norte,34.2,1,0,1,1031.8,9.0,1,0,1,WhatsApp,0,revisao_preco_fixo
C00990,Territory,2019,129051,PF,Nordeste,18.4,0,6,2,,9.0,1,0,0,WhatsApp,0,desconto_pecas
C06188,Territory,2019,189364,PF,Norte,52.8,0,7,19,1169.71,5.0,0,0,0,WhatsApp,1,revisao_preco_fixo
C09756,Bronco Sport,2018,86771,PF,Sudeste,8.9,0,6,12,405.13,8.0,0,0,1,E-mail,0,revisao_preco_fixo
C04133,Ranger,2024,53346,PJ_Frota,Sul,15.0,1,4,0,885.41,7.0,1,0,1,App FordPass,0,plano_frota
C09110,Transit,2024,15823,PF,Sudeste,9.2,1,0,10,630.4,8.0,1,0,0,App FordPass,0,pacote_revisoes
C00894,Bronco Sport,2019,45133,PF,Nordeste,10.2,0,3,15,726.36,6.0,0,0,0,WhatsApp,1,revisao_preco_fixo
C08948,Ranger,2025,14681,PF,Sul,5.4,1,0,5,1305.37,,1,0,1,WhatsApp,0,revisao_preco_fixo
C07544,Ranger,2023,73919,PJ_Frota,Nordeste,9.5,1,5,0,627.15,9.0,0,0,0,WhatsApp,0,pacote_revisoes
C00006,Bronco Sport,2016,110086,PF,Sudeste,9.5,0,3,60,778.32,,0,0,1,Ligacao,1,checkup_gratuito
C06980,Transit,2019,131765,PJ_Frota,Centro-Oeste,33.4,0,7,60,1311.27,7.0,0,0,1,WhatsApp,1,checkup_gratuito
C08319,Ranger,2019,94312,PF,Sudeste,11.3,0,5,30,831.35,6.0,0,0,0,App FordPass,1,checkup_gratuito
C07110,Transit,2017,137210,PF,Sul,6.5,0,5,3,929.21,7.0,0,1,1,Ligacao,0,desconto_pecas
C08147,EcoSport,2016,114919,PF,Centro Oeste,39.5,0,3,33,1010.24,8.0,0,0,0,WhatsApp,1,checkup_gratuito
C08989,Ranger,2025,17084,PF,Sudeste,,1,0,11,885.42,,0,0,0,E-mail,0,checkup_gratuito
C03295,Transit,2024,30230,PF,Sudeste,17.0,1,2,0,1115.56,9.0,1,0,0,App FordPass,0,pacote_revisoes
C03274,Bronco Sport,2026,4766,PF,Nordeste,10.2,1,0,5,929.46,,1,0,0,App FordPass,1,pacote_revisoes
C04307,EcoSport,2020,75857,PF,Norte,23.3,0,1,37,773.98,7.0,1,0,1,WhatsApp,0,revisao_preco_fixo
C00176,Ranger,2026,4687,PF,Sudeste,2.9,1,0,3,748.18,9.0,0,0,0,WhatsApp,0,pacote_revisoes
C03052,Territory,2016,140835,PF,Sudeste,13.1,0,9,8,702.84,10.0,0,0,0,E-mail,0,desconto_pecas
C06233,EcoSport,2015,159031,PF,Sudeste,12.6,0,11,3,831.91,6.0,0,0,0,App FordPass,0,desconto_pecas
C02044,Transit,2025,18282,PF,Sudeste,8.0,1,1,1,1062.6,6.0,1,0,0,App FordPass,0,pacote_revisoes
C07873,Ka,2017,66004,PF,Nordeste,7.0,0,6,19,611.92,8.0,0,0,0,App FordPass,0,checkup_gratuito
C05916,Maverick,2020,60440,PF,Centro-Oeste,15.2,0,1,7,938.47,5.0,0,0,0,E-mail,0,desconto_pecas
C03666,EcoSport,2014,116978,PF,Sul,20.8,0,10,39,625.9,6.0,0,0,0,App FordPass,1,desconto_pecas
C05434,Bronco Sport,2020,105870,PF,Sudeste,14.6,0,5,2,1462.43,8.0,0,0,0,WhatsApp,1,revisao_preco_fixo
C09267,Maverick,2024,15871,PF,Sudeste,,1,1,21,751.03,7.0,1,0,1,App FordPass,1,pacote_revisoes
C02290,Transit,2015,517023,PJ_Frota,Nordeste ,10.7,0,35,9,939.57,6.0,0,0,1,WhatsApp,0,desconto_pecas
C00104,Bronco Sport,2016,220287,PF,Nordeste,36.1,0,17,2,578.09,7.0,0,0,0,Ligacao,0,desconto_pecas
C02373,EcoSport,2014,109084,PF,Sudeste,6.2,0,4,60,,10.0,0,0,1,WhatsApp,1,checkup_gratuito
C08720,Maverick,2014,105400,PF,Norte,95.1,0,5,4,1279.94,6.0,0,0,1,App FordPass,0,desconto_pecas
C02265,Ka,2019,88727,PF,Sudeste,8.7,0,5,30,666.82,4.0,0,0,0,Ligacao,1,revisao_preco_fixo
C02543,EcoSport,2017,182306,PF,Sul,12.5,0,0,42,1136.52,7.0,0,1,0,App FordPass,1,checkup_gratuito
C05538,Ranger,2018,129700,PF,Sul,12.8,0,4,20,1755.53,,0,0,0,WhatsApp,0,revisao_preco_fixo
C03649,Maverick,2020,81386,PF,Sul,12.2,0,3,14,1042.08,7.0,1,0,0,WhatsApp,0,desconto_pecas
C02792,Bronco Sport,2014,281942,PF,Sul,7.2,0,4,12,1253.35,7.0,0,0,0,WhatsApp,1,desconto_pecas
C08350,Mustang,2022,46685,PF,Sudeste,7.1,0,3,11,1962.42,8.0,0,1,1,WhatsApp,1,revisao_preco_fixo
C00404,Transit,2021,283967,PJ_Frota,Sudeste,23.3,0,5,23,1154.75,8.0,0,0,0,WhatsApp,1,revisao_preco_fixo
C02770,Ka,2020,52270,PF,Sul,18.1,0,3,25,588.84,8.0,0,0,0,WhatsApp,0,revisao_preco_fixo
C04684,Transit,2014,482253,PJ_Frota,Sudeste,5.9,0,36,33,914.73,9.0,0,0,0,Ligacao,0,desconto_pecas
C02625,Ranger,2018,319074,PJ_Frota,Sul,20.9,0,20,9,1144.82,9.0,1,0,0,App FordPass,0,plano_frota
C08094,Ka,2018,88457,PF,Sudeste,9.2,0,6,12,784.29,8.0,0,0,0,WhatsApp,0,pacote_revisoes
C06358,Ranger,2022,43149,PF,Sul,20.0,0,3,0,976.0,,1,0,1,E-mail,0,revisao_preco_fixo
C06172,Ranger,2020,107808,PF,Sudeste,7.5,0,4,27,722.83,7.0,0,0,1,Ligacao,1,revisao_preco_fixo
C01488,Mustang,2023,81769,PF,Sudeste,17.6,1,7,3,1540.15,5.0,0,0,0,WhatsApp,0,pacote_revisoes
C06802,Ranger,2016,227956,PJ_Frota,Sudeste,11.5,0,14,28,1146.54,7.0,0,0,0,WhatsApp,1,plano_frota
C05988,Transit,2014,454146,PJ_Frota,Sudeste,13.1,0,8,34,2132.56,9.0,0,0,0,App FordPass,1,desconto_pecas
C07654,EcoSport,2021,65117,PF,Sudeste,5.5,0,6,2,816.26,7.0,0,0,0,WhatsApp,0,revisao_preco_fixo
C08831,Ranger,2023,44581,PF,Nordeste,46.1,1,2,0,1561.68,5.0,1,0,1,App FordPass,0,pacote_revisoes
C06289,Mustang,2025,27488,PF,Sul,17.0,1,1,4,1874.72,8.0,0,0,0,WhatsApp,0,pacote_revisoes
C09985,Transit,2014,309133,PJ_Frota,Sudeste,10.9,0,28,60,2585.36,7.0,0,0,0,WhatsApp,1,desconto_pecas
C00218,Transit,2015,169373,PF,Sudeste,6.2,0,10,28,1507.41,7.0,0,0,1,E-mail,1,revisao_preco_fixo
C07370,EcoSport,2020,66025,PF,Sul,20.5,0,2,0,544.39,7.0,1,0,0,App FordPass,0,desconto_pecas
C01419,Transit,2018,99722,PF,Norte,69.2,0,2,22,573.23,5.0,0,0,1,WhatsApp,1,checkup_gratuito
C06889,Territory,2024,36379,PF,Nordeste,,1,3,1,488.78,10.0,1,0,1,App FordPass,0,pacote_revisoes
C06576,Ranger,2026,2715,PF,Sudeste,3.1,1,0,5,986.16,6.0,1,0,0,App FordPass,1,pacote_revisoes
C03102,Transit,2020,76303,PF,Sudeste,5.7,0,2,22,,8.0,0,0,0,WhatsApp,1,revisao_preco_fixo
C00634,Ka,2016,134638,PF,Nordeste,14.6,0,5,3,894.1,7.0,1,0,0,WhatsApp,1,desconto_pecas
C04079,Ranger,2025,15417,PF,Sul,9.6,1,1,8,1253.6,8.0,1,0,0,E-mail,0,pacote_revisoes
C02368,Ranger,2018,122762,PF,Sul,27.8,0,2,5,1609.22,5.0,0,0,0,Ligacao,1,revisao_preco_fixo
C03857,Ranger,2017,122709,PF,Sudeste,4.7,0,4,60,1600.72,7.0,0,0,0,WhatsApp,1,checkup_gratuito
C02029,Territory,2021,40982,PF,Sul,5.7,0,3,21,1032.72,,0,0,0,WhatsApp,0,revisao_preco_fixo
C02695,Ka,2019,63570,PF,Centro-Oeste,69.2,0,1,4,447.36,,1,0,0,App FordPass,0,checkup_gratuito
C07537,Maverick,2016,157180,PF,Sudeste,6.4,0,6,22,849.06,7.0,0,0,0,WhatsApp,1,desconto_pecas
C04290,Ka,2016,172529,PF,Centro-Oeste,28.1,0,5,60,766.48,9.0,0,0,1,Ligacao,1,desconto_pecas
C07032,EcoSport,2021,64318,PF,Sul,8.2,0,2,48,512.51,9.0,1,0,0,App FordPass,1,revisao_preco_fixo
C09287,Territory,2023,42446,PF,Sul,28.5,1,4,0,757.72,,0,0,0,App FordPass,0,pacote_revisoes
C02549,EcoSport,2018,164005,PF,Sudeste,9.2,0,12,23,883.66,6.0,1,0,2,WhatsApp,0,desconto_pecas
C01035,Territory,2023,52545,PF,Norte,36.3,1,1,3,592.44,3.0,1,0,0,App FordPass,0,pacote_revisoes
C06757,Mustang,2015,190126,PF,Sul,,0,13,26,1194.33,8.0,0,0,0,E-mail,0,desconto_pecas
C03116,Ka,2021,83936,PF,Sul,10.0,0,1,42,815.04,6.0,0,0,1,WhatsApp,1,revisao_preco_fixo
C08444,Maverick,2019,76665,PF,Centro-Oeste,27.1,0,1,19,967.03,7.0,0,0,0,E-mail,0,revisao_preco_fixo
C07575,Transit,2014,97533,PF,Sul,9.8,0,5,15,1525.61,7.0,0,0,1,WhatsApp,1,checkup_gratuito
C09416,Ranger,2025,19973,PF,Sul,6.5,1,1,1,,10.0,1,0,0,App FordPass,0,pacote_revisoes
C09266,Ranger,2023,51442,PF,Norte,23.4,1,3,28,1228.57,8.0,0,0,0,App FordPass,0,pacote_revisoes
C02911,Ka,2021,109334,PF,Sudeste,7.8,0,5,1,529.77,9.0,1,0,0,App FordPass,0,desconto_pecas
C09262,Bronco Sport,2025,10226,PF,Nordeste,13.6,1,1,5,757.21,9.0,1,0,0,App FordPass,0,pacote_revisoes
C07727,EcoSport,2018,38929,PF,Norte,79.2,0,4,52,1024.12,10.0,0,0,0,WhatsApp,1,checkup_gratuito
C03368,Ka,2015,71816,PF,Nordeste,15.0,0,5,34,654.9,8.0,0,1,0,WhatsApp,1,checkup_gratuito
C07774,Territory,2024,18860,PF,Centro-Oeste,21.1,1,2,1,,6.0,1,0,0,App FordPass,0,pacote_revisoes
C00232,Transit,2026,7830,PJ_Frota,Sudeste,16.4,1,0,9,879.78,,1,0,0,App FordPass,1,plano_frota
C01095,Ranger,2022,145788,PJ_Frota,Centro Oeste,22.5,0,7,5,1652.15,7.0,1,0,0,E-mail,1,plano_frota
C04383,Ranger,2025,8561,PF,Sudeste,6.8,1,1,1,707.59,9.0,1,0,0,App FordPass,0,pacote_revisoes
C02198,EcoSport,2019,119093,PF,Sul,8.4,0,6,1,1155.52,5.0,1,0,0,App FordPass,0,revisao_preco_fixo
C01266,Ka,2018,141950,PF,Sul,7.8,0,9,21,569.71,9.0,0,0,0,WhatsApp,0,revisao_preco_fixo
C04932,Maverick,2031,118279,PJ_Frota,Centro-Oeste,39.1,0,3,49,588.67,7.0,1,0,0,Ligacao,1,checkup_gratuito
C06243,Maverick,2020,54191,PF,Sudeste,18.0,0,1,15,974.76,7.0,0,0,0,App FordPass,0,revisao_preco_fixo
C02474,Ranger,2024,24087,PF,Sul,21.2,1,2,3,1705.61,6.0,0,0,0,WhatsApp,0,revisao_preco_fixo
C04734,Mustang,2014,117419,PF,Nordeste ,11.2,0,4,60,2495.91,4.0,0,0,0,E-mail,1,checkup_gratuito
C02833,Maverick,2026,2562,PF,Sudeste,14.9,1,0,4,563.39,9.0,1,0,1,Ligacao,0,pacote_revisoes
C06102,Maverick,2018,179955,PF,Sudeste,6.1,0,2,7,1386.03,8.0,0,0,0,Ligacao,1,desconto_pecas
C05762,Bronco Sport,2017,96137,PF,Sudeste,6.8,0,8,11,1192.58,7.0,0,0,0,WhatsApp,0,desconto_pecas
C04333,Ranger,2018,360264,PJ_Frota,Sudeste,17.2,0,11,27,2070.23,5.0,1,0,0,WhatsApp,1,desconto_pecas
C05847,EcoSport,2015,106619,PF,Sudeste,5.2,0,5,35,800.4,4.0,0,1,1,WhatsApp,1,checkup_gratuito
C03529,Ranger,2025,15168,PF,Sul,11.4,1,1,2,860.1,8.0,1,0,0,Ligacao,0,pacote_revisoes
C06432,Ka,2018,147988,PF,Centro-Oeste,18.0,0,2,9,506.72,7.0,1,0,1,App FordPass,1,desconto_pecas
C03464,Bronco Sport,2026,3028,PF,Nordeste,36.4,1,0,26,710.61,7.0,1,0,1,E-mail,0,pacote_revisoes
C03745,Bronco Sport,2017,116750,PF,Centro-Oeste,75.0,0,3,30,1308.37,5.0,0,0,0,App FordPass,1,desconto_pecas
C01384,Transit,2021,215881,PJ_Frota,Sudeste,13.8,0,7,30,701.8,8.0,0,0,0,WhatsApp,0,desconto_pecas
C07497,Ranger,2021,74161,PF,Nordeste,8.3,0,2,6,975.39,4.0,0,0,1,App FordPass,1,revisao_preco_fixo
C07984,Bronco Sport,2021,56025,PF,Nordeste,23.2,0,4,8,691.86,,1,0,1,WhatsApp,0,checkup_gratuito
C08594,Ka,2019,151175,PF,Sudeste,15.0,0,9,39,920.8,8.0,0,0,0,App FordPass,1,checkup_gratuito
C03669,Territory,2020,107406,PF,Nordeste,50.0,0,5,12,,7.0,0,1,1,WhatsApp,0,checkup_gratuito
C01403,EcoSport,2014,195003,PF,Sudeste,11.4,0,7,3,562.65,6.0,0,0,0,Ligacao,0,desconto_pecas
C09501,Territory,2026,4613,PF,Sudeste,5.6,1,0,6,441.72,7.0,1,0,0,App FordPass,0,pacote_revisoes
C03660,EcoSport,2021,53697,PF,Nordeste,27.5,0,1,20,1025.97,6.0,1,0,0,E-mail,0,revisao_preco_fixo
C07885,EcoSport,2020,85847,PF,Sul,8.3,0,5,47,1235.25,7.0,0,0,0,WhatsApp,0,checkup_gratuito
C09326,Ranger,2022,67408,PF,Norte,23.9,0,5,2,881.34,8.0,1,0,0,App FordPass,0,revisao_preco_fixo
C01132,Ka,2020,80967,PF,Sudeste,5.0,0,1,0,478.51,,0,1,0,WhatsApp,0,revisao_preco_fixo
C00833,Territory,2021,65270,PF,Nordeste ,9.1,0,3,37,1180.48,5.0,0,1,0,WhatsApp,1,checkup_gratuito
C00751,EcoSport,2016,81275,PF,Sudeste,5.1,0,7,6,845.85,8.0,0,0,0,WhatsApp,0,desconto_pecas
C01329,Ka,2021,92103,PF,Norte,25.0,0,3,18,569.11,6.0,0,1,1,E-mail,0,revisao_preco_fixo
C09757,Ranger,2019,145376,PJ_Frota,Sudeste,7.8,0,7,22,,6.0,1,0,1,WhatsApp,0,checkup_gratuito
C09975,Ka,2020,113293,PF,Sudeste,12.1,0,2,16,942.26,,0,0,0,WhatsApp,0,revisao_preco_fixo
C03142,Transit,2016,378169,PJ_Frota,Sudeste,4.8,0,10,18,1010.41,8.0,0,0,0,WhatsApp,1,desconto_pecas
C09097,Ranger,2024,26744,PF,Sul,4.6,1,2,9,981.07,9.0,1,0,1,WhatsApp,0,pacote_revisoes
C07470,Ka,2018,121567,PF,Norte,46.3,0,0,51,634.53,9.0,0,0,0,WhatsApp,1,checkup_gratuito
C09816,Ka,2019,67870,PF,Sudeste,14.2,0,4,10,1170.11,7.0,1,0,0,App FordPass,0,revisao_preco_fixo
C03835,Ranger,2026,4932,PF,Nordeste,12.3,1,0,2,926.02,,1,0,0,Ligacao,0,pacote_revisoes
C05820,Territory,2023,36935,PF,Nordeste,16.1,1,3,11,727.01,8.0,1,0,0,App FordPass,0,revisao_preco_fixo
C05964,Territory,2021,90970,PF,Sudeste,6.2,0,7,8,1083.01,6.0,0,0,0,WhatsApp,0,revisao_preco_fixo
C04696,Ranger,2020,65567,PF,Sudeste,2.8,0,4,6,971.62,9.0,0,0,1,Ligacao,0,revisao_preco_fixo
C09224,Ka,2015,162074,PF,Sudeste,,0,6,23,725.83,7.0,0,0,2,Ligacao,1,desconto_pecas
C06647,Ka,2020,58967,PF,Sudeste,11.1,0,2,18,867.12,8.0,0,0,0,E-mail,0,revisao_preco_fixo
C09849,Ka,2014,117423,PF,Nordeste,10.4,0,3,49,1293.31,9.0,0,0,0,Ligacao,1,revisao_preco_fixo
C02875,EcoSport,2014,104513,PF,Sudeste,6.8,0,10,20,811.39,4.0,0,0,0,App FordPass,0,desconto_pecas
C05276,Territory,2023,42875,PF,Sudeste,5.1,1,4,9,905.72,7.0,0,0,0,E-mail,0,pacote_revisoes
C04452,Territory,2014,254731,PF,Sudeste,5.3,0,21,20,1256.27,9.0,0,0,0,WhatsApp,0,desconto_pecas
C09016,Territory,2016,109508,PF,Nordeste,13.8,0,0,41,745.89,5.0,0,0,0,App FordPass,1,checkup_gratuito
C05563,Ka,2014,105337,PF,Norte,51.5,0,4,45,1091.41,7.0,0,0,0,WhatsApp,1,desconto_pecas
C09628,Transit,2021,216867,PJ_Frota,Sudeste,20.7,0,14,4,921.69,10.0,0,0,0,WhatsApp,0,desconto_pecas
C08496,Ka,2020,102184,PF,Sudeste,4.5,0,3,9,373.51,5.0,0,0,0,WhatsApp,0,checkup_gratuito
C04697,Ranger,2024,34297,PF,Centro-Oeste,10.5,1,2,5,1275.91,10.0,1,0,0,App FordPass,0,pacote_revisoes
C07452,Ranger,2021,69329,PF,Norte,35.2,0,4,12,2110.79,10.0,0,0,0,Ligacao,0,revisao_preco_fixo
C07501,Bronco Sport,2021,97017,PJ_Frota,Norte,17.9,0,5,11,706.14,,0,1,0,E-mail,0,plano_frota
C04951,Bronco Sport,2024,-21660,PF,Nordeste,21.4,1,0,15,725.5,8.0,1,0,0,WhatsApp,0,pacote_revisoes
C04440,Ka,2014,305695,PF,Sudeste,12.2,0,13,58,905.31,,0,0,1,Ligacao,1,desconto_pecas
C03139,Ranger,2026,8064,PJ_Frota,Centro-Oeste,33.6,1,0,2,1526.32,5.0,1,0,0,Ligacao,0,plano_frota
C06882,Ranger,2015,232020,PF,Nordeste,69.7,0,16,43,1328.68,9.0,0,0,1,App FordPass,1,checkup_gratuito
C09441,Transit,2016,232171,PJ_Frota,Sudeste,4.9,0,9,60,1280.99,8.0,0,0,0,WhatsApp,1,desconto_pecas
C03508,Territory,2026,2263,PF,Sudeste,36.8,1,0,7,565.43,8.0,1,0,0,E-mail,0,checkup_gratuito
C08283,Ranger,2016,401621,PJ_Frota,Sudeste,7.4,0,33,60,1368.94,9.0,0,0,0,WhatsApp,0,plano_frota
C00308,EcoSport,2020,96002,PF,Nordeste,11.5,0,4,8,847.57,6.0,0,0,0,WhatsApp,0,checkup_gratuito
C06030,Ranger,2023,37540,PF,Norte,69.8,1,0,21,1340.01,6.0,1,0,0,App FordPass,1,pacote_revisoes
C05825,Ka,2015,283383,PF,Nordeste,5.1,0,12,21,720.65,8.0,0,0,0,App FordPass,1,desconto_pecas
C07144,Maverick,2022,70988,PF,Nordeste,4.5,0,4,14,1480.41,6.0,0,0,0,WhatsApp,0,revisao_preco_fixo
C00730,EcoSport,2014,82620,PF,Sul,7.3,0,1,25,851.45,5.0,0,0,0,App FordPass,1,desconto_pecas
C07559,Mustang,2023,38097,PF,Nordeste,12.8,1,3,15,1172.27,8.0,1,0,0,E-mail,0,pacote_revisoes
C06359,Ranger,2016,175149,PF,Norte,23.6,0,6,60,1271.38,5.0,0,0,1,WhatsApp,1,desconto_pecas
C04989,Ka,2020,220041,PJ_Frota,Centro-Oeste,16.9,0,19,4,856.82,,0,0,1,App FordPass,0,plano_frota
C05073,Ranger,2025,6467,PF,Nordeste,40.9,1,1,3,846.06,8.0,0,0,0,WhatsApp,0,plano_frota
C04913,Transit,2020,135692,PJ_Frota,Sudeste,12.7,0,6,44,,4.0,1,0,1,App FordPass,1,plano_frota
C02022,Ka,2019,77184,PF,Sudeste,7.3,0,5,12,686.32,6.0,0,0,0,WhatsApp,0,revisao_preco_fixo
C07520,Ka,2019,109228,PF,Sul,16.5,0,6,60,536.41,,0,0,2,App FordPass,1,revisao_preco_fixo
C05355,Transit,2015,285446,PF,Sudeste,6.4,0,21,1,1596.5,10.0,1,0,0,E-mail,1,desconto_pecas
C04387,Ka,2021,69996,PF,Sudeste,21.8,0,3,19,687.16,5.0,0,0,0,WhatsApp,0,revisao_preco_fixo
C09111,Ranger,2014,159501,PF,Sudeste,7.2,0,4,2,1529.51,8.0,0,0,0,Ligacao,1,desconto_pecas
C03013,Territory,2019,80790,PF,Sudeste,12.6,0,1,60,1253.23,8.0,0,0,0,WhatsApp,1,revisao_preco_fixo
C07802,EcoSport,2020,129715,PF,Sudeste,4.8,0,5,9,500.61,7.0,1,0,1,E-mail,0,revisao_preco_fixo
C04637,Territory,2026,2488,PF,Sul,11.5,1,0,1,537.0,6.0,1,0,1,WhatsApp,0,pacote_revisoes
C05342,Maverick,2018,284734,PJ_Frota,Sul,11.2,0,23,30,1079.55,10.0,0,0,0,E-mail,0,desconto_pecas
C09198,EcoSport,2017,167457,PF,Nordeste,16.9,0,5,22,1039.55,7.0,0,0,0,WhatsApp,1,desconto_pecas
C07905,Ka,2019,117720,PF,Sudeste,7.2,0,8,28,706.97,6.0,0,0,1,WhatsApp,1,checkup_gratuito
C00216,Ka,2020,61125,PF,Nordeste,18.7,0,3,2,695.07,7.0,0,0,0,App FordPass,1,checkup_gratuito
C06493,Ka,2020,64398,PF,Nordeste,86.0,0,1,13,604.27,3.0,1,0,0,App FordPass,1,revisao_preco_fixo
C04482,Maverick,2025,11122,PF,Centro-Oeste,22.4,1,1,3,812.46,8.0,1,0,0,App FordPass,0,pacote_revisoes
C02738,Bronco Sport,2021,179768,PJ_Frota,SUDESTE,9.7,0,10,1,711.75,6.0,1,0,0,App FordPass,0,plano_frota
C00633,Ranger,2016,211203,PF,Nordeste,20.5,0,12,13,1246.47,8.0,0,1,0,,1,desconto_pecas
C03396,Ka,2015,127088,PF,Sudeste,5.9,0,6,15,979.94,8.0,0,0,1,Ligacao,1,desconto_pecas
C04950,EcoSport,2021,81597,PF,Nordeste,19.2,0,7,16,721.85,5.0,0,0,0,WhatsApp,0,revisao_preco_fixo
C07657,Bronco Sport,2022,47428,PF,Sudeste,5.9,0,2,3,899.87,7.0,0,0,0,App FordPass,0,revisao_preco_fixo
C07100,EcoSport,2020,57037,PF,SUDESTE,2.8,0,5,11,734.29,8.0,1,0,0,E-mail,1,revisao_preco_fixo
C02134,Ranger,2023,104135,PJ_Frota,Centro-Oeste,32.6,1,7,13,1620.07,10.0,0,0,0,E-mail,0,plano_frota
C06465,Maverick,2026,3517,PF,Nordeste,28.4,1,0,3,865.81,7.0,1,1,0,WhatsApp,0,pacote_revisoes
C04301,Bronco Sport,2023,44643,PF,Nordeste,17.4,1,2,11,1152.3,6.0,1,0,0,App FordPass,0,pacote_revisoes
C04849,Bronco Sport,2014,107806,PF,Sudeste,21.5,0,4,2,1178.36,7.0,0,0,3,WhatsApp,0,desconto_pecas
C05038,Mustang,2021,41158,PF,Sudeste,4.0,0,3,8,1911.48,8.0,0,1,1,App FordPass,0,revisao_preco_fixo
C03471,Ranger,2022,64451,PF,Nordeste,20.3,0,4,12,979.1,,0,1,1,Ligacao,0,checkup_gratuito
C01697,Maverick,2023,64708,PF,Sul,11.9,1,6,5,701.66,7.0,1,0,0,WhatsApp,0,pacote_revisoes
C07989,Maverick,2016,108908,PF,Centro-Oeste,21.1,0,0,38,1317.58,10.0,0,1,0,WhatsApp,1,pacote_revisoes
C02892,Territory,2019,104814,PF,Sudeste,2.7,0,8,16,1643.42,5.0,0,0,0,Ligacao,1,revisao_preco_fixo
C00356,Bronco Sport,2021,68121,PF,Sul,4.7,0,1,49,1094.61,6.0,1,0,1,WhatsApp,1,revisao_preco_fixo
C05520,Ranger,2018,178628,PJ_Frota,Sudeste,7.8,0,15,19,,10.0,1,0,0,WhatsApp,0,plano_frota
C03493,Territory,2019,126847,PF,Sudeste,6.0,0,8,2,711.17,7.0,0,0,1,App FordPass,0,desconto_pecas
C01050,Territory,2024,26371,PF,Sudeste,9.5,1,1,14,701.44,9.0,1,0,1,App FordPass,0,pacote_revisoes
C03096,Ka,2016,151964,PF,Sudeste,2.2,0,5,8,775.78,9.0,0,0,0,WhatsApp,0,pacote_revisoes
C02788,Transit,2022,46945,PF,Nordeste,16.2,0,2,22,1226.47,10.0,0,0,0,App FordPass,0,revisao_preco_fixo
C03545,Ranger,2022,60633,PF,Centro-Oeste,23.2,0,3,15,824.57,8.0,0,0,0,Ligacao,0,checkup_gratuito
C02294,EcoSport,2017,145708,PF,Nordeste,19.4,0,9,0,1187.29,,0,0,0,Ligacao,0,revisao_preco_fixo
C00200,Bronco Sport,2024,23577,PF,Nordeste,9.9,1,2,4,939.82,6.0,0,0,0,App FordPass,0,plano_frota
C01204,Ka,2017,182598,PF,Sudeste,3.0,0,10,3,690.73,8.0,1,0,0,App FordPass,0,desconto_pecas
C01486,Transit,2020,102096,PF,Norte,13.8,0,8,20,1219.96,8.0,1,0,1,Ligacao,0,revisao_preco_fixo
C08334,EcoSport,2018,66286,PF,Sudeste,9.8,0,6,60,815.71,5.0,0,0,0,App FordPass,1,checkup_gratuito
C08028,Transit,2022,85326,PJ_Frota,Sul,8.5,0,4,0,1066.32,6.0,1,0,0,App FordPass,0,plano_frota
C07598,Ranger,2019,176034,PF,Sudeste,3.6,0,6,2,909.02,6.0,0,1,0,WhatsApp,0,desconto_pecas
C07608,EcoSport,2021,46010,PF,Nordeste,14.2,0,1,15,903.93,8.0,0,0,3,WhatsApp,1,revisao_preco_fixo
C06311,Maverick,2016,131233,PF,Nordeste,17.3,0,2,26,1469.42,9.0,0,0,1,E-mail,1,desconto_pecas
C06557,Ka,2018,107129,PF,Sul,25.3,0,5,5,817.43,6.0,0,0,2,WhatsApp,1,revisao_preco_fixo
C01865,Maverick,2022,48188,PF,Sul,15.0,0,3,9,846.3,8.0,0,0,0,WhatsApp,0,desconto_pecas
C07317,Transit,2023,34482,PF,Sudeste,8.0,1,2,4,929.36,5.0,0,0,0,Ligacao,0,pacote_revisoes
C02251,Bronco Sport,2020,125841,PF,Sudeste,8.6,0,1,16,29107.5,8.0,0,0,0,,1,desconto_pecas
C02502,Transit,2020,156746,PJ_Frota,Sudeste,19.0,0,7,36,831.8,7.0,0,0,0,Ligacao,1,plano_frota
C00372,Ranger,2024,47358,PJ_Frota,Sudeste,14.6,1,3,4,1140.19,7.0,0,0,0,App FordPass,0,pacote_revisoes
C00806,Territory,2018,67565,PF,Sudeste,4.8,0,7,10,,8.0,0,0,0,WhatsApp,0,desconto_pecas
C09445,EcoSport,2014,157411,PF,sul,7.2,0,12,36,1287.86,10.0,0,0,0,WhatsApp,1,desconto_pecas
C04318,Maverick,2024,14652,PF,Nordeste,29.6,1,0,6,1335.69,7.0,0,0,0,WhatsApp,0,pacote_revisoes
C05754,Ka,2015,206258,PF,Sul,15.5,0,13,25,843.79,7.0,0,0,0,App FordPass,1,desconto_pecas
C09808,Ranger,2020,280952,PJ_Frota,Sudeste,4.5,0,13,4,1207.6,7.0,0,0,0,App FordPass,1,revisao_preco_fixo
C00600,Ranger,2023,33387,PF,Nordeste,13.9,1,3,2,1220.67,9.0,1,0,0,App FordPass,0,pacote_revisoes
C06460,EcoSport,2015,176482,PF,Sudeste,23.2,0,14,4,,7.0,0,0,1,WhatsApp,1,desconto_pecas
C03854,Territory,2017,180306,PJ_Frota,Sudeste,6.5,0,14,53,893.59,4.0,1,0,0,App FordPass,1,checkup_gratuito
C06894,Ka,2016,176224,PF,Sudeste,10.1,0,10,12,409.35,9.0,1,0,1,App FordPass,0,desconto_pecas
C03439,Territory,2022,62878,PF,Sudeste,7.3,0,4,7,868.83,,0,0,0,App FordPass,0,revisao_preco_fixo
C08623,Territory,2017,132605,PJ_Frota,Sul,20.1,0,0,6,762.95,6.0,0,0,1,App FordPass,1,plano_frota
C08990,Mustang,2024,20871,PF,Sul,13.2,1,0,7,3086.69,9.0,1,0,1,App FordPass,0,pacote_revisoes
C04581,Maverick,2015,155034,PF,Sudeste,,0,5,52,1118.92,8.0,1,0,0,,1,desconto_pecas
C05004,Ka,2014,168943,PF,Sul,7.6,0,11,4,834.45,4.0,0,0,1,WhatsApp,1,checkup_gratuito
C08838,Ka,2020,81900,PF,SUDESTE,4.5,0,6,8,599.66,9.0,1,0,0,App FordPass,0,revisao_preco_fixo
C03354,Ranger,2020,86926,PF,Centro-Oeste,23.8,0,3,20,1864.27,4.0,1,0,0,WhatsApp,1,revisao_preco_fixo
C01003,Ka,2020,79217,PF,Norte,40.0,0,3,14,,5.0,1,0,1,WhatsApp,1,revisao_preco_fixo
C06596,EcoSport,2017,139920,PF,Sudeste,7.1,0,8,11,1103.93,6.0,1,0,2,WhatsApp,1,desconto_pecas
C09102,Ranger,2022,46527,PF,Nordeste,19.5,0,3,3,822.34,6.0,0,0,0,App FordPass,0,revisao_preco_fixo
C08721,Ranger,2025,19703,PJ_Frota,Nordeste,16.1,1,0,2,1158.3,8.0,0,0,0,Ligacao,1,plano_frota
C08788,EcoSport,2014,117899,PF,Norte,33.6,0,2,16,1033.07,6.0,0,0,0,E-mail,1,desconto_pecas
C08180,EcoSport,2017,66645,PF,Sudeste,4.7,0,9,10,562.38,10.0,0,1,0,,0,desconto_pecas
C09283,Ka,2021,70856,PF,Sudeste,40.5,0,1,11,438.6,7.0,1,1,0,App FordPass,0,checkup_gratuito
C00695,Ranger,2026,4266,PF,Sudeste,4.7,1,0,2,852.0,8.0,1,0,0,App FordPass,0,pacote_revisoes
C01872,Transit,2016,145733,PJ_Frota,Nordeste,11.7,0,3,32,1157.99,,1,1,0,App FordPass,1,desconto_pecas
C09600,Ranger,2017,84232,PF,Sudeste,9.8,0,3,60,1429.55,3.0,0,0,1,WhatsApp,1,checkup_gratuito
C03361,EcoSport,2016,92656,PF,Sudeste,6.9,0,5,26,1044.0,,0,0,0,WhatsApp,1,checkup_gratuito
C07057,Ka,2016,375086,PJ_Frota,Norte,28.4,0,11,45,669.41,8.0,0,0,2,E-mail,1,desconto_pecas
C07715,Ka,2016,142576,PF,Nordeste,,0,6,21,,4.0,0,0,0,E-mail,1,revisao_preco_fixo
C07258,Bronco Sport,2016,93381,PF,Sudeste,,0,7,6,1380.21,7.0,0,0,0,Ligacao,0,checkup_gratuito
C04212,Ranger,2014,264501,PF,Sudeste,5.0,0,23,60,947.77,7.0,0,0,1,Ligacao,0,desconto_pecas
C03995,Ka,2021,56490,PF,Sudeste,4.3,0,1,2,684.84,8.0,0,0,0,WhatsApp,0,revisao_preco_fixo
C06450,EcoSport,2019,106488,PF,Nordeste,11.2,0,4,40,613.45,9.0,1,0,0,WhatsApp,1,revisao_preco_fixo
C09894,Ranger,2014,195953,PF,Nordeste,8.5,0,3,55,1357.19,4.0,0,0,2,E-mail,1,checkup_gratuito
C04891,EcoSport,2016,204120,PF,Sudeste,3.7,0,19,3,574.82,8.0,0,0,0,WhatsApp,0,desconto_pecas
C03661,Mustang,2022,47058,PF,Sul,13.1,0,3,33,,8.0,0,0,0,App FordPass,0,revisao_preco_fixo
C03582,Ranger,2017,105799,PF,Nordeste,5.7,0,3,1,1140.24,6.0,1,0,1,WhatsApp,1,revisao_preco_fixo
C03152,EcoSport,2021,44276,PF,Sudeste,15.9,0,4,19,917.0,,0,0,1,WhatsApp,0,revisao_preco_fixo
C05942,Ka,2020,75880,PF,Sudeste,10.4,0,2,11,729.73,5.0,1,0,0,App FordPass,0,revisao_preco_fixo
C03359,Territory,2020,75245,PF,Sudeste,13.5,0,2,9,972.24,8.0,0,0,0,E-mail,1,revisao_preco_fixo
C01973,Ranger,2020,175210,PJ_Frota,Sudeste,6.1,0,7,2,958.68,7.0,1,0,3,WhatsApp,1,desconto_pecas
C01984,Territory,2018,211813,PF,Sudeste,19.0,0,14,40,1131.35,10.0,0,0,0,WhatsApp,1,desconto_pecas
C08576,Ka,2018,138333,PF,Nordeste,16.2,0,9,43,704.46,10.0,0,0,0,WhatsApp,1,desconto_pecas
C06258,Ranger,2026,2303,PF,Centro-Oeste,14.8,1,0,0,1991.11,6.0,1,1,0,App FordPass,0,revisao_preco_fixo
C01692,EcoSport,2020,91612,PF,Sudeste,7.5,0,3,41,540.18,6.0,0,0,0,WhatsApp,1,revisao_preco_fixo
C05428,Transit,2025,34922,PJ_Frota,Sudeste,4.6,1,2,5,852.08,,0,0,0,Ligacao,0,plano_frota
C03028,Territory,2020,85392,PF,Sudeste,18.0,0,1,11,579.22,,1,0,0,App FordPass,0,revisao_preco_fixo
C08423,Transit,2014,305245,PJ_Frota,Sudeste,8.6,0,11,58,1550.5,9.0,0,0,0,App FordPass,1,plano_frota
C07143,Ka,2021,57701,PF,Sudeste,4.9,0,1,1,909.1,5.0,0,0,0,App FordPass,0,revisao_preco_fixo
C08228,Transit,2023,58383,PJ_Frota,Sudeste,5.6,1,3,1,1050.29,9.0,0,0,0,E-mail,0,pacote_revisoes
C07737,Ranger,2023,52791,PF,Nordeste,26.3,1,5,7,1032.37,10.0,0,0,0,App FordPass,0,pacote_revisoes
C07140,Ranger,2018,80888,PF,Centro-Oeste,43.9,0,3,20,1009.18,10.0,0,0,0,WhatsApp,1,revisao_preco_fixo
C07833,Territory,2020,148645,PF,Sudeste,12.2,0,1,12,555.17,3.0,0,0,2,WhatsApp,1,revisao_preco_fixo
C09181,Ka,2018,134848,PF,Sul,19.2,0,9,22,584.77,10.0,0,0,1,WhatsApp,0,desconto_pecas
C05798,Territory,2021,112730,PF,Sudeste,4.0,0,8,1,964.46,8.0,1,0,0,WhatsApp,0,desconto_pecas
C00284,Territory,2018,181585,PF,Sudeste,6.4,0,11,32,862.88,6.0,0,0,1,App FordPass,1,desconto_pecas
C04583,Transit,2014,315220,PF,Nordeste,11.5,0,10,20,1819.14,9.0,0,0,0,,1,desconto_pecas
C09932,Ranger,2020,113254,PF,Sudeste,2.7,0,7,9,740.0,6.0,1,0,0,Ligacao,0,revisao_preco_fixo
C07095,EcoSport,2014,91689,PF,Nordeste,44.4,0,2,48,960.88,7.0,0,0,0,WhatsApp,1,revisao_preco_fixo
C01981,Ranger,2019,86447,PF,SUDESTE,7.9,0,4,3,1675.64,6.0,0,0,0,Ligacao,0,revisao_preco_fixo
C09322,Ka,2021,44347,PF,Sul,19.2,0,4,34,596.75,6.0,0,0,0,App FordPass,1,checkup_gratuito
C00568,Ranger,2024,11828,PF,Sudeste,10.8,1,2,2,1520.87,9.0,0,0,1,App FordPass,0,pacote_revisoes
C00345,Maverick,2022,64636,PF,Centro-Oeste,29.6,0,5,17,1783.44,10.0,1,0,0,App FordPass,0,revisao_preco_fixo
C06663,Maverick,2022,41696,PF,Sul,9.5,0,0,1,683.47,,0,0,0,WhatsApp,0,revisao_preco_fixo
C06085,Maverick,2014,133304,PF,Sul,10.1,0,8,16,1020.83,,0,0,0,WhatsApp,0,desconto_pecas
C02016,EcoSport,2015,252106,PF,Norte,26.1,0,15,20,553.21,9.0,0,0,0,WhatsApp,0,desconto_pecas
C06758,Ranger,2020,78748,PF,Sul,14.4,0,6,21,,6.0,0,0,1,App FordPass,1,desconto_pecas
C05184,Ka,2020,81145,PF,Norte,41.6,0,4,3,714.13,,0,0,0,WhatsApp,0,revisao_preco_fixo
C07486,EcoSport,2014,236271,PF,Sul,7.6,0,6,20,916.12,4.0,0,0,1,App FordPass,1,desconto_pecas
C03092,Maverick,2016,220413,PJ_Frota,Sul,14.9,0,3,3,863.61,8.0,0,0,0,App FordPass,1,plano_frota
C03618,EcoSport,2021,45752,PF,Sudeste,10.9,0,5,4,725.21,5.0,1,0,1,Ligacao,0,revisao_preco_fixo
C09158,EcoSport,2021,29023,PF,Sudeste,13.2,0,3,4,474.05,8.0,1,0,0,Ligacao,0,revisao_preco_fixo
C03568,Maverick,2014,129575,PF,Sudeste,1.9,0,5,17,1388.55,6.0,0,0,0,E-mail,1,desconto_pecas
C02260,Territory,2018,135896,PF,Sudeste,9.2,0,3,34,1251.94,7.0,0,0,0,E-mail,0,checkup_gratuito
C08633,Territory,2026,3147,PF,Sudeste,24.4,1,0,4,880.42,5.0,0,0,2,App FordPass,0,pacote_revisoes
C04936,Ranger,2020,52603,PF,Sul,3.8,0,3,34,1095.6,10.0,0,0,0,WhatsApp,0,revisao_preco_fixo
C03643,Ka,2020,175188,PJ_Frota,Sudeste,26.0,0,12,4,666.41,,0,0,0,Ligacao,1,desconto_pecas
C02469,EcoSport,2018,97704,PF,Sudeste,7.3,0,2,60,1588.43,9.0,0,0,0,Ligacao,1,checkup_gratuito
C09608,Transit,2024,29582,PF,Sudeste,3.4,1,2,10,1110.89,4.0,1,0,0,App FordPass,0,pacote_revisoes
C07257,Mustang,2019,48844,PF,Sudeste,3.9,0,5,5,846.85,,0,0,0,App FordPass,0,revisao_preco_fixo
C02506,Transit,2025,27982,PJ_Frota,Nordeste,18.0,1,0,4,,,0,1,0,App FordPass,0,revisao_preco_fixo
C05579,Bronco Sport,2025,13496,PF,Sul,16.7,1,0,10,797.0,7.0,0,0,0,E-mail,0,pacote_revisoes
C03797,Bronco Sport,2024,31509,PF,Sudeste,6.2,1,3,2,1047.28,5.0,1,0,0,E-mail,0,pacote_revisoes
C04635,Ka,2021,36834,PF,Nordeste,76.5,0,2,3,565.99,9.0,1,0,0,WhatsApp,0,revisao_preco_fixo
C04790,Ranger,2021,76584,PF,Nordeste,10.3,0,2,4,788.12,8.0,0,0,0,Ligacao,1,revisao_preco_fixo
C01514,Mustang,2017,75693,PF,Sudeste,6.1,0,2,2,1207.94,,1,0,0,App FordPass,0,revisao_preco_fixo
C07063,Ka,2016,102918,PF,Sul,4.6,0,5,9,754.79,,0,0,0,Ligacao,0,checkup_gratuito
C06205,Territory,2016,101367,PF,Sul,8.4,0,2,30,983.18,8.0,0,0,0,WhatsApp,1,revisao_preco_fixo
C01823,Territory,2019,111608,PF,Nordeste,15.6,0,9,38,1127.8,6.0,1,0,0,WhatsApp,0,checkup_gratuito
C04875,Ranger,2026,5276,PF,Nordeste,9.9,1,0,9,1026.3,8.0,0,0,0,App FordPass,1,pacote_revisoes
C02736,Ka,2017,108594,PF,Sudeste,6.2,0,7,33,1020.94,,0,0,0,E-mail,1,desconto_pecas
C09459,Transit,2016,365853,PJ_Frota,SUDESTE,,0,9,58,1822.28,7.0,0,0,0,App FordPass,1,desconto_pecas
C02222,Ranger,2016,492387,PJ_Frota,Nordeste,10.8,0,22,4,2162.33,10.0,0,0,0,WhatsApp,0,desconto_pecas
C02468,Territory,2023,43673,PF,Sudeste,17.2,1,2,1,,7.0,1,0,0,WhatsApp,0,pacote_revisoes
C01567,Ka,2021,87061,PF,Nordeste,12.9,0,1,60,426.23,7.0,0,0,0,WhatsApp,1,checkup_gratuito
C08366,Ka,2014,162115,PF,Norte,47.3,0,7,24,1365.27,7.0,0,0,1,App FordPass,1,desconto_pecas
C05949,Territory,2016,256732,PF,Nordeste,12.5,0,10,42,1086.73,8.0,0,0,1,WhatsApp,1,desconto_pecas
C09145,Bronco Sport,2014,108328,PF,Centro-Oeste,14.5,0,8,60,2315.05,10.0,0,0,1,WhatsApp,1,revisao_preco_fixo
C07383,Ka,2015,166627,PF,Centro-Oeste,48.4,0,12,11,1252.03,,0,0,0,WhatsApp,0,desconto_pecas
C07630,Ranger,2024,22526,PF,Sul,7.7,1,2,3,1054.44,7.0,1,0,0,WhatsApp,0,pacote_revisoes
C08059,Mustang,2019,106658,PF,Centro-Oeste,36.7,0,5,1,1406.2,10.0,0,0,0,Ligacao,0,revisao_preco_fixo
C00408,Ka,2021,42313,PF,Nordeste,11.7,0,4,11,522.95,9.0,0,0,1,WhatsApp,0,revisao_preco_fixo
C09177,Ranger,2018,81886,PF,Sudeste,8.3,0,0,2,1660.34,8.0,1,0,0,E-mail,1,revisao_preco_fixo
C04873,Territory,2014,206160,PF,Sul,44.0,0,3,60,946.16,5.0,1,0,0,WhatsApp,1,checkup_gratuito
C04130,Bronco Sport,2026,2027,PF,Centro-Oeste,52.2,1,0,4,509.92,,1,0,0,App FordPass,0,revisao_preco_fixo
C00542,Maverick,2014,285888,PF,Sudeste,7.7,0,5,60,1275.96,6.0,0,0,0,E-mail,1,checkup_gratuito
C05093,Ranger,2016,466671,PJ_Frota,Nordeste,15.8,0,9,29,1247.79,7.0,0,0,0,,1,desconto_pecas
C07437,EcoSport,2021,70726,PF,Sudeste,7.4,0,2,13,510.36,6.0,0,0,0,WhatsApp,0,revisao_preco_fixo
C08128,Territory,2014,242267,PF,Norte,32.1,0,8,16,757.71,,0,1,1,WhatsApp,1,desconto_pecas
C00080,Territory,2021,65173,PF,Sul,20.0,0,2,2,1284.84,7.0,1,0,1,WhatsApp,1,revisao_preco_fixo
C01909,Mustang,2016,429260,PJ_Frota,Nordeste ,33.0,0,24,8,1713.85,7.0,1,0,0,App FordPass,1,desconto_pecas
C00410,Territory,2017,250195,PJ_Frota,Sul,5.2,0,24,51,1504.65,9.0,0,0,0,Ligacao,1,plano_frota
C05690,Ranger,2019,115215,PF,Sudeste,10.2,0,11,20,967.95,7.0,0,0,0,E-mail,1,revisao_preco_fixo
C04592,Bronco Sport,2017,92499,PF,Nordeste,38.3,0,2,12,,,1,0,0,E-mail,0,desconto_pecas
C07784,Ranger,2014,160283,PF,Sul,9.8,0,15,7,1416.76,10.0,0,0,0,WhatsApp,0,desconto_pecas
C04824,Ranger,2020,72700,PF,Sul,26.1,0,5,5,687.15,5.0,0,0,2,App FordPass,1,revisao_preco_fixo
C05747,Transit,2015,215313,PF,Nordeste,8.5,0,6,53,1995.7,5.0,0,0,0,WhatsApp,1,revisao_preco_fixo
C09955,Ranger,2015,79077,PF,Norte,,0,7,43,,9.0,0,0,0,Ligacao,0,checkup_gratuito
C07165,Ranger,2020,132381,PJ_Frota,Nordeste,16.0,0,10,6,1458.27,9.0,0,0,0,App FordPass,0,revisao_preco_fixo
C05259,Ka,2021,41547,PF,Sudeste,6.8,0,2,19,565.41,6.0,0,0,1,App FordPass,0,revisao_preco_fixo
C06936,Mustang,2022,46857,PF,Nordeste,42.1,0,1,30,1305.73,7.0,1,0,0,App FordPass,0,revisao_preco_fixo
C08002,EcoSport,2017,121012,PF,Norte,28.7,0,11,2,499.16,8.0,1,0,0,WhatsApp,0,desconto_pecas
C08924,Ranger,2014,199299,PF,Sudeste,2.6,0,9,60,1331.28,7.0,0,0,2,E-mail,1,desconto_pecas
C07472,EcoSport,2018,83811,PF,Nordeste,11.3,0,7,47,973.03,6.0,1,0,0,App FordPass,0,checkup_gratuito
C03698,Ka,2014,232608,PF,Sudeste,24.9,0,13,7,834.46,7.0,0,0,0,WhatsApp,0,desconto_pecas
C03543,EcoSport,2020,50689,PF,Sudeste,4.7,0,3,6,866.41,7.0,1,0,1,Ligacao,0,checkup_gratuito
C05104,Maverick,2016,124768,PF,Sudeste,14.7,0,9,54,1475.39,8.0,0,0,0,E-mail,1,checkup_gratuito
C06419,Territory,2020,211811,PJ_Frota,Sudeste,6.2,0,1,26,,7.0,1,0,0,E-mail,1,plano_frota
C01046,Ka,2015,156221,PF,Centro-Oeste,35.5,0,4,60,740.03,4.0,0,0,1,WhatsApp,1,desconto_pecas
C09500,Territory,2022,33213,PF,Norte,,0,4,6,1049.93,,0,0,0,Ligacao,0,pacote_revisoes
C02594,EcoSport,2015,72250,PF,Nordeste,27.2,0,5,51,611.85,6.0,0,0,0,WhatsApp,1,checkup_gratuito
C07551,Territory,2017,145682,PF,Sudeste,3.3,0,7,29,1537.22,4.0,1,1,0,Ligacao,1,checkup_gratuito
C03683,Ranger,2015,143018,PF,Nordeste,8.6,0,12,7,1794.81,6.0,0,0,0,WhatsApp,1,desconto_pecas
C03962,Territory,2020,118644,PF,Centro-Oeste,58.0,0,8,21,974.35,6.0,0,0,1,WhatsApp,1,desconto_pecas
C08262,Maverick,2014,90223,PF,Nordeste,18.2,0,5,27,,10.0,0,0,0,Ligacao,1,desconto_pecas
C01359,Ka,2016,139495,PF,Sudeste,15.6,0,5,1,712.42,7.0,1,0,0,WhatsApp,0,desconto_pecas
C01654,Transit,2021,80685,PJ_Frota,Sudeste,11.1,0,2,11,1372.81,5.0,0,0,0,WhatsApp,0,plano_frota
C03389,EcoSport,2014,316899,PF,Norte,34.3,0,6,60,628.69,5.0,0,0,0,App FordPass,1,desconto_pecas
C07330,EcoSport,2014,147896,PF,Sudeste,8.9,0,5,52,,5.0,0,0,0,Ligacao,1,checkup_gratuito
C06182,Maverick,2021,63117,PF,Sul,18.5,0,1,13,1256.31,6.0,0,1,0,Ligacao,1,checkup_gratuito
C08092,EcoSport,2018,103357,PF,Sudeste,9.6,0,6,3,716.69,5.0,0,0,2,App FordPass,0,pacote_revisoes
C01517,Transit,2021,63595,PF,Sudeste,7.6,0,2,27,636.67,5.0,1,0,0,App FordPass,1,revisao_preco_fixo
C09460,Maverick,2016,146210,PF,Sudeste,13.4,0,6,48,1032.78,6.0,0,0,0,WhatsApp,1,checkup_gratuito
C03353,EcoSport,2020,138566,PJ_Frota,Nordeste,11.6,0,9,1,713.87,10.0,0,0,0,WhatsApp,0,plano_frota
C07780,Bronco Sport,2015,197404,PF,Sudeste,7.2,0,10,1,1014.74,7.0,1,0,1,App FordPass,1,desconto_pecas
C02932,Territory,2014,128032,PF,Sul,9.6,0,4,60,1487.29,4.0,0,0,0,Ligacao,1,checkup_gratuito
C07453,Territory,2025,7925,PF,Sudeste,22.2,1,1,1,697.96,7.0,0,0,0,WhatsApp,0,pacote_revisoes
C03939,Ka,2020,83271,PF,Centro-Oeste,32.7,0,1,18,766.94,5.0,0,0,0,E-mail,0,revisao_preco_fixo
C04881,Territory,2025,9950,PF,Nordeste,15.0,1,1,1,,8.0,1,0,0,App FordPass,0,checkup_gratuito
C06347,Bronco Sport,2025,9090,PF,Centro-Oeste,4.8,1,1,2,920.19,9.0,1,0,0,WhatsApp,0,checkup_gratuito
C07174,EcoSport,2016,294496,PJ_Frota,Sudeste,7.1,0,17,31,821.4,10.0,0,0,0,E-mail,1,plano_frota
C06862,Ka,2017,82269,PF,Sudeste,3.5,0,8,3,887.77,8.0,0,0,0,WhatsApp,0,desconto_pecas
C03732,Territory,2023,45080,PF,Sudeste,9.5,1,3,11,847.13,6.0,1,0,1,App FordPass,1,pacote_revisoes
C00843,Ranger,2025,15020,PF,Centro-Oeste,27.6,1,1,9,853.92,10.0,1,0,0,E-mail,0,pacote_revisoes
C08047,Transit,2022,164466,PJ_Frota,Sul,4.0,0,5,13,1013.34,5.0,0,0,0,WhatsApp,0,plano_frota
C01786,EcoSport,2017,82842,PF,Nordeste,,0,1,37,713.22,5.0,1,0,2,WhatsApp,1,checkup_gratuito
C09242,Ka,2015,364919,PJ_Frota,Nordeste,,0,12,12,1174.2,7.0,0,0,0,E-mail,1,desconto_pecas
C06194,Ka,2019,87815,PF,Sul,7.1,0,2,4,717.88,7.0,0,0,0,E-mail,1,checkup_gratuito
C06386,EcoSport,2021,51602,PF,Sudeste,18.9,0,2,8,836.3,,0,0,0,Ligacao,0,revisao_preco_fixo
C06712,EcoSport,2014,75216,PF,Sul,24.9,0,9,8,17101.75,9.0,0,0,1,WhatsApp,0,desconto_pecas
C00217,Ka,2018,101388,PF,Sudeste,5.7,0,8,1,1160.57,6.0,1,0,1,WhatsApp,1,desconto_pecas
C01555,Bronco Sport,2024,33096,PF,Sudeste,6.9,1,3,0,923.88,10.0,1,0,1,App FordPass,0,pacote_revisoes
C08923,EcoSport,2014,150363,PF,Sudeste,15.4,0,8,26,1273.12,6.0,0,1,0,Ligacao,1,checkup_gratuito
C06006,Territory,2014,146538,PF,Nordeste,23.8,0,6,19,752.22,6.0,0,0,0,WhatsApp,1,desconto_pecas
C00047,EcoSport,2021,92622,PF,Sudeste,5.6,0,8,2,958.33,8.0,0,0,0,WhatsApp,0,revisao_preco_fixo
C03057,Ka,2015,147079,PF,sul,9.8,0,6,2,,7.0,0,1,1,E-mail,0,checkup_gratuito
C09259,Ranger,2017,270571,PJ_Frota,Sudeste,13.0,0,8,20,1627.25,7.0,0,0,0,WhatsApp,1,desconto_pecas
C06737,Territory,2019,124710,PF,Norte,39.4,0,3,44,1173.38,6.0,0,0,1,WhatsApp,1,checkup_gratuito
C01366,EcoSport,2015,171355,PF,Sudeste,6.9,0,11,14,628.79,9.0,0,0,1,WhatsApp,0,desconto_pecas
C07933,Ka,2019,75320,PF,Norte,,0,0,8,1141.66,9.0,1,0,0,E-mail,1,revisao_preco_fixo
C04655,Maverick,2016,177011,PF,Sudeste,6.9,0,9,2,772.65,8.0,1,0,0,E-mail,0,desconto_pecas
C03816,Ranger,2016,150598,PF,sul,8.3,0,5,60,783.72,6.0,0,0,1,,1,desconto_pecas
C09579,Ka,2014,211645,PF,Sudeste,14.2,0,5,53,1135.27,5.0,0,0,0,App FordPass,1,desconto_pecas
C08250,Ranger,2018,89405,PF,Sudeste,5.9,0,1,39,1914.6,3.0,0,1,1,E-mail,1,checkup_gratuito
C04463,Transit,2016,478780,PJ_Frota,Sudeste,8.3,0,26,11,1035.3,8.0,1,0,0,Ligacao,0,desconto_pecas
C05326,Territory,2023,23320,PF,Sudeste,5.0,1,0,14,1330.7,8.0,1,0,0,App FordPass,0,pacote_revisoes
C06375,EcoSport,2021,41041,PF,Centro-Oeste,17.4,0,4,30,483.61,7.0,1,0,0,App FordPass,0,revisao_preco_fixo
C03556,Ranger,2014,154518,PF,Sul,11.3,0,9,60,1841.89,6.0,0,0,0,,1,checkup_gratuito
C07957,EcoSport,2021,57611,PF,Norte,42.2,0,3,11,539.0,7.0,1,0,1,Ligacao,0,pacote_revisoes
C07595,Mustang,2026,5328,PF,Sudeste,5.8,1,0,8,1901.23,6.0,0,0,1,App FordPass,1,pacote_revisoes
C07008,Ka,2017,175784,PF,Nordeste,,0,13,35,1012.43,10.0,0,1,0,WhatsApp,1,desconto_pecas
C00146,EcoSport,2021,50208,PF,Sudeste,3.6,0,2,30,372.75,5.0,0,0,2,WhatsApp,0,revisao_preco_fixo
C07526,Maverick,2015,143784,PF,Norte,110.2,0,1,6,1524.58,8.0,0,0,0,App FordPass,1,revisao_preco_fixo
C04543,Ranger,2022,43527,PF,Centro-Oeste,7.4,0,0,15,1224.24,6.0,1,1,0,E-mail,1,checkup_gratuito
C04179,Mustang,2015,210162,PF,Sudeste,27.5,0,18,0,1464.47,10.0,0,0,0,,0,desconto_pecas
C03731,Mustang,2017,137599,PF,Sudeste,4.7,0,11,10,2244.2,7.0,0,0,1,WhatsApp,0,revisao_preco_fixo
C08435,Maverick,2017,204711,PF,Nordeste,19.8,0,7,3,773.46,6.0,0,0,0,App FordPass,0,desconto_pecas
C06914,Bronco Sport,2023,39924,PF,Nordeste,30.8,1,2,5,,6.0,1,0,0,App FordPass,0,pacote_revisoes
C08373,Ranger,2031,63271,PF,Sudeste,,0,6,48,801.14,,0,1,0,WhatsApp,0,checkup_gratuito
C00794,Ka,2015,174471,PF,Sudeste,6.2,0,9,15,424.78,8.0,0,0,2,E-mail,0,desconto_pecas
C04671,EcoSport,2018,149293,PF,Sudeste,6.2,0,6,10,1177.86,6.0,0,0,1,App FordPass,1,desconto_pecas
C02938,EcoSport,2015,96803,PF,Nordeste,29.6,0,7,0,,7.0,0,0,1,Ligacao,0,desconto_pecas
C03968,Ranger,2024,23007,PF,Sudeste,14.1,1,2,3,1053.67,4.0,1,0,0,WhatsApp,0,pacote_revisoes
C01131,Ranger,2019,-90202,PF,Sudeste,6.5,0,4,2,1553.03,8.0,0,0,0,WhatsApp,0,desconto_pecas
C03526,Ka,2019,100074,PF,Nordeste,6.8,0,2,3,595.17,6.0,0,0,0,WhatsApp,1,revisao_preco_fixo
C09190,Ranger,2025,13625,PF,Norte,,1,1,3,1387.69,7.0,1,0,0,WhatsApp,0,revisao_preco_fixo
C04399,Bronco Sport,2020,52489,PF,Nordeste,11.2,0,3,23,1089.3,8.0,0,0,0,E-mail,1,revisao_preco_fixo
C08621,Territory,2020,51042,PF,Centro-Oeste,13.1,0,4,18,1005.83,8.0,0,0,1,Ligacao,0,revisao_preco_fixo
C08177,Territory,2019,96029,PF,Sul,5.8,0,5,32,1621.19,,1,0,1,Ligacao,1,revisao_preco_fixo
C02135,Ranger,2025,24620,PJ_Frota,Sul,4.7,1,2,10,810.02,8.0,1,0,0,App FordPass,0,plano_frota
C00211,Territory,2017,196399,PF,Sudeste,6.7,0,12,31,,8.0,0,1,0,WhatsApp,0,desconto_pecas
C04137,Maverick,2016,60908,PF,Norte,25.5,0,5,43,896.11,7.0,0,0,0,WhatsApp,1,checkup_gratuito
C01356,Ranger,2025,6195,PF,Sul,25.6,1,1,1,1298.52,,0,0,0,WhatsApp,0,pacote_revisoes
C00666,Maverick,2016,79564,PF,Sudeste,9.9,0,7,9,970.65,,0,0,1,E-mail,0,desconto_pecas
C07567,Territory,2024,87448,PJ_Frota,Sul,30.5,1,3,1,644.2,6.0,1,0,0,App FordPass,0,pacote_revisoes
C09605,Transit,2023,93409,PJ_Frota,Sul,23.1,1,7,0,1296.16,7.0,0,0,0,WhatsApp,0,plano_frota
C06831,Territory,2021,39986,PF,Nordeste,9.7,0,4,4,1377.96,10.0,0,0,0,Ligacao,0,revisao_preco_fixo
C03263,Ranger,2014,119417,PF,Sudeste,24.9,0,1,25,,7.0,0,0,0,WhatsApp,1,desconto_pecas
C01481,Ka,2017,70978,PF,Nordeste,14.3,0,4,60,629.17,6.0,0,0,0,WhatsApp,1,desconto_pecas
C02067,Transit,2026,6255,PF,Norte,35.4,1,0,1,,7.0,1,0,0,App FordPass,0,pacote_revisoes
C06714,Territory,2017,123004,PF,Sudeste,,0,8,8,817.14,7.0,1,0,0,App FordPass,0,desconto_pecas
C06608,Ka,2015,177651,PF,Sudeste,7.4,0,4,6,928.23,7.0,1,0,0,WhatsApp,0,desconto_pecas
C07428,Territory,2019,123523,PF,Sul,11.5,0,10,4,767.57,8.0,0,0,0,E-mail,0,desconto_pecas
C07995,EcoSport,2018,112356,PF,SUDESTE,3.7,0,9,10,596.76,10.0,0,0,0,WhatsApp,0,desconto_pecas
C08703,EcoSport,2015,148941,PF,Sudeste,3.5,0,9,60,1219.44,6.0,0,0,1,WhatsApp,1,checkup_gratuito
C02701,Ranger,2024,13925,PF,Nordeste,9.7,1,1,6,992.61,5.0,1,0,0,E-mail,0,pacote_revisoes
C08328,Maverick,2023,47172,PF,Sudeste,2.3,1,4,1,762.22,7.0,1,0,0,E-mail,0,pacote_revisoes
C00116,Bronco Sport,2018,42228,PF,Norte,39.0,0,6,21,852.43,7.0,1,0,1,WhatsApp,0,revisao_preco_fixo
C09070,EcoSport,2021,57892,PF,Sul,,0,2,26,833.39,5.0,0,0,1,Ligacao,1,revisao_preco_fixo
C09724,Territory,2015,143542,PF,Sudeste,17.9,0,5,47,1042.57,8.0,0,1,0,E-mail,1,desconto_pecas
C06492,Maverick,2023,42348,PF,sul,21.5,1,3,2,631.26,8.0,0,0,1,E-mail,0,pacote_revisoes
C06947,Bronco Sport,2022,29267,PF,Sudeste,5.9,0,3,4,1229.69,8.0,1,0,1,App FordPass,0,revisao_preco_fixo
C09818,Ranger,2021,165444,PJ_Frota,Nordeste,6.3,0,13,42,1051.5,8.0,1,0,0,WhatsApp,0,plano_frota
C09148,Ranger,2014,323409,PF,Sudeste,9.3,0,20,43,1866.55,,0,0,0,Ligacao,1,revisao_preco_fixo
C04525,Ranger,2023,47819,PF,Nordeste,21.4,1,4,12,1284.86,7.0,1,0,0,Ligacao,1,pacote_revisoes
C01476,Ranger,2025,8645,PF,SUDESTE,5.6,1,1,6,900.06,9.0,1,0,0,E-mail,0,pacote_revisoes
C00378,Ranger,2018,214917,PF,Sul,19.6,0,11,3,1272.53,9.0,0,0,0,App FordPass,1,desconto_pecas
C04613,Ranger,2025,19168,PF,Sudeste,7.4,1,1,2,809.25,9.0,1,0,0,E-mail,0,pacote_revisoes
C06189,Territory,2014,230485,PF,Sudeste,4.6,0,8,25,1271.88,5.0,0,0,0,E-mail,1,desconto_pecas
C00419,Mustang,2023,39625,PF,Nordeste,,1,2,15,1424.97,5.0,1,0,0,WhatsApp,1,pacote_revisoes
C03756,EcoSport,2015,176544,PF,Norte,43.5,0,4,60,1386.35,7.0,0,0,0,E-mail,1,checkup_gratuito
C06610,Bronco Sport,2026,3371,PF,Sudeste,8.8,1,0,3,1525.18,7.0,0,0,0,App FordPass,0,pacote_revisoes
C00583,Ranger,2020,181731,PJ_Frota,Sul,14.8,0,11,6,1601.87,6.0,1,0,0,WhatsApp,0,plano_frota
C07946,Transit,2014,660157,PJ_Frota,Sudeste,3.8,0,23,57,2270.2,7.0,0,0,0,WhatsApp,1,desconto_pecas
C07757,Ka,2021,43838,PF,Centro-Oeste,22.9,0,1,1,483.17,3.0,1,0,0,E-mail,0,revisao_preco_fixo
C09529,EcoSport,2020,96894,PF,Nordeste,37.5,0,1,18,597.16,,0,0,0,WhatsApp,1,revisao_preco_fixo
C07457,Maverick,2025,6861,PF,Sul,5.0,1,1,4,759.78,9.0,0,0,0,WhatsApp,0,pacote_revisoes
C02737,Ranger,2019,111784,PJ_Frota,Norte,23.9,0,4,8,614.71,10.0,0,0,0,Ligacao,1,revisao_preco_fixo
C04479,Transit,2014,209877,PJ_Frota,Sul,15.9,0,10,12,1845.72,4.0,0,0,0,E-mail,1,desconto_pecas
C04984,EcoSport,2018,123145,PF,Centro-Oeste,33.8,0,6,16,1296.65,9.0,0,0,0,WhatsApp,0,revisao_preco_fixo
C06117,Ka,2019,92641,PF,Norte,44.5,0,3,7,548.68,8.0,0,0,0,WhatsApp,0,revisao_preco_fixo
C00306,Ranger,2018,282987,PJ_Frota,Sul,7.8,0,12,60,1173.61,6.0,0,0,0,WhatsApp,1,desconto_pecas
C06305,Ka,2014,169666,PF,Nordeste,11.6,0,14,30,623.92,6.0,1,0,0,WhatsApp,1,checkup_gratuito
C02837,EcoSport,2016,119163,PF,Sudeste,6.1,0,8,41,770.52,7.0,1,0,1,App FordPass,1,desconto_pecas
C03468,EcoSport,2015,190204,PF,Sudeste,4.8,0,8,13,506.59,8.0,0,0,0,,0,desconto_pecas
C08101,Ka,2014,249710,PF,Nordeste,16.8,0,21,60,781.68,8.0,0,0,0,WhatsApp,1,desconto_pecas
C05586,Territory,2022,145231,PJ_Frota,Sudeste,13.2,0,4,32,1196.53,9.0,0,0,0,Ligacao,1,plano_frota
C07788,Ranger,2021,113200,PF,Centro-Oeste,30.5,0,9,14,964.16,8.0,1,0,0,WhatsApp,0,revisao_preco_fixo
C04544,EcoSport,2017,83087,PF,Sudeste,16.3,0,4,27,25700.25,6.0,1,0,0,E-mail,1,checkup_gratuito
C00651,Mustang,2017,69685,PF,Sul,4.6,0,4,60,1813.84,,0,0,0,E-mail,1,checkup_gratuito
C09120,Territory,2020,97043,PF,Sudeste,12.0,0,6,35,819.43,5.0,0,0,0,E-mail,1,checkup_gratuito
C01529,EcoSport,2020,86126,PF,Nordeste,47.1,0,1,9,595.35,6.0,0,1,0,WhatsApp,1,revisao_preco_fixo
C03868,Territory,2014,306473,PF,Sudeste,10.2,0,27,50,924.22,6.0,0,0,1,WhatsApp,1,desconto_pecas
C01074,Maverick,2025,6548,PF,Norte,55.4,1,1,5,1038.41,6.0,0,0,0,App FordPass,1,pacote_revisoes
C03147,Bronco Sport,2020,64435,PF,Sudeste,4.5,0,4,19,1258.34,4.0,1,0,1,App FordPass,1,revisao_preco_fixo
C03801,EcoSport,2018,188059,PJ_Frota,Nordeste,3.8,0,11,24,1004.75,7.0,0,0,1,App FordPass,0,plano_frota
C09562,Ka,2016,172135,PF,Sudeste,,0,14,45,702.01,,0,0,0,App FordPass,0,desconto_pecas
C00608,Bronco Sport,2026,3679,PF,Norte,135.6,1,0,2,1055.93,9.0,1,0,0,App FordPass,0,pacote_revisoes
C05421,Ranger,2015,179607,PF,Sudeste,11.1,0,9,60,1074.73,6.0,0,0,0,Ligacao,1,checkup_gratuito
C06095,Ranger,2024,38095,PF,Sudeste,15.5,1,1,8,1267.25,7.0,1,1,0,Ligacao,0,pacote_revisoes
C04249,Maverick,2025,22305,PF,Sul,17.6,1,1,5,1269.36,7.0,1,0,0,App FordPass,0,pacote_revisoes
C08231,EcoSport,2021,106022,PF,SUDESTE,4.1,0,8,10,755.9,9.0,0,0,0,Ligacao,0,revisao_preco_fixo
C02798,Territory,2014,232975,PF,Sul,10.9,0,9,8,755.57,8.0,0,0,0,WhatsApp,0,desconto_pecas
C01779,Ranger,2023,34252,PF,Norte,71.3,1,3,5,1240.63,8.0,1,0,0,Ligacao,0,pacote_revisoes
C01943,Ka,2015,83090,PF,Sudeste,9.2,0,5,60,1070.94,7.0,0,0,0,E-mail,1,revisao_preco_fixo
C09240,EcoSport,2016,170905,PF,Nordeste,12.6,0,13,4,668.46,,0,0,0,App FordPass,0,desconto_pecas
C04827,Ranger,2021,86077,PF,Sudeste,5.3,0,7,8,1238.08,9.0,0,0,0,WhatsApp,0,revisao_preco_fixo
C09162,Territory,2022,47266,PF,Sudeste,3.6,0,4,5,963.08,6.0,1,0,1,App FordPass,0,pacote_revisoes
C08185,Transit,2022,156975,PJ_Frota,Sudeste,19.9,0,2,8,1002.92,8.0,0,0,1,App FordPass,0,plano_frota
C03983,EcoSport,2019,62007,PF,Nordeste,44.8,0,5,17,882.46,10.0,0,0,0,Ligacao,1,revisao_preco_fixo
C01770,Territory,2017,154198,PF,Sudeste,7.6,0,12,10,1181.84,5.0,0,0,0,Ligacao,0,desconto_pecas
C02865,Ka,2018,83514,PF,Centro-Oeste,12.2,0,6,30,,7.0,0,0,0,Ligacao,0,desconto_pecas
C06531,Transit,2020,206359,PJ_Frota,Sudeste,10.0,0,7,6,1281.26,4.0,0,0,0,WhatsApp,1,plano_frota
C05162,Ka,2019,65439,PF,Nordeste,6.5,0,3,2,358.67,7.0,0,0,0,WhatsApp,0,revisao_preco_fixo
C03418,Ka,2016,150955,PF,Sudeste,5.8,0,5,19,838.98,5.0,1,0,1,App FordPass,1,desconto_pecas
C02462,Ka,2019,73437,PF,Sudeste,6.8,0,4,18,788.46,,1,0,1,E-mail,0,revisao_preco_fixo
C09959,EcoSport,2015,107773,PF,Centro-Oeste,20.8,0,5,60,870.57,6.0,0,0,0,E-mail,1,checkup_gratuito
C07039,Transit,2022,136573,PJ_Frota,Nordeste,23.7,0,10,13,693.1,7.0,1,0,0,App FordPass,0,plano_frota
C03802,EcoSport,2016,93133,PF,Sudeste,22.5,0,6,22,715.85,8.0,0,0,0,E-mail,1,revisao_preco_fixo
C06599,Ranger,2016,70843,PF,Nordeste,39.8,0,6,45,1509.27,4.0,0,0,0,WhatsApp,1,checkup_gratuito
C08354,Ranger,2015,439665,PJ_Frota,Sudeste,5.8,0,14,16,1407.66,6.0,1,0,0,E-mail,1,desconto_pecas
C05573,Maverick,2018,119045,PF,Nordeste,12.9,0,9,24,1650.54,6.0,0,0,1,WhatsApp,1,revisao_preco_fixo
C00715,Ka,2021,123799,PF,Sudeste,12.3,0,1,12,486.45,8.0,1,0,0,App FordPass,1,pacote_revisoes
C03211,Bronco Sport,2021,79942,PF,Sudeste,5.6,0,7,3,1318.88,,1,0,1,App FordPass,0,pacote_revisoes
C00414,Ka,2018,89057,PF,Sudeste,5.8,0,5,31,857.16,8.0,0,0,0,Ligacao,1,checkup_gratuito
C06935,Bronco Sport,2021,44451,PF,Sul,8.7,0,3,23,1210.9,9.0,0,0,0,E-mail,0,revisao_preco_fixo
C02993,Ranger,2016,340694,PJ_Frota,Sudeste,3.1,0,25,30,2299.72,,0,0,0,WhatsApp,0,plano_frota
C07976,Maverick,2024,29620,PF,Nordeste,12.2,1,1,1,874.91,7.0,0,0,0,WhatsApp,0,pacote_revisoes
C07982,Transit,2014,248445,PJ_Frota,Norte,,0,7,24,1222.31,5.0,1,0,0,WhatsApp,0,plano_frota
C03127,Ka,2017,85344,PF,Nordeste,5.1,0,2,10,345.1,5.0,0,0,0,App FordPass,1,checkup_gratuito
C01827,Ranger,2014,342203,PJ_Frota,SUDESTE,5.0,0,29,15,1690.0,6.0,0,0,0,,0,desconto_pecas
C04589,Mustang,2015,111009,PF,Sul,5.7,0,3,1,1878.36,10.0,0,0,0,App FordPass,1,desconto_pecas
C08973,Ka,2017,163106,PF,Sudeste,5.7,0,15,60,714.7,8.0,1,0,0,App FordPass,1,desconto_pecas
C07109,Ka,2017,98316,PF,Sul,10.0,0,8,8,603.29,8.0,1,0,0,E-mail,0,checkup_gratuito
C06946,Bronco Sport,2021,63205,PF,Norte,54.2,0,2,2,1096.69,6.0,0,0,0,WhatsApp,0,revisao_preco_fixo
C09666,Transit,2015,120288,PF,Norte,20.5,0,10,41,1099.65,3.0,0,0,2,WhatsApp,1,checkup_gratuito
C09249,Maverick,2019,310170,PJ_Frota,Sudeste,5.3,0,23,39,1024.16,7.0,0,0,0,App FordPass,1,desconto_pecas
C00890,EcoSport,2019,150913,PF,Sudeste,12.4,0,7,1,692.93,9.0,1,0,0,E-mail,0,revisao_preco_fixo
C08361,Mustang,2020,63337,PF,Nordeste,13.8,0,1,10,2802.27,7.0,0,0,1,WhatsApp,1,revisao_preco_fixo
C06892,Ka,2018,158726,PF,Sudeste,4.0,0,6,14,871.15,7.0,0,0,2,WhatsApp,0,pacote_revisoes
C07785,Transit,2023,45096,PF,Sudeste,4.5,1,3,37,640.09,,1,0,0,App FordPass,0,checkup_gratuito
C02545,Ranger,2026,6842,PF,Nordeste,7.0,1,0,4,817.46,6.0,1,0,1,,0,revisao_preco_fixo
C09503,EcoSport,2019,68675,PF,Norte,18.9,0,5,14,541.39,7.0,1,0,0,App FordPass,1,checkup_gratuito
C03934,Ranger,2023,17127,PF,Nordeste,12.1,1,1,2,1310.99,7.0,0,1,0,Ligacao,0,pacote_revisoes
C08717,Ka,2019,64484,PF,Sudeste,11.4,0,5,13,753.24,8.0,0,0,0,App FordPass,0,checkup_gratuito
C08041,Ranger,2017,105962,PF,Norte,22.8,0,5,60,2135.14,7.0,1,0,1,App FordPass,1,revisao_preco_fixo
C05316,Ka,2018,86412,PF,Nordeste,27.9,0,2,60,656.84,10.0,0,0,0,E-mail,1,checkup_gratuito
C07826,Maverick,2016,204686,PF,Sudeste,5.5,0,8,33,846.98,5.0,0,0,0,WhatsApp,1,checkup_gratuito
C08124,Transit,2016,500239,PJ_Frota,Sul,6.8,0,37,24,1550.18,8.0,0,0,0,WhatsApp,0,desconto_pecas
C03087,Ranger,2026,2531,PF,Sudeste,5.8,1,0,3,890.64,,1,1,0,App FordPass,0,pacote_revisoes
C06865,EcoSport,2019,96062,PF,Sul,10.3,0,6,2,756.98,8.0,0,0,0,App FordPass,0,revisao_preco_fixo
C03827,EcoSport,2021,59741,PF,Nordeste,25.8,0,4,18,752.94,8.0,1,0,1,WhatsApp,1,revisao_preco_fixo
C02518,Ranger,2018,135834,PF,Sudeste,3.6,0,6,10,1047.02,7.0,0,0,0,WhatsApp,0,desconto_pecas
C02385,Bronco Sport,2020,128126,PJ_Frota,Sudeste,12.6,0,4,2,1707.88,6.0,0,0,0,E-mail,1,revisao_preco_fixo
C03221,Maverick,2021,69370,PF,Nordeste,6.4,0,3,11,847.96,7.0,1,0,0,WhatsApp,0,revisao_preco_fixo
C02673,Ranger,2016,94667,PF,Nordeste,7.3,0,9,20,2316.83,6.0,0,0,0,App FordPass,0,revisao_preco_fixo
C09241,Ranger,2021,89482,PF,Centro Oeste,29.0,0,3,8,802.91,8.0,0,0,1,App FordPass,0,checkup_gratuito
C02302,Ranger,2016,113169,PJ_Frota,Centro-Oeste,23.9,0,6,32,1078.71,6.0,1,0,0,WhatsApp,1,plano_frota
C07471,Maverick,2022,135590,PJ_Frota,Sudeste,7.5,0,6,3,692.0,4.0,0,0,2,WhatsApp,1,plano_frota
C08140,EcoSport,2016,160282,PF,Nordeste,9.7,0,9,29,944.11,,0,0,0,WhatsApp,0,desconto_pecas
C04933,EcoSport,2019,172512,PF,SUDESTE,44.8,0,11,8,800.64,8.0,0,0,1,Ligacao,0,desconto_pecas
C09076,Maverick,2017,304508,PJ_Frota,Sudeste,16.5,0,18,11,825.43,10.0,1,0,0,Ligacao,0,plano_frota
C04879,Ranger,2023,90064,PJ_Frota,Nordeste,7.2,1,3,1,740.12,7.0,0,0,0,App FordPass,0,plano_frota
C00283,EcoSport,2016,288620,PJ_Frota,Norte,21.3,0,14,41,1150.17,,0,0,0,WhatsApp,0,checkup_gratuito
C00591,Ranger,2016,138549,PF,Centro-Oeste,27.0,0,3,43,1274.63,8.0,0,0,0,E-mail,1,checkup_gratuito
C05348,Territory,2022,44999,PF,Sul,,0,1,20,711.13,5.0,0,0,0,WhatsApp,1,desconto_pecas
C07611,Bronco Sport,2016,124976,PF,Sul,,0,2,60,1138.0,6.0,0,1,0,E-mail,1,checkup_gratuito
C04561,EcoSport,2020,133246,PF,Norte,34.5,0,1,42,,7.0,0,0,0,E-mail,1,revisao_preco_fixo
C01273,Territory,2019,79339,PF,Sudeste,2.8,0,4,60,738.34,8.0,0,0,1,App FordPass,0,checkup_gratuito
C03861,Ka,2021,78301,PF,Centro-Oeste,13.5,0,4,20,1112.85,6.0,1,0,0,App FordPass,1,revisao_preco_fixo
C03110,EcoSport,2021,60423,PF,Sudeste,13.5,0,2,1,942.95,4.0,1,0,1,E-mail,0,revisao_preco_fixo
C05295,Territory,2026,1783,PF,Sudeste,22.1,1,0,6,604.83,7.0,1,1,0,WhatsApp,0,pacote_revisoes
C03402,Ranger,2023,87209,PJ_Frota,Sudeste,6.1,1,8,27,1200.81,5.0,1,0,0,Ligacao,0,plano_frota
C09532,Transit,2024,53830,PJ_Frota,Sul,10.6,1,4,2,1132.65,7.0,1,0,0,WhatsApp,0,plano_frota
C09114,Ranger,2026,4247,PF,Sudeste,12.5,1,0,0,1117.26,6.0,0,0,1,WhatsApp,0,pacote_revisoes
C01474,Ranger,2026,4236,PF,Sudeste,12.0,1,0,15,1293.93,7.0,1,0,0,App FordPass,0,pacote_revisoes
C08971,Ranger,2014,167513,PF,Sudeste,14.7,0,2,22,1083.74,6.0,0,0,0,,1,desconto_pecas
C07602,Ranger,2017,168279,PF,Sudeste,17.6,0,6,60,,,0,0,1,WhatsApp,1,checkup_gratuito
C07112,Territory,2024,38904,PF,Sudeste,12.7,1,3,5,1297.5,9.0,0,0,0,WhatsApp,0,pacote_revisoes
C09369,Bronco Sport,2025,12775,PF,Nordeste,14.4,1,1,2,742.87,10.0,1,0,0,WhatsApp,0,pacote_revisoes
C07047,EcoSport,2019,105516,PF,Centro-Oeste,49.1,0,1,27,864.65,4.0,1,0,0,Ligacao,1,revisao_preco_fixo
C05136,Ka,2020,58501,PF,Sudeste,6.8,0,4,0,348.75,8.0,0,0,0,E-mail,1,revisao_preco_fixo
C01141,Maverick,2025,11958,PF,Sudeste,6.0,1,1,1,836.17,8.0,1,0,0,WhatsApp,0,pacote_revisoes
C03840,Territory,2017,148659,PF,Sudeste,10.4,0,10,26,1287.29,8.0,0,0,0,WhatsApp,1,desconto_pecas
C04521,Ranger,2020,77042,PF,Sudeste,10.7,0,3,9,1625.42,8.0,0,0,0,Ligacao,0,revisao_preco_fixo
C03483,Territory,2026,3510,PF,SUDESTE,13.2,1,0,2,,7.0,0,0,0,WhatsApp,0,pacote_revisoes
C01714,EcoSport,2019,97545,PF,Centro-Oeste,23.5,0,3,1,1038.74,4.0,0,0,0,Ligacao,0,revisao_preco_fixo
C00632,Ka,2019,120414,PF,Norte,32.8,0,2,9,615.66,8.0,0,1,0,Ligacao,1,revisao_preco_fixo
C09482,Transit,2016,105688,PF,Norte,18.3,0,5,60,1169.87,9.0,0,0,0,WhatsApp,1,revisao_preco_fixo
C08714,Ka,2020,96705,PF,sul,14.9,0,7,11,587.27,7.0,0,0,0,WhatsApp,0,pacote_revisoes
C09646,Ranger,2025,10795,PF,Centro-Oeste,18.5,1,1,0,1559.22,6.0,1,0,0,App FordPass,0,pacote_revisoes
C00552,Ka,2014,104668,PF,Norte,31.9,0,8,9,742.93,6.0,0,0,1,App FordPass,1,revisao_preco_fixo
C09863,Transit,2024,64322,PJ_Frota,Norte,15.3,1,3,1,467.04,7.0,0,0,0,WhatsApp,0,plano_frota
C03727,EcoSport,2016,161322,PF,Nordeste,13.1,0,7,2,597.57,8.0,0,0,1,WhatsApp,0,desconto_pecas
C04083,EcoSport,2019,111668,PF,Sudeste,4.7,0,10,10,1214.35,9.0,0,0,0,WhatsApp,0,revisao_preco_fixo
C07641,Mustang,2021,46084,PF,Norte,36.4,0,5,5,1366.53,9.0,1,0,0,,0,revisao_preco_fixo
C09462,EcoSport,2018,84535,PF,Sul,19.1,0,3,33,521.69,,0,0,0,WhatsApp,1,checkup_gratuito
C09066,EcoSport,2018,111936,PF,Sul,20.5,0,8,2,528.85,,0,0,1,WhatsApp,0,desconto_pecas
C01876,EcoSport,2015,138639,PF,Nordeste,6.6,0,6,38,922.42,9.0,0,0,1,WhatsApp,0,revisao_preco_fixo
C08790,Mustang,2022,88335,PF,Sul,8.1,0,3,60,2566.5,8.0,1,0,0,WhatsApp,1,checkup_gratuito
C03653,EcoSport,2021,78558,PF,Sudeste,4.4,0,2,60,542.99,5.0,1,0,0,E-mail,1,checkup_gratuito
C06998,Maverick,2015,79701,PF,Sudeste,6.7,0,11,18,1241.47,9.0,0,0,0,WhatsApp,1,revisao_preco_fixo
C05122,Ranger,2016,84900,PF,Sudeste,11.8,0,1,15,1172.09,7.0,0,0,0,Ligacao,1,revisao_preco_fixo
C09783,EcoSport,2020,81945,PF,Sudeste,6.5,0,5,5,,8.0,0,0,0,Ligacao,0,revisao_preco_fixo
C04698,Ranger,2026,12044,PJ_Frota,Sul,21.1,1,1,12,1448.88,8.0,1,0,0,WhatsApp,0,plano_frota
C02620,Maverick,2022,90051,PF,Nordeste,10.6,0,1,0,917.97,,0,0,0,WhatsApp,0,revisao_preco_fixo
C06000,Ranger,2026,4462,PJ_Frota,Nordeste,26.5,1,0,15,1324.59,,1,0,0,,0,plano_frota
C03093,Transit,2017,139916,PJ_Frota,Nordeste,33.6,0,6,12,1210.76,7.0,0,0,0,WhatsApp,0,plano_frota
C05431,Ranger,2020,249401,PJ_Frota,Nordeste,12.2,0,13,3,1105.84,7.0,1,0,1,Ligacao,0,plano_frota
C03064,Ranger,2022,55409,PJ_Frota,Sudeste,4.1,0,2,4,1471.74,7.0,1,0,0,App FordPass,0,plano_frota
C00492,Territory,2022,48134,PF,Norte,54.0,0,2,26,1258.84,8.0,1,0,0,WhatsApp,1,checkup_gratuito
C02744,Ranger,2021,72423,PF,Centro-Oeste,18.9,0,3,23,1173.54,5.0,0,0,0,E-mail,0,revisao_preco_fixo
C05587,EcoSport,2018,115121,PF,Sudeste,11.1,0,6,5,700.24,8.0,0,0,2,App FordPass,1,revisao_preco_fixo
C06579,Transit,2016,173554,PF,Sudeste,7.9,0,12,60,819.21,8.0,0,0,0,WhatsApp,1,checkup_gratuito
C02050,Transit,2024,44277,PF,Sul,7.7,1,2,5,1213.96,4.0,0,0,1,WhatsApp,1,pacote_revisoes
C04580,Territory,2021,35941,PF,Nordeste,2.4,0,0,42,1575.88,7.0,0,0,1,Ligacao,1,revisao_preco_fixo
C05334,EcoSport,2015,279936,PF,Sudeste,7.4,0,17,38,661.21,6.0,0,0,0,App FordPass,1,desconto_pecas
C05366,Ranger,2015,178156,PF,Centro-Oeste,25.2,0,10,32,1175.44,4.0,1,0,0,Ligacao,1,desconto_pecas
C00154,Ka,2021,93113,PF,Sudeste,6.3,0,3,0,1284.17,7.0,0,0,0,App FordPass,0,revisao_preco_fixo
C07203,Transit,2026,10342,PJ_Frota,Sudeste,10.7,1,0,1,,,0,0,0,WhatsApp,0,plano_frota
C04687,Ranger,2026,7434,PJ_Frota,Sul,20.5,1,0,4,1015.9,9.0,0,0,0,WhatsApp,0,plano_frota
C02390,Territory,2018,88720,PF,Sudeste,11.3,0,5,34,792.19,7.0,0,0,0,WhatsApp,0,revisao_preco_fixo
C07482,Ranger,2014,287433,PJ_Frota,Sudeste,4.1,0,12,6,1535.3,,0,0,0,WhatsApp,1,desconto_pecas
C07171,Ranger,2016,364221,PJ_Frota,Nordeste,20.1,0,15,41,1175.29,9.0,0,0,0,E-mail,1,desconto_pecas
C00300,Bronco Sport,2019,106854,PF,Sudeste,11.0,0,5,9,1135.45,6.0,0,1,1,App FordPass,0,revisao_preco_fixo
C02172,Ranger,2024,19798,PF,Sudeste,6.8,1,1,3,1051.28,10.0,1,0,0,E-mail,0,pacote_revisoes
C09925,Transit,2025,26017,PJ_Frota,Nordeste,6.1,1,1,16,918.73,7.0,0,1,1,WhatsApp,1,plano_frota
C02459,Ranger,2025,19837,PF,Sudeste,3.5,1,1,6,,7.0,1,0,0,App FordPass,0,pacote_revisoes
C01573,Maverick,2016,188994,PF,Norte,18.6,0,8,60,,7.0,0,0,0,WhatsApp,0,checkup_gratuito
C01596,Ka,2021,43159,PF,Sudeste,4.5,0,4,6,514.76,9.0,1,0,0,App FordPass,0,plano_frota
C07036,Ka,2017,129923,PF,Norte,15.7,0,2,27,751.46,7.0,0,0,0,,1,desconto_pecas
C05954,Ranger,2015,143515,PF,Sudeste,6.4,0,5,36,970.65,6.0,0,0,0,WhatsApp,1,desconto_pecas
C07685,Maverick,2014,180341,PF,Sul,12.2,0,13,60,1239.62,7.0,1,0,0,App FordPass,1,checkup_gratuito
C09389,Ka,2019,117568,PF,Sudeste,3.1,0,5,47,861.68,6.0,1,0,0,WhatsApp,1,checkup_gratuito
C02885,EcoSport,2020,152798,PF,Centro-Oeste,47.6,0,6,26,485.38,6.0,1,0,0,App FordPass,0,desconto_pecas
C06426,Ka,2015,163430,PF,Sudeste,10.2,0,5,16,983.3,5.0,0,0,0,WhatsApp,1,desconto_pecas
C04733,EcoSport,2017,158513,PF,Nordeste,5.7,0,10,11,1017.63,9.0,0,1,1,Ligacao,0,checkup_gratuito
C02580,Ka,2014,186897,PJ_Frota,Sudeste,3.2,0,14,59,911.19,7.0,0,0,0,WhatsApp,1,desconto_pecas
C03562,Mustang,2026,5434,PF,Nordeste,16.7,1,0,18,910.33,3.0,1,0,1,E-mail,0,pacote_revisoes
C04439,EcoSport,2017,105853,PF,Nordeste,10.3,0,7,8,501.87,7.0,0,0,0,App FordPass,0,pacote_revisoes
C00465,Territory,2015,179248,PF,Centro-Oeste,17.2,0,8,31,859.38,7.0,0,0,0,App FordPass,0,checkup_gratuito
C08039,Maverick,2019,120320,PF,Sul,6.0,0,3,10,1994.88,4.0,0,0,0,App FordPass,1,revisao_preco_fixo
C07473,Ranger,2018,127869,PJ_Frota,Nordeste,10.2,0,5,1,831.08,8.0,1,0,0,WhatsApp,0,plano_frota
C05599,Ranger,2020,59814,PF,Nordeste,13.3,0,6,12,,9.0,0,0,0,WhatsApp,0,pacote_revisoes
C04855,Transit,2016,219128,PF,Nordeste,11.6,0,9,15,781.93,7.0,1,0,1,WhatsApp,1,desconto_pecas
C08243,Ranger,2016,111245,PF,sul,15.7,0,2,28,1274.56,,0,0,0,WhatsApp,1,desconto_pecas
C04931,Territory,2021,74816,PF,Sudeste,10.4,0,5,9,879.31,7.0,0,0,0,WhatsApp,0,revisao_preco_fixo
C06229,Ranger,2016,130082,PF,Norte,47.9,0,5,15,,,0,0,0,WhatsApp,1,desconto_pecas
C01186,Ranger,2023,31169,PF,Norte,23.9,1,2,3,838.7,10.0,0,0,0,App FordPass,0,pacote_revisoes
C07159,Ka,2020,61802,PF,Sul,12.9,0,5,8,577.44,7.0,0,0,0,App FordPass,0,revisao_preco_fixo
C02557,EcoSport,2020,38756,PF,Sudeste,14.8,0,5,16,680.54,10.0,0,1,0,App FordPass,0,revisao_preco_fixo
C02617,Maverick,2016,132223,PF,Sul,14.5,0,8,60,981.42,4.0,0,0,1,App FordPass,1,checkup_gratuito
C00163,Ka,2015,314261,PF,Sul,4.4,0,13,4,,10.0,0,0,0,WhatsApp,0,desconto_pecas
C05738,Mustang,2015,180054,PF,Sudeste,7.5,0,4,31,1684.21,6.0,0,1,0,App FordPass,1,checkup_gratuito
C03752,Ranger,2020,104931,PF,Centro-Oeste,30.8,0,5,6,1051.65,10.0,0,0,0,WhatsApp,0,revisao_preco_fixo
C04103,EcoSport,2019,124004,PF,Norte,,0,6,13,698.3,6.0,0,0,0,Ligacao,1,checkup_gratuito
C03965,Ka,2016,201289,PF,norte,41.6,0,12,60,468.86,8.0,0,0,0,Ligacao,0,desconto_pecas
C07942,Territory,2017,231005,PF,Sudeste,16.6,0,5,11,617.57,7.0,1,0,0,,0,desconto_pecas
C00483,EcoSport,2018,94023,PF,Nordeste,7.7,0,7,1,,,0,0,0,WhatsApp,0,checkup_gratuito
C07652,Ranger,2015,160012,PF,Sudeste,12.8,0,11,5,969.26,7.0,0,1,0,Ligacao,0,checkup_gratuito
C08705,Ranger,2019,85335,PF,Sudeste,4.5,0,6,8,1159.37,5.0,1,0,0,WhatsApp,0,revisao_preco_fixo
C05544,Ranger,2024,73011,PJ_Frota,Centro-Oeste,36.9,1,1,3,812.05,8.0,0,0,0,,0,plano_frota
C07679,Transit,2016,430540,PJ_Frota,Sul,18.8,0,10,34,2175.1,6.0,1,0,0,App FordPass,1,desconto_pecas
C00247,Ranger,2024,37167,PF,Sudeste,3.2,1,2,6,718.11,7.0,1,0,0,E-mail,0,pacote_revisoes
C02678,Bronco Sport,2017,98228,PF,Sudeste,8.1,0,5,60,1069.33,10.0,1,0,1,E-mail,1,checkup_gratuito
C00235,Maverick,2015,145672,PF,Sudeste,8.7,0,4,60,947.17,8.0,0,0,0,Ligacao,1,revisao_preco_fixo
C07288,Territory,2014,346251,PF,Sudeste,13.4,0,17,7,1884.36,10.0,0,0,0,WhatsApp,1,desconto_pecas
C00653,EcoSport,2015,101988,PF,Sudeste,,0,5,4,551.3,8.0,1,1,0,E-mail,0,desconto_pecas
C05956,Ranger,2018,125662,PF,Nordeste,8.0,0,11,8,958.76,10.0,0,0,0,WhatsApp,0,desconto_pecas
C02586,EcoSport,2015,187528,PF,Sudeste,10.0,0,9,60,1232.52,,0,0,0,App FordPass,1,desconto_pecas
C01870,EcoSport,2015,190521,PF,Sudeste,9.6,0,11,39,945.39,,0,0,0,App FordPass,1,desconto_pecas
C05570,Ka,2014,64270,PF,Sudeste,,0,4,20,899.1,6.0,0,0,1,E-mail,1,desconto_pecas
C05164,Territory,2016,102853,PF,Sul,15.3,0,8,25,902.09,9.0,0,0,0,WhatsApp,1,desconto_pecas
C09618,Territory,2014,182030,PF,Sudeste,9.3,0,15,15,1787.34,10.0,0,0,1,WhatsApp,1,desconto_pecas
C03266,Ka,2015,121359,PF,Nordeste,11.2,0,2,60,972.36,9.0,0,0,0,WhatsApp,1,checkup_gratuito
C07385,Maverick,2024,31383,PF,Sudeste,9.9,1,3,1,1048.35,6.0,0,0,0,WhatsApp,0,pacote_revisoes
C04804,Maverick,2018,262004,PJ_Frota,Nordeste,4.1,0,10,26,1648.75,6.0,0,0,0,App FordPass,1,revisao_preco_fixo
C06549,EcoSport,2021,88178,PF,Sul,15.6,0,5,7,1363.53,7.0,0,0,0,E-mail,0,checkup_gratuito
C08362,Ranger,2024,67388,PJ_Frota,Sudeste,12.7,1,2,6,635.28,6.0,0,0,0,Ligacao,0,plano_frota
C05354,Mustang,2023,48688,PF,Sudeste,7.9,1,3,5,1410.24,6.0,1,0,0,App FordPass,0,pacote_revisoes
C07861,Ka,2015,101948,PF,Centro-Oeste,21.7,0,7,12,776.19,6.0,0,0,1,WhatsApp,0,desconto_pecas
C01108,Transit,2021,197082,PJ_Frota,SUDESTE,11.8,0,3,2,1138.73,6.0,1,0,0,App FordPass,0,plano_frota
C03458,Ka,2020,82540,PF,Sul,16.9,0,3,19,718.61,10.0,0,0,0,App FordPass,0,revisao_preco_fixo
C02582,Ka,2014,202392,PF,Nordeste,6.9,0,11,19,818.45,4.0,0,0,1,WhatsApp,1,checkup_gratuito
C03269,Ka,2016,83293,PF,Nordeste,7.0,0,8,4,440.21,9.0,0,1,0,WhatsApp,0,checkup_gratuito
C07119,Territory,2024,17127,PF,Nordeste,4.7,1,2,12,641.38,7.0,1,0,0,WhatsApp,0,pacote_revisoes
C01784,EcoSport,2021,47132,PF,Nordeste ,9.4,0,1,26,676.78,10.0,0,0,0,WhatsApp,0,revisao_preco_fixo
C00685,EcoSport,2014,201572,PF,Sul,23.7,0,5,2,1050.54,5.0,0,0,0,App FordPass,0,desconto_pecas
C07296,Territory,2021,57276,PF,Sudeste,11.3,0,3,20,705.38,10.0,0,0,0,App FordPass,0,revisao_preco_fixo
C02454,Territory,2020,94284,PF,Sul,10.5,0,8,7,1003.11,5.0,1,0,0,App FordPass,0,revisao_preco_fixo
C07760,EcoSport,2015,295420,PF,Nordeste,8.2,0,10,12,1015.13,7.0,0,0,0,Ligacao,0,desconto_pecas
C05194,Mustang,2022,-81108,PF,Sul,7.3,0,4,9,1332.39,8.0,1,0,0,WhatsApp,0,revisao_preco_fixo
C02189,Transit,2025,19033,PJ_Frota,Sudeste,5.2,1,1,4,712.68,8.0,1,0,0,App FordPass,0,plano_frota
C01090,EcoSport,2015,105103,PF,sul,9.1,0,6,60,1120.72,7.0,0,0,0,,1,checkup_gratuito
C09856,Territory,2020,42479,PF,Nordeste,18.0,0,4,56,1087.99,10.0,0,0,0,E-mail,1,revisao_preco_fixo
C06299,Transit,2017,252080,PJ_Frota,Sudeste,5.1,0,13,38,1464.24,,0,0,0,E-mail,1,plano_frota
C09466,EcoSport,2020,38463,PF,Sudeste,10.3,0,6,19,407.39,9.0,0,1,0,App FordPass,0,revisao_preco_fixo
C07184,Ka,2021,63473,PF,Sul,34.0,0,1,12,592.12,,0,0,0,Ligacao,1,revisao_preco_fixo
C02720,Ranger,2018,74888,PF,Sudeste,3.9,0,4,26,,7.0,1,0,0,WhatsApp,0,desconto_pecas
C06962,Territory,2024,19902,PF,Sudeste,6.4,1,2,1,1554.04,,0,0,1,WhatsApp,0,pacote_revisoes
C08915,EcoSport,2014,142391,PF,Sudeste,2.9,0,5,56,723.16,9.0,0,0,0,App FordPass,0,checkup_gratuito
C02979,Maverick,2026,13428,PJ_Frota,Centro-Oeste,32.2,1,0,22,,9.0,0,0,0,WhatsApp,0,plano_frota
C09079,EcoSport,2017,91427,PF,Sudeste,3.6,0,2,1,537.13,7.0,0,0,0,WhatsApp,0,desconto_pecas
C05994,Territory,2015,177788,PF,Sul,30.8,0,5,60,1082.61,8.0,0,0,2,Ligacao,1,checkup_gratuito
C03161,Transit,2014,215720,PJ_Frota,Sudeste,19.3,0,8,34,1664.0,5.0,0,0,0,Ligacao,1,desconto_pecas
C07372,Ranger,2017,61699,PF,Nordeste,8.0,0,5,55,,7.0,0,0,0,Ligacao,1,checkup_gratuito
C02092,Territory,2014,113760,PF,Sudeste,3.3,0,6,60,734.96,6.0,1,0,0,App FordPass,1,desconto_pecas
C02366,EcoSport,2021,63088,PF,Norte,24.1,0,0,17,1179.16,5.0,1,0,0,WhatsApp,1,checkup_gratuito
C06307,Maverick,2023,47307,PF,Sul,,1,3,4,1258.87,6.0,1,0,0,App FordPass,0,pacote_revisoes
C06304,Bronco Sport,2023,16275,PF,Centro-Oeste,53.7,1,0,9,666.23,5.0,1,0,1,App FordPass,0,pacote_revisoes
C02409,Transit,2018,203662,PJ_Frota,Sul,7.0,0,11,55,908.46,9.0,1,0,0,WhatsApp,0,desconto_pecas
C01075,EcoSport,2016,108566,PF,Sudeste,5.4,0,7,31,1578.61,7.0,0,0,0,App FordPass,1,checkup_gratuito
C09974,Territory,2017,125093,PF,Sudeste,22.8,0,3,15,1351.41,7.0,0,0,0,App FordPass,1,revisao_preco_fixo
C08286,Ranger,2020,128481,PF,Sul,10.8,0,4,7,,7.0,0,0,0,App FordPass,1,desconto_pecas
C04705,EcoSport,2018,147376,PJ_Frota,Sudeste,14.5,0,2,37,935.54,8.0,0,0,0,WhatsApp,1,plano_frota
C05375,Territory,2024,64948,PF,Sudeste,14.6,1,6,0,560.23,8.0,0,0,0,WhatsApp,0,pacote_revisoes
C06602,EcoSport,2017,97060,PF,Sudeste,8.1,0,8,24,1024.0,,0,0,0,E-mail,0,pacote_revisoes
C04965,Ka,2021,62037,PF,Nordeste,22.3,0,1,7,417.52,9.0,1,0,0,App FordPass,0,revisao_preco_fixo
C02716,Ranger,2022,40608,PF,Sul,13.7,0,1,9,445.48,6.0,1,0,0,WhatsApp,1,checkup_gratuito
C05416,Ka,2016,107517,PF,Sudeste,7.5,0,9,5,780.78,7.0,0,0,1,E-mail,0,desconto_pecas
C08700,EcoSport,2014,238160,PF,Sul,7.9,0,8,9,1031.65,6.0,0,0,0,App FordPass,1,revisao_preco_fixo
C00331,EcoSport,2021,68155,PF,Centro-Oeste,15.0,0,2,10,1003.1,5.0,1,0,0,App FordPass,0,checkup_gratuito
C00447,Territory,2021,41721,PF,SUDESTE,4.5,0,3,15,859.58,,1,0,1,E-mail,1,revisao_preco_fixo
C08460,Mustang,2021,-53601,PF,SUDESTE,12.5,0,1,8,2178.58,6.0,0,0,1,E-mail,1,revisao_preco_fixo
C05070,EcoSport,2019,85723,PF,Sudeste,11.9,0,7,12,390.94,10.0,0,0,0,WhatsApp,0,desconto_pecas
C04874,Ranger,2018,56961,PF,Sudeste,11.3,0,5,60,1097.11,9.0,0,0,0,Ligacao,1,revisao_preco_fixo
C01044,Ka,2018,78400,PF,Nordeste,,0,7,7,1197.54,6.0,0,1,0,WhatsApp,0,revisao_preco_fixo
C03922,EcoSport,2014,186335,PF,Sudeste,5.5,0,11,2,662.52,9.0,0,0,0,Ligacao,1,desconto_pecas
C06060,Territory,2019,83148,PF,Sul,9.9,0,7,60,1245.4,7.0,0,0,0,App FordPass,1,checkup_gratuito
C02292,Territory,2019,84000,PF,SUDESTE,12.0,0,6,39,1799.55,9.0,0,0,0,WhatsApp,1,revisao_preco_fixo
C07772,Ka,2021,82336,PF,Nordeste,11.0,0,2,21,501.08,6.0,1,0,0,App FordPass,1,revisao_preco_fixo
C04442,Maverick,2021,79929,PF,Sudeste,22.2,0,2,10,1636.33,9.0,0,1,0,App FordPass,0,revisao_preco_fixo
C04222,EcoSport,2017,179106,PF,Centro-Oeste,26.4,0,9,1,679.45,6.0,0,0,0,E-mail,0,desconto_pecas
C02895,Ka,2021,87413,PF,sul,7.5,0,5,7,393.32,9.0,1,0,0,App FordPass,0,revisao_preco_fixo
C03512,Transit,2017,158475,PJ_Frota,Nordeste,22.6,0,12,12,1452.08,,0,0,0,WhatsApp,0,plano_frota
C01018,Ka,2021,57502,PF,SUDESTE,3.3,0,2,9,701.19,8.0,0,0,0,E-mail,0,revisao_preco_fixo
C05821,Maverick,2021,45293,PF,Sudeste,17.7,0,4,16,753.99,6.0,1,0,0,WhatsApp,0,revisao_preco_fixo
C05069,Ranger,2015,426252,PJ_Frota,Sul,9.1,0,25,2,1380.63,7.0,1,0,2,E-mail,1,desconto_pecas
C07182,Territory,2021,72031,PF,Centro-Oeste,20.3,0,4,21,1157.24,8.0,1,0,1,App FordPass,1,checkup_gratuito
C01520,EcoSport,2015,96892,PF,Sudeste,7.8,0,7,19,744.71,9.0,0,0,0,E-mail,0,desconto_pecas
C02598,Transit,2018,141227,PJ_Frota,Nordeste,31.2,0,7,9,744.2,9.0,1,0,0,App FordPass,0,desconto_pecas
C06518,EcoSport,2018,62179,PF,Sul,11.8,0,3,47,1045.78,7.0,0,0,0,WhatsApp,1,revisao_preco_fixo
C06244,Ka,2019,62484,PF,Sudeste,14.3,0,6,18,641.26,7.0,1,0,1,App FordPass,0,revisao_preco_fixo
C08675,Bronco Sport,2015,203680,PF,Sudeste,3.0,0,8,52,769.6,9.0,0,1,0,WhatsApp,1,desconto_pecas
C07031,EcoSport,2021,66702,PF,Sudeste,15.6,0,1,11,1021.99,4.0,0,0,0,WhatsApp,1,revisao_preco_fixo
C06544,EcoSport,2014,236429,PF,Norte,31.3,0,17,4,764.09,10.0,0,0,0,E-mail,0,desconto_pecas
C03788,EcoSport,2014,132191,PF,Sudeste,5.3,0,8,21,751.96,,0,0,0,WhatsApp,0,desconto_pecas
C03671,Territory,2016,76118,PF,Norte,15.1,0,1,0,1061.2,6.0,0,0,0,Ligacao,1,revisao_preco_fixo
C00262,EcoSport,2016,155902,PF,Sudeste,12.3,0,2,60,369.79,8.0,0,0,0,E-mail,1,desconto_pecas
C06458,Ranger,2017,119586,PF,Centro-Oeste,34.5,0,2,60,971.06,7.0,0,0,0,E-mail,1,checkup_gratuito
C08122,Bronco Sport,2018,116934,PF,Sul,8.9,0,10,16,1558.93,,1,0,0,App FordPass,0,desconto_pecas
C02868,Transit,2021,153886,PJ_Frota,Sudeste,7.5,0,2,8,961.86,,0,0,1,App FordPass,1,plano_frota
C02519,EcoSport,2021,46634,PF,Sudeste,3.7,0,0,17,712.7,7.0,0,0,0,App FordPass,1,revisao_preco_fixo
C07388,Ka,2014,115983,PF,Nordeste,8.3,0,7,37,571.5,6.0,0,0,0,App FordPass,1,checkup_gratuito
C00943,Ranger,2026,3380,PF,Sul,5.8,1,0,0,775.28,8.0,0,0,0,WhatsApp,0,revisao_preco_fixo
C00450,Ka,2020,89108,PF,Sul,5.6,0,2,14,526.75,6.0,0,0,0,WhatsApp,0,revisao_preco_fixo
C05630,Ranger,2016,184883,PJ_Frota,Nordeste,9.3,0,14,0,1760.42,8.0,0,0,0,WhatsApp,1,desconto_pecas
C01311,Transit,2024,21531,PF,Sul,29.9,1,0,6,917.18,5.0,0,0,0,WhatsApp,1,revisao_preco_fixo
C07582,Ka,2019,52866,PF,Sudeste,9.5,0,1,21,733.05,8.0,0,1,2,WhatsApp,0,checkup_gratuito
C01858,EcoSport,2017,63741,PF,Nordeste,8.6,0,4,16,514.32,7.0,0,0,0,WhatsApp,1,pacote_revisoes
C04489,Ranger,2023,69251,PJ_Frota,Sudeste,6.6,1,5,12,952.06,,1,0,1,WhatsApp,0,plano_frota
C03554,EcoSport,2017,103714,PF,Norte,36.1,0,5,60,541.94,7.0,0,0,0,App FordPass,1,checkup_gratuito
C00850,Ka,2014,92728,PF,Sul,26.1,0,5,60,1504.15,,0,0,1,Ligacao,1,checkup_gratuito
C09045,Ka,2014,136190,PF,Centro-Oeste,40.3,0,1,12,1127.18,,0,0,0,E-mail,1,checkup_gratuito
C00675,Ranger,2024,16158,PF,Sul,15.5,1,1,3,,8.0,0,0,0,App FordPass,0,pacote_revisoes
C07846,Ranger,2017,136643,PF,Norte,28.0,0,9,60,1243.49,5.0,0,0,0,WhatsApp,1,checkup_gratuito
C07656,Maverick,2025,9862,PF,Sul,14.7,1,1,5,718.84,5.0,1,0,0,App FordPass,0,pacote_revisoes
C01443,Ka,2016,134346,PF,Sudeste,12.5,0,10,10,1188.55,6.0,1,0,1,App FordPass,0,desconto_pecas
C00134,Territory,2022,56323,PF,Sul,8.4,0,2,7,911.17,6.0,1,0,0,E-mail,1,revisao_preco_fixo
C00440,Maverick,2020,63392,PF,Sudeste,6.7,0,5,29,889.67,10.0,1,1,0,E-mail,0,revisao_preco_fixo
C07710,Ranger,2023,25820,PF,Norte,77.1,1,1,1,,6.0,0,0,0,App FordPass,0,revisao_preco_fixo
C00479,Ranger,2018,80269,PF,Centro-Oeste,80.5,0,3,9,1982.4,4.0,0,0,0,WhatsApp,1,pacote_revisoes
C09427,Ranger,2024,34349,PF,Nordeste,8.3,1,3,2,1449.5,6.0,1,0,1,WhatsApp,1,pacote_revisoes
C08752,Maverick,2019,134094,PF,Norte,28.0,0,1,7,943.9,6.0,0,0,1,Ligacao,0,desconto_pecas
C07186,EcoSport,2020,74052,PF,Sudeste,5.5,0,6,2,596.42,8.0,1,0,0,App FordPass,0,checkup_gratuito
C06718,Territory,2022,50511,PF,Nordeste,19.2,0,5,3,630.05,7.0,0,0,1,WhatsApp,0,revisao_preco_fixo
C02820,EcoSport,2015,133176,PF,Sudeste,6.5,0,3,11,667.22,6.0,1,0,0,App FordPass,1,desconto_pecas
C06119,Ka,2021,56803,PF,Centro-Oeste,22.4,0,0,8,931.74,5.0,0,0,2,Ligacao,1,revisao_preco_fixo
C01212,Territory,2016,131205,PF,Sudeste,5.8,0,3,0,1967.53,5.0,0,0,0,WhatsApp,0,revisao_preco_fixo
C00841,Maverick,2020,66490,PF,Nordeste,57.3,0,2,14,1167.45,8.0,0,0,0,WhatsApp,1,checkup_gratuito
C01569,Ranger,2019,61118,PF,sul,7.9,0,3,3,1492.91,7.0,0,1,0,Ligacao,0,revisao_preco_fixo
C02671,Ranger,2020,62245,PF,Norte,52.3,0,3,9,1914.14,7.0,0,0,2,E-mail,1,revisao_preco_fixo
C05826,Territory,2016,156321,PF,Sudeste,22.3,0,7,22,1102.63,6.0,0,0,0,WhatsApp,0,desconto_pecas
C07440,Mustang,2026,2971,PF,Sudeste,6.5,1,0,4,1245.85,6.0,1,0,0,WhatsApp,0,pacote_revisoes
C06132,Bronco Sport,2023,26417,PF,Sudeste,6.8,1,2,5,1350.36,6.0,1,0,0,E-mail,0,pacote_revisoes
C07353,Territory,2026,4049,PF,Sudeste,5.8,1,0,11,836.89,8.0,0,0,0,E-mail,0,pacote_revisoes
C09408,Bronco Sport,2022,29791,PF,Nordeste,11.5,0,3,0,811.45,8.0,0,0,0,Ligacao,0,revisao_preco_fixo
C00245,Maverick,2026,9023,PJ_Frota,Nordeste,11.2,1,0,14,826.85,7.0,1,0,0,App FordPass,1,plano_frota
C07467,Ka,2031,183290,PF,Sudeste,9.0,0,10,40,589.33,8.0,1,0,0,WhatsApp,0,revisao_preco_fixo
C06155,Ka,2020,126415,PF,Centro-Oeste,31.6,0,4,4,457.9,7.0,0,0,0,WhatsApp,1,revisao_preco_fixo
C00662,Ka,2018,106000,PF,Norte,45.9,0,5,24,,7.0,0,1,0,App FordPass,0,checkup_gratuito
C07728,Territory,2020,68897,PF,Norte,78.4,0,1,1,1186.25,,0,0,1,WhatsApp,1,revisao_preco_fixo
C01014,EcoSport,2019,129212,PF,Norte,78.4,0,1,5,1757.03,4.0,0,0,0,App FordPass,1,revisao_preco_fixo
C03702,Territory,2019,139199,PF,Sudeste,9.9,0,11,15,661.34,6.0,1,0,0,WhatsApp,0,desconto_pecas
C07676,EcoSport,2014,249180,PF,Centro-Oeste,16.4,0,8,36,675.58,6.0,0,0,0,WhatsApp,1,desconto_pecas
C08477,Ranger,2022,171071,PJ_Frota,Sul,8.5,0,5,6,650.84,6.0,0,1,1,WhatsApp,0,desconto_pecas
C03264,EcoSport,2017,115305,PF,Sudeste,6.8,0,9,37,1062.37,9.0,1,0,0,WhatsApp,0,desconto_pecas
C01989,Ka,2018,76654,PF,Nordeste,12.9,0,4,3,691.27,,1,0,0,WhatsApp,0,desconto_pecas
C04330,Ka,2021,102375,PF,Sudeste,6.2,0,2,18,1102.88,6.0,1,0,0,WhatsApp,0,revisao_preco_fixo
C04712,Territory,2019,172712,PF,Norte,43.4,0,4,32,1385.05,7.0,0,0,0,WhatsApp,1,revisao_preco_fixo
C05144,EcoSport,2014,114173,PF,Sudeste,5.7,0,11,42,735.25,8.0,0,0,0,App FordPass,0,desconto_pecas
C01055,Territory,2025,11209,PF,Nordeste,23.5,1,1,1,906.03,7.0,0,0,1,E-mail,0,pacote_revisoes
C00453,Ka,2021,124474,PF,Sudeste,5.5,0,4,13,645.87,5.0,1,0,0,App FordPass,0,desconto_pecas
C06657,Transit,2024,35693,PF,Sudeste,4.9,1,1,1,897.2,7.0,1,0,0,App FordPass,1,pacote_revisoes
C08181,Bronco Sport,2023,29468,PF,Sudeste,19.9,1,2,3,873.17,3.0,0,0,1,App FordPass,0,pacote_revisoes
C01940,EcoSport,2019,86231,PF,Sul,10.7,0,3,16,697.09,9.0,0,0,0,WhatsApp,1,revisao_preco_fixo
C02681,Maverick,2022,43629,PF,Sudeste,9.5,0,4,52,1306.61,8.0,1,0,0,WhatsApp,1,revisao_preco_fixo
C07686,Ranger,2021,49227,PF,Sudeste,10.6,0,4,5,1283.86,6.0,0,0,0,E-mail,0,revisao_preco_fixo
C01213,Ranger,2020,125300,PJ_Frota,SUDESTE,11.6,0,7,11,1248.16,,0,0,0,E-mail,0,plano_frota
C06993,Ranger,2014,306534,PF,Nordeste,,0,16,17,1711.55,8.0,0,0,1,WhatsApp,1,desconto_pecas
C08781,Ka,2016,89390,PF,Norte,29.9,0,7,60,978.36,10.0,0,0,0,App FordPass,1,desconto_pecas
C06857,EcoSport,2019,63737,PF,Nordeste,20.2,0,3,60,512.59,,0,0,0,App FordPass,1,pacote_revisoes
C00950,Ranger,2023,34629,PF,Sudeste,10.1,1,3,2,968.27,10.0,0,0,0,App FordPass,0,pacote_revisoes
C07554,Territory,2018,99359,PF,Sudeste,2.2,0,6,11,1285.71,6.0,0,0,0,WhatsApp,0,checkup_gratuito
C01582,Ranger,2022,69772,PF,SUDESTE,13.3,0,1,11,1514.47,7.0,0,0,0,WhatsApp,1,pacote_revisoes
C03915,EcoSport,2021,63198,PF,Nordeste,8.6,0,4,18,968.08,7.0,0,0,0,WhatsApp,0,checkup_gratuito
C06451,EcoSport,2017,231148,PF,Nordeste,13.4,0,10,59,823.18,5.0,0,0,0,App FordPass,1,checkup_gratuito
C05467,Ka,2017,156697,PF,Sudeste,7.2,0,6,60,,6.0,0,0,0,WhatsApp,1,revisao_preco_fixo
C02790,Maverick,2025,19488,PF,Nordeste,11.7,1,0,1,1253.73,3.0,0,0,1,App FordPass,1,pacote_revisoes
C03637,EcoSport,2015,135377,PF,Sudeste,11.8,0,11,60,1687.44,,0,0,1,WhatsApp,0,checkup_gratuito
C08014,Ka,2019,69252,PF,Sudeste,8.6,0,5,15,541.74,7.0,1,0,1,App FordPass,1,revisao_preco_fixo
C08882,Territory,2025,19727,PF,Sudeste,,1,1,8,663.19,7.0,1,0,0,WhatsApp,0,pacote_revisoes
C06852,Bronco Sport,2021,64872,PF,Sudeste,9.7,0,2,35,1545.36,,0,0,0,App FordPass,1,checkup_gratuito
C06122,Territory,2014,153279,PF,Sudeste,13.3,0,5,2,1310.53,6.0,0,0,1,WhatsApp,1,revisao_preco_fixo
C01717,Territory,2019,48411,PF,Nordeste ,33.3,0,2,1,626.7,10.0,0,0,1,App FordPass,0,revisao_preco_fixo
C07914,Mustang,2016,90656,PF,Sul,27.7,0,9,50,1806.18,,1,0,0,App FordPass,1,desconto_pecas
C01899,Ka,2014,119919,PF,Norte,39.7,0,3,60,893.44,4.0,0,0,1,WhatsApp,1,checkup_gratuito
C05831,EcoSport,2019,93820,PF,Sudeste,7.2,0,3,19,832.4,7.0,0,0,0,WhatsApp,1,revisao_preco_fixo
C00543,Transit,2025,10652,PF,Nordeste,15.3,1,1,1,686.18,,1,0,0,App FordPass,0,revisao_preco_fixo
C03255,Maverick,2018,157675,PF,Sudeste,2.6,0,2,36,1035.22,7.0,1,0,1,Ligacao,1,checkup_gratuito
C03787,Ka,2015,263225,PF,Sudeste,10.1,0,14,36,831.31,,0,0,0,WhatsApp,1,desconto_pecas
C04499,Bronco Sport,2024,14921,PF,Norte,25.8,1,1,0,733.96,8.0,0,0,0,Ligacao,0,pacote_revisoes
C03130,Ranger,2023,29898,PF,Nordeste,9.7,1,1,0,741.98,8.0,0,0,0,WhatsApp,0,pacote_revisoes
C05631,Ka,2020,94181,PF,Sul,14.8,0,6,10,730.49,7.0,0,0,0,WhatsApp,0,revisao_preco_fixo
C09099,Transit,2021,208856,PJ_Frota,Sudeste,10.9,0,9,60,1324.76,8.0,1,0,0,App FordPass,0,revisao_preco_fixo
C01523,Bronco Sport,2024,59550,PF,Sudeste,13.2,1,3,1,950.26,7.0,1,0,1,App FordPass,0,pacote_revisoes
C01390,Transit,2015,485542,PJ_Frota,Sudeste,5.3,0,38,2,654.22,7.0,0,0,0,WhatsApp,0,desconto_pecas
C07273,EcoSport,2015,132207,PF,Nordeste,15.6,0,11,28,599.84,7.0,0,0,0,WhatsApp,1,desconto_pecas
C02606,Territory,2016,156368,PF,Nordeste,,0,6,2,1387.77,8.0,0,0,1,WhatsApp,0,desconto_pecas
C04956,Maverick,2014,141646,PF,Sudeste,9.8,0,7,23,,8.0,0,0,0,App FordPass,0,desconto_pecas
C05597,Ranger,2023,40513,PF,Sudeste,2.7,1,3,1,1077.31,5.0,0,0,1,Ligacao,0,pacote_revisoes
C01895,Ka,2021,51256,PF,Sudeste,,0,2,60,723.3,6.0,1,0,0,WhatsApp,1,checkup_gratuito
C01753,Maverick,2023,69808,PJ_Frota,Sul,14.2,1,4,9,845.48,9.0,0,0,0,WhatsApp,0,plano_frota
C08259,Territory,2022,65255,PF,Nordeste,3.2,0,2,5,848.93,,1,0,1,App FordPass,1,revisao_preco_fixo
C07046,Ranger,2020,71833,PF,Sudeste,12.7,0,2,21,865.21,7.0,1,0,0,Ligacao,0,checkup_gratuito
C04558,Ka,2014,155895,PF,Sudeste,7.6,0,5,60,1094.81,4.0,0,0,1,Ligacao,1,checkup_gratuito
C03563,Ka,2016,168805,PF,Sudeste,6.8,0,5,9,854.02,5.0,0,0,0,E-mail,1,desconto_pecas
C05341,Ka,2015,149527,PF,Norte,44.8,0,8,39,634.24,10.0,0,0,0,WhatsApp,0,desconto_pecas
C07149,Territory,2020,102469,PF,Sudeste,11.1,0,3,60,1546.96,8.0,0,0,0,WhatsApp,1,checkup_gratuito
C08425,Ranger,2022,103676,PJ_Frota,Sudeste,9.1,0,6,7,857.47,8.0,1,0,1,WhatsApp,1,plano_frota
C07746,Ranger,2020,129234,PF,Norte,57.4,0,8,15,1084.09,9.0,0,0,0,E-mail,0,revisao_preco_fixo
C09184,Bronco Sport,2018,136424,PF,Centro-Oeste,56.8,0,0,41,1217.02,5.0,0,0,0,App FordPass,1,checkup_gratuito
C04532,Territory,2016,70332,PF,Sul,4.4,0,10,56,1175.18,7.0,0,0,1,WhatsApp,1,checkup_gratuito
C04259,EcoSport,2014,314981,PJ_Frota,Centro-Oeste,35.0,0,17,18,609.34,7.0,0,0,0,App FordPass,1,desconto_pecas
C05190,Territory,2016,124758,PF,Sudeste,6.5,0,7,60,864.95,,1,0,2,WhatsApp,1,checkup_gratuito
C07362,Mustang,2021,68547,PF,Sudeste,5.0,0,4,4,1492.13,7.0,0,0,0,WhatsApp,0,revisao_preco_fixo
C05903,Maverick,2019,67369,PF,Norte,25.6,0,2,10,844.0,9.0,0,0,0,WhatsApp,0,revisao_preco_fixo
C03247,Maverick,2019,151633,PF,Sudeste,,0,8,5,836.94,9.0,0,0,0,Ligacao,0,desconto_pecas
C00252,Ranger,2023,60817,PF,Norte,33.5,1,4,0,1486.0,,0,0,1,E-mail,0,pacote_revisoes
C02534,Transit,2020,40574,PF,Sudeste,2.5,0,1,10,1024.64,7.0,0,0,0,App FordPass,0,revisao_preco_fixo
C02379,Territory,2023,42062,PF,Sudeste,4.2,1,3,8,676.17,9.0,1,0,1,App FordPass,0,pacote_revisoes
C00792,EcoSport,2017,92448,PF,Sul,9.1,0,8,36,624.08,9.0,0,0,0,WhatsApp,1,desconto_pecas
C05009,Ranger,2021,48569,PF,sul,8.0,0,3,7,1228.34,,1,0,1,App FordPass,0,checkup_gratuito
C03459,Maverick,2016,256655,PF,Sul,21.2,0,20,25,951.69,7.0,1,0,1,WhatsApp,1,checkup_gratuito
C08939,Transit,2020,180040,PJ_Frota,Norte,22.0,0,1,4,1071.84,6.0,0,1,0,WhatsApp,1,plano_frota
C08870,Ranger,2025,12148,PF,Sudeste,8.7,1,1,10,981.2,7.0,1,0,2,App FordPass,0,pacote_revisoes
C08999,Territory,2015,214366,PF,Nordeste,17.2,0,16,60,1389.37,8.0,0,0,0,WhatsApp,1,desconto_pecas
C06709,Ka,2021,64535,PF,Sul,13.9,0,5,21,727.61,8.0,0,0,1,WhatsApp,0,revisao_preco_fixo
C04070,Ranger,2022,22625,PF,Nordeste,11.2,0,1,15,1174.14,6.0,1,0,0,WhatsApp,0,revisao_preco_fixo
C00859,Ranger,2018,159153,PJ_Frota,Sul,15.5,0,5,8,699.68,6.0,0,0,0,WhatsApp,0,plano_frota
C04535,Ka,2021,90610,PF,Nordeste,17.4,0,1,12,966.61,3.0,0,0,0,E-mail,0,revisao_preco_fixo
C08771,Transit,2025,7373,PF,Sudeste,6.5,1,1,2,790.08,6.0,1,0,2,Ligacao,0,pacote_revisoes
C04766,Territory,2018,89803,PF,Sudeste,4.1,0,2,7,1147.39,7.0,0,0,0,App FordPass,0,desconto_pecas
C07736,Bronco Sport,2024,26397,PF,Sudeste,5.9,1,2,6,1378.51,6.0,1,1,1,WhatsApp,0,pacote_revisoes
C02850,Ranger,2021,26715,PF,Nordeste,15.0,0,2,13,1256.67,9.0,1,0,1,WhatsApp,1,checkup_gratuito
C02306,Ranger,2020,243843,PJ_Frota,Sudeste,6.0,0,13,15,1055.12,,0,0,2,WhatsApp,0,plano_frota
C02505,Ka,2019,100006,PF,Sudeste,8.0,0,9,11,755.0,4.0,0,1,1,E-mail,0,checkup_gratuito
C02772,Mustang,2019,129637,PF,Nordeste,15.6,0,5,10,2411.73,6.0,0,0,0,E-mail,0,revisao_preco_fixo
C08307,Territory,2016,89939,PF,Sudeste,16.3,0,7,5,2022.44,5.0,0,0,1,WhatsApp,1,pacote_revisoes
C00074,Ka,2016,199880,PF,Sudeste,6.3,0,8,60,693.61,10.0,0,0,0,WhatsApp,1,desconto_pecas
C05462,Ka,2017,129907,PF,Nordeste,,0,3,60,835.19,6.0,0,0,0,WhatsApp,1,desconto_pecas
C04642,Ranger,2014,140915,PF,Nordeste,10.4,0,6,20,1271.38,5.0,0,0,0,WhatsApp,1,revisao_preco_fixo
C08982,Territory,2015,205768,PF,Sudeste,4.7,0,15,17,1012.71,8.0,0,0,0,WhatsApp,0,desconto_pecas
C09368,Bronco Sport,2014,115540,PF,Centro-Oeste,29.6,0,5,8,1508.5,6.0,0,0,0,Ligacao,1,desconto_pecas
C02465,Bronco Sport,2021,64732,PF,Nordeste,22.3,0,2,25,1055.14,5.0,1,1,0,WhatsApp,0,checkup_gratuito
C08238,Territory,2014,142263,PF,Sudeste,31.1,0,0,6,956.25,6.0,0,0,0,Ligacao,1,desconto_pecas
C00309,Ka,2021,79114,PF,Sudeste,9.0,0,5,3,,6.0,1,1,3,App FordPass,0,revisao_preco_fixo
C07139,Ka,2015,91627,PF,Sudeste,6.1,0,9,27,738.57,7.0,0,0,0,App FordPass,0,checkup_gratuito
C00407,Maverick,2015,150862,PF,Nordeste,,0,7,60,868.59,5.0,0,0,0,WhatsApp,1,checkup_gratuito
C03810,Territory,2026,2276,PF,Sudeste,3.4,1,0,7,954.19,5.0,1,0,0,,0,pacote_revisoes
C05435,Ka,2020,49866,PF,Sudeste,12.5,0,5,0,509.73,8.0,0,0,2,E-mail,0,revisao_preco_fixo
C06051,Ranger,2018,74292,PF,Sul,6.8,0,6,31,1352.62,7.0,1,0,0,App FordPass,0,desconto_pecas
C05480,Ka,2018,210222,PF,Sudeste,14.3,0,16,2,1145.63,8.0,1,0,0,App FordPass,0,desconto_pecas
C04901,EcoSport,2015,122187,PF,SUDESTE,5.1,0,7,23,743.47,,1,0,0,App FordPass,1,checkup_gratuito
C09589,Ka,2021,55152,PF,Sul,7.2,0,3,3,560.25,8.0,1,0,1,App FordPass,0,revisao_preco_fixo
C02893,Territory,2022,52789,PF,Sudeste,5.8,0,3,12,556.21,7.0,0,0,0,Ligacao,0,revisao_preco_fixo
C04270,Transit,2025,10588,PF,Norte,21.1,1,0,7,857.14,6.0,1,0,0,,0,pacote_revisoes
C09260,Transit,2014,313835,PJ_Frota,Sul,23.4,0,8,5,1804.68,9.0,0,0,0,Ligacao,1,plano_frota
C06336,Ranger,2018,110921,PF,Sudeste,21.7,0,1,28,,7.0,0,0,0,App FordPass,1,checkup_gratuito
C00330,Bronco Sport,2021,51004,PF,Sudeste,5.3,0,2,25,1109.4,6.0,1,0,1,E-mail,1,revisao_preco_fixo
C02169,Ranger,2019,92662,PF,Nordeste,31.8,0,2,24,2095.07,,1,0,2,E-mail,1,revisao_preco_fixo
C01967,Maverick,2014,139199,PF,Sudeste,9.3,0,13,60,1863.35,8.0,0,0,1,App FordPass,1,checkup_gratuito
C01429,Ranger,2014,360622,PJ_Frota,Centro-Oeste,10.9,0,17,60,1202.14,8.0,0,0,0,WhatsApp,1,desconto_pecas
C08503,Territory,2015,131376,PF,Sudeste,6.5,0,12,4,1472.33,9.0,0,0,1,App FordPass,0,desconto_pecas
C06032,Ka,2019,72098,PF,SUDESTE,5.0,0,2,1,793.15,8.0,0,0,2,Ligacao,1,revisao_preco_fixo
C08105,Ka,2021,42484,PF,Nordeste,10.5,0,1,11,528.02,7.0,0,0,0,,0,revisao_preco_fixo
C07547,Ka,2017,171767,PF,Nordeste,26.9,0,14,14,672.71,9.0,0,1,0,WhatsApp,0,desconto_pecas
C06915,Mustang,2019,76951,PF,Sudeste,6.7,0,5,18,1831.98,6.0,0,0,0,WhatsApp,1,revisao_preco_fixo
C00017,Ka,2015,99942,PF,Nordeste,24.6,0,9,6,984.69,8.0,0,0,0,WhatsApp,0,desconto_pecas
C07406,Transit,2018,386305,PJ_Frota,Sudeste,7.3,0,21,7,624.39,,0,1,1,WhatsApp,0,desconto_pecas
C09061,Mustang,2021,36911,PF,Centro-Oeste,31.7,0,0,4,1495.07,6.0,1,0,0,App FordPass,0,revisao_preco_fixo
C04155,Ka,2020,83971,PF,Nordeste,18.8,0,5,4,646.67,10.0,1,0,0,,0,desconto_pecas
C05707,Maverick,2015,339000,PJ_Frota,Norte,8.4,0,26,1,2689.44,8.0,0,0,0,WhatsApp,0,desconto_pecas
C04486,Bronco Sport,2019,87220,PF,SUDESTE,4.3,0,7,18,1223.81,7.0,0,0,1,WhatsApp,1,revisao_preco_fixo
C05287,Ranger,2015,209634,PF,Sudeste,9.1,0,9,60,1333.12,9.0,0,0,0,WhatsApp,1,desconto_pecas
C02566,Ka,2018,46775,PF,Sudeste,12.8,0,4,25,659.81,8.0,0,0,0,App FordPass,0,revisao_preco_fixo
C03617,Ka,2018,65829,PF,norte,16.8,0,4,1,524.51,7.0,0,0,0,Ligacao,0,revisao_preco_fixo
C00012,Territory,2026,7504,PF,Sudeste,2.6,1,0,13,621.32,6.0,0,0,0,App FordPass,1,revisao_preco_fixo
C02445,Territory,2020,68511,PF,Sudeste,5.1,0,1,10,980.15,8.0,0,0,0,WhatsApp,1,revisao_preco_fixo
C09842,Ka,2017,147728,PF,Norte,13.6,0,9,60,971.77,8.0,0,0,0,E-mail,1,checkup_gratuito
C00388,Ka,2020,119307,PF,Sudeste,11.9,0,4,3,917.61,6.0,0,1,0,App FordPass,0,revisao_preco_fixo
C06295,Maverick,2017,94447,PF,Sudeste,7.2,0,5,21,27738.25,8.0,0,0,0,App FordPass,0,revisao_preco_fixo
C07855,Maverick,2020,133118,PF,Sudeste,8.2,0,9,12,1101.83,7.0,0,0,0,E-mail,0,revisao_preco_fixo
C05033,Ranger,2025,8708,PF,Sudeste,3.7,1,1,13,1248.44,,1,0,0,App FordPass,0,pacote_revisoes
C05662,Ranger,2024,23282,PF,Norte,20.8,1,1,10,,10.0,0,0,0,E-mail,0,pacote_revisoes
C01372,Ranger,2025,8894,PF,Sudeste,16.5,1,1,2,855.86,9.0,1,0,0,WhatsApp,0,revisao_preco_fixo
C05827,EcoSport,2014,170350,PF,Centro-Oeste,5.4,0,2,60,757.59,6.0,1,0,0,App FordPass,1,checkup_gratuito
C06105,Transit,2017,114888,PF,Sudeste,14.1,0,3,1,30241.500000000004,6.0,0,0,0,WhatsApp,0,desconto_pecas
C01240,Maverick,2023,33373,PF,Nordeste ,31.4,1,1,8,994.65,6.0,1,0,0,WhatsApp,0,pacote_revisoes
C09683,EcoSport,2018,142463,PF,Sudeste,12.1,0,7,7,1653.24,5.0,0,0,0,E-mail,1,desconto_pecas
C08619,Bronco Sport,2016,144336,PF,Centro-Oeste,12.3,0,6,9,1374.75,5.0,0,0,0,WhatsApp,1,desconto_pecas
C09868,Ka,2020,71629,PF,Norte,68.1,0,1,16,774.07,,1,0,0,App FordPass,0,plano_frota
C08600,Ranger,2022,100563,PJ_Frota,Norte,67.8,0,0,5,1118.55,6.0,1,0,1,WhatsApp,1,plano_frota
C01441,Ka,2018,91982,PF,Sudeste,9.2,0,2,0,730.18,4.0,1,0,1,App FordPass,0,checkup_gratuito
C04183,Ranger,2023,47490,PF,Sudeste,7.7,1,4,4,1464.08,,1,0,0,WhatsApp,0,pacote_revisoes
C05744,Territory,2017,109287,PF,Sudeste,7.1,0,4,10,779.14,7.0,0,0,0,WhatsApp,0,desconto_pecas
C00512,Ka,2018,43980,PF,Sudeste,4.0,0,5,16,689.36,6.0,0,0,0,WhatsApp,0,pacote_revisoes
C04775,Ka,2015,200726,PF,Sudeste,5.2,0,13,11,823.03,7.0,0,0,0,E-mail,0,desconto_pecas
C05696,Ka,2016,143651,PF,Norte,10.8,0,9,2,731.74,7.0,0,0,0,,0,desconto_pecas
C01724,Ranger,2017,289657,PJ_Frota,Sudeste,12.4,0,3,53,1177.34,4.0,0,0,0,App FordPass,1,checkup_gratuito
C03648,EcoSport,2018,199847,PF,Sudeste,7.4,0,8,6,1104.81,9.0,0,1,0,App FordPass,0,desconto_pecas
C06101,Ka,2015,118865,PF,Sul,27.2,0,2,60,744.12,5.0,0,1,0,,1,checkup_gratuito
C04127,Ranger,2016,631317,PJ_Frota,Sul,13.4,0,33,60,1105.81,8.0,0,0,0,WhatsApp,1,desconto_pecas
C02148,Bronco Sport,2014,186755,PF,Sudeste,6.0,0,12,55,1890.7,4.0,0,1,2,,1,checkup_gratuito
C00932,Ranger,2026,5578,PF,Nordeste,8.9,1,0,1,1210.51,9.0,1,0,0,WhatsApp,0,pacote_revisoes
C03232,Ranger,2016,111749,PF,Nordeste,15.8,0,4,51,730.29,10.0,0,1,1,WhatsApp,1,checkup_gratuito
C02844,EcoSport,2016,93332,PF,Sudeste,10.9,0,5,23,568.47,,0,0,0,WhatsApp,1,desconto_pecas
C00439,Territory,2018,224134,PJ_Frota,Sudeste,8.5,0,15,1,491.62,7.0,1,0,1,WhatsApp,0,plano_frota
C01774,Territory,2019,100299,PF,Sudeste,16.5,0,9,1,987.12,8.0,1,1,0,,0,revisao_preco_fixo
C03742,Maverick,2023,64338,PF,Nordeste,21.0,1,3,5,839.77,8.0,0,0,0,Ligacao,0,pacote_revisoes
C06881,Territory,2021,62695,PF,Sudeste,17.4,0,5,3,1107.01,5.0,0,0,0,WhatsApp,0,revisao_preco_fixo
C02122,EcoSport,2014,188229,PF,Sudeste,19.1,0,6,36,402.11,,0,0,1,WhatsApp,1,checkup_gratuito
C07478,Ranger,2017,154127,PJ_Frota,Sul,26.1,0,12,3,1139.36,6.0,0,0,1,WhatsApp,0,plano_frota
C07596,EcoSport,2014,224325,PF,Sudeste,6.4,0,6,4,760.03,6.0,0,0,0,App FordPass,0,desconto_pecas
C00965,Ranger,2017,160751,PF,Sudeste,14.7,0,7,13,1305.79,3.0,0,0,2,App FordPass,1,desconto_pecas
C00177,Transit,2015,194908,PF,Nordeste,27.5,0,9,34,837.43,5.0,0,0,1,App FordPass,1,desconto_pecas
C01856,EcoSport,2019,73209,PF,Sudeste,4.0,0,5,17,766.16,8.0,1,0,0,Ligacao,0,revisao_preco_fixo
C04774,Ka,2014,169592,PF,Centro-Oeste,21.6,0,5,31,559.75,5.0,0,0,1,E-mail,1,desconto_pecas
C07882,EcoSport,2015,99502,PF,Sul,8.7,0,5,60,918.11,7.0,0,0,1,App FordPass,1,checkup_gratuito
C04917,Territory,2020,112753,PF,Sudeste,10.6,0,2,8,889.94,8.0,0,0,0,E-mail,1,pacote_revisoes
C04088,Ka,2018,175561,PF,Sul,8.1,0,7,8,470.01,10.0,1,0,1,E-mail,0,desconto_pecas
C06356,EcoSport,2020,61359,PF,Nordeste,24.3,0,4,5,683.46,4.0,0,0,0,WhatsApp,0,revisao_preco_fixo
C06104,Ranger,2014,259477,PJ_Frota,Nordeste,,0,22,5,637.88,9.0,1,0,0,App FordPass,0,desconto_pecas
C02819,Transit,2017,125382,PJ_Frota,Sul,7.2,0,7,28,,8.0,0,0,0,WhatsApp,0,plano_frota
C06466,EcoSport,2016,111421,PF,Nordeste,,0,6,60,829.62,,0,0,0,,1,checkup_gratuito
C09603,Ranger,2014,133060,PF,Sul,26.0,0,8,20,1991.88,7.0,0,0,0,WhatsApp,1,revisao_preco_fixo
C02814,Ka,2021,117604,PF,Sudeste,,0,2,0,533.41,5.0,1,0,0,App FordPass,1,checkup_gratuito
C07074,Maverick,2024,42945,PF,Sudeste,7.8,1,2,5,1441.04,,0,0,0,WhatsApp,0,pacote_revisoes
C05074,Transit,2019,267146,PJ_Frota,Sul,15.1,0,13,60,1143.54,7.0,0,0,0,WhatsApp,1,checkup_gratuito
C08494,Territory,2018,117617,PF,Sudeste,8.1,0,4,17,1636.19,7.0,0,0,0,WhatsApp,0,revisao_preco_fixo
C07403,Ranger,2026,2642,PF,Sudeste,18.0,1,0,16,985.7,8.0,1,0,0,App FordPass,0,pacote_revisoes
C07187,EcoSport,2018,144440,PF,Norte,67.0,0,1,18,796.35,7.0,0,1,0,WhatsApp,0,revisao_preco_fixo
C03254,Ka,2020,71749,PF,Nordeste,18.1,0,5,8,514.79,8.0,0,0,0,E-mail,0,checkup_gratuito
C01621,Ranger,2024,30990,PJ_Frota,Sudeste,8.8,1,3,1,2079.77,9.0,0,0,0,WhatsApp,0,plano_frota
C07395,Mustang,2024,36309,PF,Norte,19.7,1,2,3,1103.37,6.0,1,0,1,E-mail,0,pacote_revisoes
C07059,Ranger,2025,16326,PF,Sul,10.5,1,1,2,1608.97,8.0,0,0,0,WhatsApp,0,pacote_revisoes
C09256,Ranger,2018,298382,PJ_Frota,Sudeste,4.4,0,9,60,1485.93,8.0,1,0,0,E-mail,1,revisao_preco_fixo
C09680,Territory,2025,13399,PF,Sudeste,8.0,1,1,2,884.03,8.0,1,0,0,WhatsApp,0,pacote_revisoes
C04594,EcoSport,2014,164569,PF,Sudeste,5.3,0,4,12,1090.29,7.0,0,0,1,App FordPass,1,desconto_pecas
C01391,Maverick,2016,116704,PF,Sul,5.4,0,7,26,1578.6,3.0,1,0,1,App FordPass,1,checkup_gratuito
C08826,Bronco Sport,2016,96291,PF,sul,14.3,0,2,7,1737.67,5.0,0,0,0,WhatsApp,1,revisao_preco_fixo
C03837,Ka,2014,97476,PF,Sudeste,,0,4,26,813.58,7.0,0,0,0,E-mail,1,desconto_pecas
C02145,Transit,2014,411233,PJ_Frota,Sudeste,13.7,0,7,37,662.89,7.0,0,0,0,,1,desconto_pecas
C06164,Mustang,2019,101076,PF,Sudeste,3.5,0,5,1,997.93,,1,0,0,E-mail,0,revisao_preco_fixo
C05611,Bronco Sport,2017,100992,PF,Sudeste,6.0,0,8,48,1012.82,10.0,1,0,0,App FordPass,1,checkup_gratuito
C00187,Ka,2017,84789,PF,Sudeste,15.5,0,4,23,550.9,6.0,0,0,0,WhatsApp,1,desconto_pecas
C01983,EcoSport,2016,148554,PF,Sudeste,11.6,0,8,25,1101.56,10.0,0,0,0,WhatsApp,1,desconto_pecas
C04389,Territory,2024,27207,PF,Sudeste,15.0,1,2,9,1228.85,6.0,0,1,0,App FordPass,0,pacote_revisoes
C02891,Transit,2019,241811,PJ_Frota,Centro Oeste,34.6,0,18,1,1139.31,6.0,0,0,0,WhatsApp,0,plano_frota
C04224,EcoSport,2014,117384,PF,Sudeste,7.7,0,1,18,790.43,9.0,1,0,0,Ligacao,0,revisao_preco_fixo
C09216,Transit,2020,181129,PF,Norte,17.3,0,10,9,1027.29,9.0,0,0,0,Ligacao,0,desconto_pecas
C09206,Territory,2020,86027,PF,Sudeste,8.5,0,6,23,1045.74,9.0,0,0,0,WhatsApp,0,revisao_preco_fixo
C05699,Ka,2015,103138,PF,Sudeste,10.9,0,3,60,596.06,6.0,0,0,0,E-mail,1,desconto_pecas
C09080,Ranger,2023,46393,PF,Sul,7.0,1,3,0,1019.12,8.0,1,0,0,App FordPass,0,pacote_revisoes
C05838,Ranger,2015,122080,PF,Norte,28.8,0,4,55,1363.66,6.0,0,0,0,WhatsApp,1,desconto_pecas
C01096,EcoSport,2020,38204,PF,Sudeste,21.1,0,3,9,1120.43,5.0,0,0,1,WhatsApp,0,desconto_pecas
C04094,EcoSport,2015,188646,PF,Sudeste,9.0,0,9,17,,8.0,0,0,0,Ligacao,0,revisao_preco_fixo
C02501,Territory,2016,182663,PF,Sudeste,1.2,0,10,9,1533.58,7.0,0,0,0,App FordPass,0,desconto_pecas
C09104,Bronco Sport,2014,114580,PF,Sudeste,6.3,0,8,17,1115.57,3.0,0,0,2,WhatsApp,1,desconto_pecas
C04977,EcoSport,2018,73613,PF,Sul,11.1,0,8,12,20112.0,7.0,0,0,0,WhatsApp,0,revisao_preco_fixo
C05115,Transit,2016,443236,PJ_Frota,Sul,24.4,0,12,60,1214.24,7.0,0,0,0,WhatsApp,1,desconto_pecas
C07659,Ranger,2014,194036,PF,Sudeste,5.8,0,6,60,2194.57,9.0,0,0,0,E-mail,1,checkup_gratuito
C04273,Maverick,2021,80358,PF,Norte,67.2,0,1,60,1195.73,10.0,0,0,0,WhatsApp,1,revisao_preco_fixo
C01917,Bronco Sport,2021,88604,PF,Nordeste,28.0,0,6,10,846.34,9.0,0,0,0,E-mail,1,desconto_pecas
C08395,Ranger,2016,181305,PF,Centro-Oeste,32.0,0,6,14,1097.29,7.0,0,0,0,Ligacao,1,desconto_pecas
C05751,Ranger,2017,172699,PJ_Frota,Nordeste,9.1,0,7,18,1185.48,8.0,0,0,0,WhatsApp,0,plano_frota
C03384,EcoSport,2020,77029,PF,Nordeste,5.4,0,3,6,817.11,6.0,1,0,0,E-mail,0,revisao_preco_fixo
C01126,Ranger,2026,6054,PF,Sudeste,15.4,1,0,1,870.44,5.0,1,0,0,App FordPass,0,pacote_revisoes
C05225,Ranger,2015,152793,PF,SUDESTE,6.2,0,9,7,,9.0,0,0,0,WhatsApp,0,desconto_pecas
C04385,Mustang,2024,31992,PF,Nordeste,20.5,1,2,10,1100.67,6.0,1,1,0,App FordPass,0,pacote_revisoes
C06191,Ka,2021,61813,PF,Sudeste,9.3,0,3,3,831.86,6.0,0,0,0,WhatsApp,0,revisao_preco_fixo
C04255,Ka,2021,82951,PF,Norte,30.8,0,6,7,701.26,10.0,0,0,0,WhatsApp,0,pacote_revisoes
C07664,Ka,2021,64063,PF,Sudeste,7.7,0,6,21,791.51,7.0,0,0,0,App FordPass,0,plano_frota
C00906,Ranger,2016,109552,PF,Nordeste,46.6,0,1,5,1178.89,8.0,0,0,0,Ligacao,0,desconto_pecas
C05995,Ranger,2014,315011,PJ_Frota,Sul,5.5,0,22,60,2917.67,5.0,0,0,0,E-mail,1,desconto_pecas
C05817,EcoSport,2017,80876,PF,Sudeste,8.7,0,2,31,681.21,6.0,0,0,0,Ligacao,1,checkup_gratuito
C05028,Territory,2020,90056,PF,Nordeste,8.0,0,2,2,577.96,7.0,1,0,0,App FordPass,0,revisao_preco_fixo
C08067,Ranger,2014,201920,PF,Sul,6.2,0,14,28,1592.62,7.0,0,0,2,WhatsApp,1,desconto_pecas
C02115,Transit,2025,31511,PJ_Frota,Sudeste,14.0,1,2,5,1123.36,10.0,1,0,0,Ligacao,0,plano_frota
C09333,Territory,2015,189905,PF,Sudeste,12.7,0,13,28,963.55,10.0,0,0,0,E-mail,1,desconto_pecas
C03106,EcoSport,2016,247494,PJ_Frota,Centro-Oeste,69.7,0,4,30,1052.71,8.0,0,0,1,App FordPass,0,desconto_pecas
C01414,Ka,2019,57954,PF,Norte,118.1,0,2,13,754.03,9.0,0,0,0,E-mail,1,revisao_preco_fixo
C04724,Ka,2014,149212,PF,Sudeste,17.1,0,5,22,383.33,10.0,0,0,0,App FordPass,0,desconto_pecas
C00800,Bronco Sport,2026,2819,PF,Sudeste,13.0,1,0,10,666.32,7.0,1,0,1,WhatsApp,0,pacote_revisoes
C06429,Ka,2016,93028,PF,Sudeste,4.8,0,8,6,963.42,9.0,0,0,1,Ligacao,0,desconto_pecas
C08898,EcoSport,2019,101842,PF,Norte,45.8,0,0,10,942.24,,0,0,0,App FordPass,1,revisao_preco_fixo
C03744,Ka,2015,62050,PF,Sul,11.1,0,1,60,856.39,8.0,0,1,0,WhatsApp,1,checkup_gratuito
C05249,Maverick,2026,5176,PF,Sudeste,18.1,1,0,1,742.52,6.0,1,0,1,WhatsApp,0,pacote_revisoes
C08443,Ranger,2019,61601,PF,Sul,5.0,0,2,54,2698.63,6.0,0,0,0,,1,revisao_preco_fixo
C05079,Bronco Sport,2026,2671,PF,Sudeste,5.6,1,0,1,798.99,8.0,1,0,0,App FordPass,0,pacote_revisoes
C05788,Maverick,2017,159310,PF,Sul,7.9,0,5,2,1049.78,7.0,0,1,0,WhatsApp,0,desconto_pecas
C07129,EcoSport,2016,188089,PF,Sudeste,6.9,0,10,3,,6.0,0,0,0,E-mail,0,desconto_pecas
C07295,Transit,2020,137943,PJ_Frota,Norte,24.7,0,4,1,783.35,,0,0,0,E-mail,0,plano_frota
C00905,Territory,2022,117747,PJ_Frota,Sudeste,9.1,0,3,31,1113.96,5.0,0,0,0,App FordPass,0,plano_frota
C06081,Ka,2015,185376,PF,Nordeste,5.1,0,14,60,965.89,7.0,0,0,1,WhatsApp,1,checkup_gratuito
C01897,EcoSport,2019,93183,PF,Sudeste,14.9,0,9,4,519.45,,0,0,0,App FordPass,0,desconto_pecas
C06669,Maverick,2025,31393,PF,Sul,10.9,1,3,3,907.1,,1,0,0,WhatsApp,0,pacote_revisoes
C05289,Territory,2014,111591,PF,Sudeste,11.2,0,4,7,906.35,8.0,0,0,0,WhatsApp,0,desconto_pecas
C07014,EcoSport,2018,105550,PF,Centro-Oeste,52.5,0,0,5,1049.21,,0,0,0,E-mail,1,revisao_preco_fixo
C00544,Ka,2018,79350,PF,Sudeste,7.0,0,5,31,901.83,,0,0,0,Ligacao,1,desconto_pecas
C08698,Ka,2017,113548,PF,Sudeste,14.2,0,2,38,520.35,3.0,0,0,1,WhatsApp,1,checkup_gratuito
C09928,Maverick,2019,72671,PF,Nordeste,18.8,0,4,49,1622.25,5.0,0,0,1,WhatsApp,1,revisao_preco_fixo
C03881,Mustang,2018,179139,PF,Sudeste,7.2,0,7,21,1439.5,6.0,0,0,0,App FordPass,1,desconto_pecas
C01907,Ka,2015,93335,PF,Centro-Oeste,39.2,0,3,7,1654.77,7.0,0,0,0,E-mail,0,revisao_preco_fixo
C06143,Territory,2016,92572,PF,Norte,61.5,0,1,16,1343.19,4.0,0,0,0,App FordPass,1,revisao_preco_fixo
C05320,Ka,2021,46822,PF,Nordeste,32.6,0,0,40,597.32,8.0,0,0,0,WhatsApp,1,checkup_gratuito
C08864,Ka,2020,70345,PF,Nordeste,8.9,0,0,25,809.95,,0,0,0,Ligacao,1,revisao_preco_fixo
C06905,Maverick,2019,55282,PF,Sudeste,6.2,0,4,24,866.81,,1,0,1,Ligacao,1,checkup_gratuito
C06521,Ranger,2025,18192,PF,Sudeste,7.9,1,1,20,795.22,,0,0,0,WhatsApp,1,pacote_revisoes
C03037,Ka,2015,178867,PF,Nordeste,25.2,0,7,38,696.87,8.0,0,0,0,WhatsApp,1,desconto_pecas
C07515,Ranger,2021,101704,PJ_Frota,Sudeste,18.2,0,3,15,892.39,9.0,0,0,0,WhatsApp,0,plano_frota
C06887,EcoSport,2015,195243,PF,Centro-Oeste,21.3,0,14,48,1084.81,,0,0,1,App FordPass,1,desconto_pecas
C05593,Ka,2018,86797,PF,Sul,9.3,0,1,48,453.26,10.0,1,0,0,Ligacao,0,revisao_preco_fixo
C01860,Territory,2017,123650,PF,Norte,31.8,0,3,8,1475.52,,0,0,0,WhatsApp,1,revisao_preco_fixo
C07354,Ranger,2022,47301,PF,Nordeste,12.2,0,4,0,765.72,5.0,1,0,0,WhatsApp,0,plano_frota
C05921,Ka,2017,103990,PF,Nordeste,14.3,0,8,31,917.57,8.0,0,0,0,App FordPass,0,checkup_gratuito
C00867,Maverick,2020,166759,PJ_Frota,SUDESTE,7.2,0,9,60,1015.29,8.0,1,0,0,App FordPass,0,checkup_gratuito
C08540,Ka,2014,154138,PF,Nordeste,16.6,0,8,1,1012.57,4.0,0,0,2,WhatsApp,1,desconto_pecas
C00847,Territory,2016,125502,PF,Sudeste,,0,9,29,808.41,7.0,0,1,0,WhatsApp,1,checkup_gratuito
C08158,EcoSport,2021,57970,PF,Norte,57.1,0,0,49,944.08,7.0,0,0,0,E-mail,1,revisao_preco_fixo
C05187,Ranger,2023,44631,PF,Centro-Oeste,17.2,1,3,13,960.47,8.0,1,0,0,App FordPass,0,pacote_revisoes
C08628,Ranger,2015,249208,PF,Sudeste,2.8,0,9,7,1277.31,7.0,0,0,1,E-mail,0,desconto_pecas
C06276,EcoSport,2018,122220,PF,Sudeste,10.4,0,10,46,914.51,9.0,1,0,0,App FordPass,0,checkup_gratuito
C08330,Ka,2020,75552,PF,Sudeste,11.0,0,3,10,574.89,6.0,1,0,0,App FordPass,0,checkup_gratuito
C00325,Territory,2014,82188,PF,Sudeste,36.1,0,3,60,1045.92,9.0,0,0,0,WhatsApp,1,checkup_gratuito
C09533,Ranger,2019,97477,PJ_Frota,Nordeste,15.5,0,5,3,763.97,6.0,0,0,0,E-mail,0,plano_frota
C07326,Transit,2018,311135,PJ_Frota,Centro Oeste,8.4,0,16,7,945.03,,1,0,1,,0,desconto_pecas
C08245,Ka,2016,121640,PF,Nordeste,6.1,0,9,11,516.28,10.0,0,0,0,WhatsApp,0,desconto_pecas
C06240,Territory,2015,135667,PF,Sul,26.7,0,1,60,1034.12,6.0,0,0,0,WhatsApp,1,checkup_gratuito
C06381,Maverick,2021,82444,PF,Sudeste,7.5,0,5,1,894.98,4.0,0,0,0,E-mail,1,revisao_preco_fixo
C04889,Transit,2014,403608,PJ_Frota,Sul,18.6,0,16,37,1475.91,7.0,0,0,0,WhatsApp,1,desconto_pecas
C07227,EcoSport,2016,170530,PF,Sul,20.4,0,9,8,710.34,8.0,0,0,2,App FordPass,0,desconto_pecas
C08191,Maverick,2014,129976,PF,Sudeste,6.6,0,5,60,1121.96,7.0,0,0,0,WhatsApp,0,checkup_gratuito
C04348,Ranger,2026,6040,PJ_Frota,Norte,58.4,1,0,3,677.21,8.0,1,0,0,E-mail,0,pacote_revisoes
C02686,EcoSport,2016,207305,PF,Nordeste,21.9,0,14,2,1251.7,7.0,0,0,0,WhatsApp,0,desconto_pecas
C01433,Ka,2014,143956,PF,Centro-Oeste,17.5,0,8,30,465.07,7.0,0,0,0,WhatsApp,1,desconto_pecas
C07346,EcoSport,2016,94940,PF,Nordeste,9.2,0,10,13,942.47,6.0,1,0,2,App FordPass,0,desconto_pecas
C06739,EcoSport,2017,390046,PJ_Frota,Centro Oeste,62.3,0,3,6,1006.16,6.0,0,0,0,WhatsApp,1,plano_frota
C01538,Maverick,2014,154859,PJ_Frota,Nordeste,4.0,0,12,60,1665.23,7.0,0,0,0,WhatsApp,1,plano_frota
C06734,Ka,2016,95779,PF,Sudeste,5.8,0,6,22,499.94,8.0,0,0,0,E-mail,1,desconto_pecas
C00999,EcoSport,2016,205207,PF,Norte,,0,13,46,763.72,6.0,1,0,1,App FordPass,1,desconto_pecas
C05513,EcoSport,2019,66573,PF,Sudeste,,0,2,10,1311.03,6.0,0,0,0,E-mail,1,revisao_preco_fixo
C00314,Ranger,2017,195587,PF,Nordeste,9.0,0,9,2,1439.99,5.0,0,0,0,Ligacao,0,desconto_pecas
C01163,Ka,2018,84330,PF,Norte,34.6,0,2,13,1525.59,,1,0,0,App FordPass,0,revisao_preco_fixo
C04823,Bronco Sport,2014,133225,PF,Norte,17.2,0,6,34,1982.7,,1,0,0,E-mail,1,revisao_preco_fixo
C03332,Ka,2017,103336,PF,Sul,13.6,0,9,16,,7.0,0,0,0,WhatsApp,0,desconto_pecas
C05669,Maverick,2019,79368,PF,Sudeste,,0,3,60,744.47,6.0,1,0,0,App FordPass,1,checkup_gratuito
C01579,Maverick,2022,59237,PF,Sul,13.3,0,2,3,708.41,8.0,0,1,2,Ligacao,0,revisao_preco_fixo
C07221,Ka,2018,143627,PF,Sudeste,28.3,0,5,58,665.42,5.0,0,0,0,WhatsApp,1,checkup_gratuito
C06023,Maverick,2019,93091,PF,Nordeste,12.7,0,3,6,539.27,7.0,0,1,1,WhatsApp,1,checkup_gratuito
C08374,Territory,2023,27172,PF,Sudeste,36.9,1,1,15,1082.74,8.0,0,0,0,App FordPass,0,pacote_revisoes
C02422,Bronco Sport,2023,59298,PF,Sul,,1,3,4,808.76,,1,1,0,WhatsApp,0,pacote_revisoes
C06999,Bronco Sport,2019,95248,PF,Sul,7.9,0,5,18,1590.42,5.0,0,0,0,WhatsApp,1,revisao_preco_fixo
C06306,Territory,2024,13024,PF,Sul,6.5,1,1,1,571.17,8.0,1,0,0,WhatsApp,0,pacote_revisoes
C09314,Ka,2021,64429,PF,Sudeste,3.4,0,2,6,715.49,6.0,0,0,0,WhatsApp,0,revisao_preco_fixo
C06722,Ranger,2024,16391,PF,Sudeste,19.1,1,1,4,1146.77,,1,0,0,WhatsApp,0,pacote_revisoes
C07195,Transit,2016,127051,PF,Centro-Oeste,26.4,0,4,60,943.34,9.0,0,0,0,Ligacao,1,desconto_pecas
C00941,Maverick,2016,249627,PF,Norte,39.6,0,10,10,668.63,6.0,1,1,0,WhatsApp,1,desconto_pecas
C06474,Ka,2021,33114,PF,Sul,27.5,0,0,10,677.29,8.0,0,0,1,WhatsApp,0,pacote_revisoes
C02276,Ranger,2025,19461,PF,Norte,24.8,1,1,12,707.72,7.0,1,0,0,WhatsApp,1,pacote_revisoes
C03417,Maverick,2015,131078,PF,Sudeste,11.3,0,5,60,828.33,8.0,0,0,0,App FordPass,1,desconto_pecas
C07876,Territory,2026,3516,PF,Sudeste,4.4,1,0,7,1231.01,9.0,1,0,0,WhatsApp,0,pacote_revisoes
C08785,EcoSport,2014,133107,PF,Sudeste,14.1,0,4,49,652.47,6.0,0,0,1,Ligacao,1,revisao_preco_fixo
C00469,Ranger,2026,11537,PJ_Frota,Sudeste,10.3,1,0,5,747.93,6.0,0,0,0,App FordPass,0,pacote_revisoes
C09953,Ranger,2020,90733,PF,Norte,29.8,0,7,60,1750.67,10.0,1,0,0,E-mail,0,revisao_preco_fixo
C07543,Transit,2026,6397,PJ_Frota,Sudeste,13.0,1,0,5,1054.26,9.0,1,0,0,App FordPass,0,plano_frota
C02369,Ranger,2023,63752,PF,Sudeste,19.0,1,4,28,,8.0,0,0,0,WhatsApp,0,pacote_revisoes
C02955,EcoSport,2018,102350,PF,Sudeste,7.6,0,6,1,863.75,,0,0,0,App FordPass,0,desconto_pecas
C09261,Ka,2019,89313,PF,Sul,25.1,0,7,4,401.8,10.0,0,0,1,WhatsApp,0,plano_frota
C08356,Territory,2024,50655,PJ_Frota,Sudeste,10.4,1,5,2,1307.01,10.0,1,0,0,WhatsApp,0,plano_frota
C04346,Bronco Sport,2021,62475,PF,Sudeste,5.4,0,2,7,1862.22,9.0,0,0,0,App FordPass,0,revisao_preco_fixo
C09958,Ranger,2022,58868,PJ_Frota,Sudeste,4.0,0,2,2,1989.59,,1,0,0,App FordPass,0,plano_frota
C05180,Territory,2024,10669,PF,Sul,14.4,1,1,2,1165.21,7.0,0,0,1,WhatsApp,0,pacote_revisoes
C06921,Maverick,2025,10201,PF,Nordeste,9.6,1,0,5,1034.95,7.0,1,0,0,WhatsApp,0,pacote_revisoes
C06957,Ranger,2019,95617,PF,Sul,3.9,0,6,16,1078.44,,0,0,0,App FordPass,0,revisao_preco_fixo
C04124,Transit,2022,72137,PF,Nordeste,5.3,0,5,21,690.55,7.0,1,0,0,App FordPass,0,revisao_preco_fixo
C04737,Ka,2017,187106,PJ_Frota,Sul,7.0,0,5,60,1082.92,7.0,0,0,0,E-mail,1,checkup_gratuito
C06896,Transit,2026,3740,PF,Nordeste,16.6,1,0,7,720.33,9.0,1,0,1,WhatsApp,0,pacote_revisoes
C03293,Ranger,2020,86070,PF,Sudeste,17.0,0,7,23,915.99,6.0,1,0,0,E-mail,0,revisao_preco_fixo
C05704,Ranger,2025,38835,PJ_Frota,Nordeste,18.7,1,1,5,1058.19,4.0,1,0,0,App FordPass,0,plano_frota
C02762,Ka,2018,72771,PF,Sudeste,,0,3,4,756.78,7.0,1,0,0,Ligacao,0,revisao_preco_fixo
C06129,Ka,2018,107003,PF,Sul,7.2,0,7,1,804.09,6.0,0,0,0,App FordPass,0,desconto_pecas
C02174,EcoSport,2018,261122,PJ_Frota,Norte,34.0,0,1,37,687.14,5.0,0,0,0,WhatsApp,1,desconto_pecas
C03419,Maverick,2017,74010,PF,Sul,2.8,0,6,60,1346.28,,0,0,0,WhatsApp,0,checkup_gratuito
C01824,Bronco Sport,2018,117216,PF,Nordeste,17.5,0,6,40,1401.08,6.0,0,0,0,App FordPass,0,revisao_preco_fixo
C06849,Transit,2018,221565,PJ_Frota,Sudeste,12.2,0,4,13,643.54,7.0,0,0,0,E-mail,1,plano_frota
C09899,Transit,2022,63486,PF,Sudeste,5.7,0,2,12,1768.26,8.0,0,0,0,Ligacao,1,revisao_preco_fixo
C03329,EcoSport,2018,91775,PF,Sul,17.8,0,6,1,720.73,7.0,0,0,0,WhatsApp,0,desconto_pecas
C04475,Territory,2026,2352,PF,Nordeste,22.4,1,0,5,1365.98,,1,0,0,App FordPass,0,pacote_revisoes
C04631,Ranger,2022,29375,PF,SUDESTE,17.1,0,1,1,803.91,4.0,1,0,1,E-mail,0,checkup_gratuito
C01761,Ka,2018,50743,PF,Sul,,0,4,3,1068.8,8.0,0,0,1,E-mail,0,desconto_pecas
C01574,Ka,2016,103556,PF,Centro-Oeste,56.6,0,1,60,621.89,7.0,0,0,0,WhatsApp,1,desconto_pecas
C04447,Ranger,2026,3064,PF,Nordeste,20.1,1,0,9,1317.58,,1,0,0,App FordPass,0,desconto_pecas
C03495,Maverick,2023,107312,PJ_Frota,Sudeste,26.1,1,7,1,1404.83,5.0,0,0,0,,0,plano_frota
C06169,Territory,2017,137846,PF,Norte,63.8,0,2,46,1165.4,8.0,0,0,1,App FordPass,1,checkup_gratuito
C07560,Mustang,2015,140581,PF,Sudeste,3.5,0,13,44,3001.84,7.0,0,0,0,E-mail,1,revisao_preco_fixo
C05264,Ranger,2026,2174,PF,Sudeste,6.4,1,0,3,1383.27,4.0,0,0,0,WhatsApp,0,pacote_revisoes
C07028,Territory,2020,103208,PF,Sul,12.2,0,5,21,756.24,2.0,0,0,3,WhatsApp,1,revisao_preco_fixo
C09163,Territory,2025,16594,PF,Sudeste,4.5,1,0,1,568.53,6.0,1,0,0,E-mail,0,pacote_revisoes
C09701,Ka,2014,115669,PF,Nordeste,34.5,0,10,50,1376.29,8.0,0,1,0,E-mail,0,checkup_gratuito
C08016,Bronco Sport,2014,176566,PF,Norte,73.9,0,4,60,1456.56,5.0,0,0,1,WhatsApp,1,checkup_gratuito
C06167,Ranger,2019,70090,PF,Centro-Oeste,40.7,0,2,14,1274.04,8.0,0,0,0,Ligacao,0,revisao_preco_fixo
C03662,Mustang,2021,68442,PF,Norte,39.0,0,3,5,,8.0,0,0,0,App FordPass,0,revisao_preco_fixo
C09444,Bronco Sport,2023,50355,PF,Sudeste,6.1,1,3,9,847.63,6.0,0,0,0,WhatsApp,0,revisao_preco_fixo
C01227,Ranger,2019,126314,PF,Nordeste,20.0,0,5,35,816.16,,0,0,0,E-mail,1,revisao_preco_fixo
C04186,Ka,2015,201852,PF,Sudeste,9.1,0,5,13,1145.43,,0,0,0,E-mail,1,desconto_pecas
C05055,EcoSport,2016,116422,PF,Centro-Oeste,12.4,0,5,28,491.71,6.0,0,0,1,E-mail,0,revisao_preco_fixo
C03206,Ka,2015,86732,PF,Sudeste,16.1,0,4,60,1099.29,6.0,0,0,0,E-mail,1,checkup_gratuito
C07161,Ranger,2021,133204,PJ_Frota,Nordeste,8.5,0,7,4,1585.71,,1,0,0,WhatsApp,0,desconto_pecas
C02571,Ranger,2023,65927,PF,Norte,22.8,1,3,3,731.45,4.0,1,0,1,App FordPass,0,pacote_revisoes
C08192,Ka,2017,146011,PF,Sudeste,8.3,0,7,2,669.36,9.0,0,0,1,E-mail,0,desconto_pecas
C01645,Ranger,2023,34253,PF,Sudeste,10.4,1,2,0,591.59,,1,0,0,E-mail,0,pacote_revisoes
C03497,Bronco Sport,2022,35450,PF,Sudeste,15.0,0,1,30,784.19,5.0,1,0,1,,1,revisao_preco_fixo
C08874,Ka,2019,225286,PJ_Frota,Sudeste,5.3,0,17,11,749.43,,0,0,0,WhatsApp,0,plano_frota
C02281,Ka,2021,52133,PF,Norte,32.3,0,1,22,577.99,4.0,0,0,1,Ligacao,1,checkup_gratuito
C00381,Transit,2023,44127,PF,Nordeste,8.0,1,3,21,499.21,4.0,1,0,0,App FordPass,0,pacote_revisoes
C09639,EcoSport,2016,158806,PF,Nordeste,8.5,0,11,27,1478.44,6.0,0,0,0,WhatsApp,0,checkup_gratuito
C08095,Maverick,2021,76107,PF,Sudeste,20.1,0,1,2,976.29,10.0,0,0,0,Ligacao,1,revisao_preco_fixo
C05468,Ranger,2020,321799,PJ_Frota,Sudeste,17.3,0,8,25,1182.13,10.0,1,0,0,WhatsApp,0,revisao_preco_fixo
C05011,Ranger,2024,60928,PJ_Frota,SUDESTE,3.6,1,3,14,1089.63,7.0,0,0,0,E-mail,0,plano_frota
C00704,EcoSport,2015,169370,PF,Sudeste,7.1,0,14,25,954.88,8.0,0,0,1,App FordPass,0,desconto_pecas
C04188,Ka,2018,95571,PF,Nordeste,31.0,0,7,30,827.38,8.0,0,0,1,WhatsApp,0,revisao_preco_fixo
C00618,Ka,2018,125515,PF,Norte,32.2,0,7,32,576.43,8.0,0,0,2,WhatsApp,0,checkup_gratuito
C01644,Ka,2019,67872,PF,sul,18.9,0,2,6,889.86,5.0,0,0,0,WhatsApp,0,revisao_preco_fixo
C06741,Ranger,2021,66933,PF,Nordeste,7.5,0,2,15,935.14,8.0,0,0,0,WhatsApp,1,revisao_preco_fixo
C01509,Bronco Sport,2014,179565,PF,Sudeste,,0,3,42,632.05,7.0,0,0,1,Ligacao,0,checkup_gratuito
C05517,Ka,2016,53812,PF,Sul,15.4,0,5,39,1094.54,6.0,1,0,0,WhatsApp,1,checkup_gratuito
C00223,Transit,2026,4182,PF,Nordeste,23.9,1,0,4,1031.75,5.0,0,0,0,E-mail,1,revisao_preco_fixo
C09682,Transit,2014,255675,PJ_Frota,Sul,7.9,0,20,6,1720.17,10.0,0,0,0,E-mail,0,plano_frota
C08764,Ranger,2026,14172,PJ_Frota,Sudeste,5.5,1,0,12,909.05,6.0,1,0,0,WhatsApp,0,plano_frota
C00077,Territory,2018,95985,PF,Sudeste,9.5,0,3,3,1095.93,8.0,1,0,0,App FordPass,0,revisao_preco_fixo
C02322,Ranger,2022,48468,PF,Sudeste,10.5,0,2,18,1025.09,10.0,1,0,0,WhatsApp,1,revisao_preco_fixo
C01024,Territory,2017,134046,PF,Sudeste,10.8,0,11,32,771.62,9.0,0,0,0,WhatsApp,0,checkup_gratuito
C08631,Ranger,2014,105287,PF,Nordeste,33.1,0,1,56,952.45,6.0,0,0,0,App FordPass,1,checkup_gratuito
C06318,Ranger,2024,68511,PJ_Frota,Sudeste,4.4,1,3,12,984.16,4.0,0,0,0,Ligacao,0,plano_frota
C02684,EcoSport,2014,101415,PF,Sudeste,3.2,0,6,16,1632.27,8.0,0,1,0,WhatsApp,0,checkup_gratuito
C03505,Territory,2016,81036,PF,Nordeste ,18.2,0,10,42,1306.86,8.0,0,0,0,Ligacao,1,revisao_preco_fixo
C00342,Maverick,2014,176918,PF,Sudeste,7.7,0,12,10,2441.41,,0,0,0,E-mail,0,revisao_preco_fixo
C05128,Mustang,2024,44296,PF,Sudeste,8.8,1,4,3,1252.6,9.0,1,0,0,WhatsApp,0,pacote_revisoes
C08666,Ranger,2023,52349,PF,Sudeste,7.9,1,3,4,1376.88,6.0,1,0,0,E-mail,0,pacote_revisoes
C02345,Ka,2014,111877,PF,Sudeste,14.6,0,2,60,1212.55,7.0,0,0,1,WhatsApp,1,checkup_gratuito
C09801,Territory,2019,59134,PF,Nordeste,32.5,0,4,3,,10.0,0,0,0,E-mail,0,revisao_preco_fixo
C03886,Transit,2023,49791,PJ_Frota,Norte,55.0,1,2,7,523.02,7.0,0,0,0,Ligacao,0,plano_frota
C02642,Territory,2016,147488,PF,Sudeste,8.5,0,6,8,22862.0,7.0,0,0,0,WhatsApp,0,revisao_preco_fixo
C00490,Bronco Sport,2022,59080,PF,Sudeste,13.7,0,3,8,1268.98,8.0,0,0,0,App FordPass,0,pacote_revisoes
C07978,Mustang,2026,4295,PF,Centro-Oeste,20.1,1,0,15,1031.49,8.0,1,0,0,E-mail,0,revisao_preco_fixo
C03680,Bronco Sport,2020,84460,PF,Sudeste,5.6,0,3,33,1300.99,5.0,0,0,1,WhatsApp,1,checkup_gratuito
C02275,Ka,2018,35250,PF,Sul,3.3,0,5,9,580.3,7.0,0,0,0,App FordPass,1,checkup_gratuito
C08565,Ranger,2015,236264,PF,Nordeste,28.1,0,15,30,1345.32,5.0,0,0,1,App FordPass,0,checkup_gratuito
C02442,EcoSport,2015,222288,PF,Sudeste,27.1,0,15,26,757.39,8.0,0,1,1,Ligacao,0,desconto_pecas
C06016,Ka,2018,84482,PF,Sudeste,12.6,0,3,43,326.42,,0,0,1,App FordPass,1,checkup_gratuito
C08877,Territory,2018,66849,PF,Sudeste,9.1,0,2,34,1037.73,6.0,0,0,1,E-mail,1,checkup_gratuito
C08141,EcoSport,2017,116988,PF,Sul,21.0,0,8,56,648.82,6.0,0,1,1,App FordPass,1,checkup_gratuito
C00817,Ranger,2023,40079,PF,Nordeste,41.6,1,4,3,1369.53,9.0,1,0,0,WhatsApp,0,pacote_revisoes
C08446,Ranger,2025,26153,PJ_Frota,Sul,14.8,1,1,3,2106.1,6.0,0,0,0,App FordPass,0,plano_frota
C09431,EcoSport,2021,83307,PF,Norte,28.3,0,8,2,1089.77,,1,0,0,E-mail,0,revisao_preco_fixo
C00001,Ranger,2018,106943,PF,Nordeste ,9.8,0,6,17,1028.76,6.0,0,0,1,WhatsApp,1,checkup_gratuito
C01874,Mustang,2018,144103,PF,Sul,,0,12,1,1555.39,7.0,0,0,0,App FordPass,0,desconto_pecas
C01245,EcoSport,2015,147310,PF,Sul,10.0,0,9,12,942.44,7.0,1,0,0,App FordPass,0,desconto_pecas
C02456,Territory,2020,112650,PF,Sudeste,28.7,0,2,29,1096.82,6.0,0,1,0,WhatsApp,1,checkup_gratuito
C06501,EcoSport,2020,80851,PF,Sudeste,4.2,0,8,43,635.75,10.0,0,0,0,WhatsApp,0,pacote_revisoes
C01222,Mustang,2020,69975,PF,Sudeste,15.2,0,3,4,1180.3,8.0,0,1,0,WhatsApp,0,checkup_gratuito
C06773,Transit,2018,222626,PJ_Frota,Sudeste,6.9,0,15,5,1110.16,5.0,0,0,1,WhatsApp,0,plano_frota
C06845,Ka,2018,154988,PF,Sudeste,3.1,0,10,60,,8.0,0,0,1,WhatsApp,1,checkup_gratuito
C08487,Ka,2014,160460,PF,Sudeste,4.9,0,10,19,703.62,6.0,0,0,0,WhatsApp,0,desconto_pecas
C08901,Mustang,2017,84898,PF,Sudeste,3.8,0,4,28,1583.98,7.0,0,0,0,App FordPass,1,revisao_preco_fixo
C02059,Ka,2017,178414,PF,Sul,11.3,0,11,28,1130.79,7.0,0,0,1,Ligacao,1,revisao_preco_fixo
C05963,EcoSport,2016,142906,PF,Norte,42.5,0,8,60,,10.0,0,0,1,WhatsApp,1,desconto_pecas
C05429,Territory,2023,33628,PF,Nordeste,12.9,1,3,1,812.3,,0,0,0,WhatsApp,0,pacote_revisoes
C06075,Ranger,2016,104272,PF,Sul,27.8,0,2,14,1021.57,8.0,1,0,0,E-mail,1,revisao_preco_fixo
C06587,Transit,2017,426122,PJ_Frota,Norte,46.5,0,2,60,1078.33,7.0,0,0,0,E-mail,1,desconto_pecas
C02994,Territory,2025,16336,PF,Centro-Oeste,9.7,1,0,3,1154.91,7.0,1,0,0,App FordPass,0,pacote_revisoes
C08009,Territory,2019,126217,PF,Sudeste,14.5,0,2,30,912.24,10.0,0,0,1,App FordPass,1,revisao_preco_fixo
C05934,EcoSport,2017,206696,PF,Sudeste,14.5,0,11,60,1246.31,4.0,0,0,1,App FordPass,1,checkup_gratuito
C02970,Ranger,2022,53485,PJ_Frota,Sudeste,4.7,0,4,25,2027.28,,0,0,0,E-mail,0,revisao_preco_fixo
C02196,Ka,2021,90983,PF,SUDESTE,8.3,0,6,3,726.62,7.0,0,0,1,WhatsApp,0,revisao_preco_fixo
C06541,EcoSport,2014,173602,PF,Sul,,0,3,60,338.78,7.0,0,0,0,Ligacao,1,checkup_gratuito
C08670,Ka,2015,94839,PF,Norte,57.1,0,1,21,844.82,6.0,0,1,0,E-mail,1,checkup_gratuito
C09976,Bronco Sport,2019,102195,PF,Nordeste,17.9,0,3,50,1296.64,,0,0,0,,1,checkup_gratuito
C08381,Territory,2021,89558,PF,Sudeste,8.6,0,4,27,1210.07,5.0,0,0,2,WhatsApp,1,revisao_preco_fixo
C07824,Transit,2025,9547,PF,Sul,2.8,1,0,7,1084.01,8.0,0,0,0,WhatsApp,0,pacote_revisoes
C01295,Ranger,2022,50050,PF,Centro-Oeste,16.8,0,2,0,1067.58,,1,0,0,WhatsApp,0,pacote_revisoes
C02485,Ranger,2014,516493,PJ_Frota,Nordeste,13.3,0,38,13,754.43,8.0,0,0,0,WhatsApp,1,desconto_pecas
C08747,Maverick,2026,4681,PF,Sudeste,11.2,1,0,3,,9.0,1,0,0,WhatsApp,0,pacote_revisoes
C09888,Ka,2017,87939,PF,Sudeste,3.5,0,7,8,891.37,6.0,0,0,1,WhatsApp,1,revisao_preco_fixo
C09302,EcoSport,2021,65752,PF,Centro-Oeste,26.1,0,2,27,768.71,8.0,0,0,0,WhatsApp,1,revisao_preco_fixo
C01188,Ka,2016,158109,PF,Sudeste,4.4,0,7,24,1249.42,7.0,0,0,0,App FordPass,1,desconto_pecas
C03719,Ranger,2026,3903,PF,Sudeste,4.7,1,0,15,851.1,10.0,1,0,0,E-mail,1,pacote_revisoes
C05216,Ranger,2019,83724,PF,Sudeste,13.0,0,0,27,16224.75,3.0,1,1,0,App FordPass,1,checkup_gratuito
C03627,Territory,2024,15055,PF,Sudeste,5.2,1,2,3,,8.0,1,0,0,App FordPass,0,pacote_revisoes
C04793,Transit,2023,43693,PF,Centro-Oeste,28.0,1,2,8,,7.0,0,0,0,Ligacao,0,pacote_revisoes
C01217,Territory,2017,197615,PF,Sudeste,10.5,0,16,16,1001.83,9.0,0,0,1,,0,desconto_pecas
C09179,Ka,2015,157692,PF,Sudeste,2.8,0,8,22,1126.13,7.0,0,1,0,E-mail,0,desconto_pecas
C04422,Territory,2018,153907,PF,Sudeste,14.3,0,11,49,,9.0,1,0,0,App FordPass,1,desconto_pecas
C07511,Ranger,2023,43967,PF,Sudeste,3.5,1,4,6,1011.03,7.0,0,0,3,App FordPass,0,pacote_revisoes
C07276,Ranger,2019,158431,PJ_Frota,Norte,30.1,0,7,12,836.74,6.0,1,0,0,App FordPass,0,plano_frota
C05275,Bronco Sport,2021,79988,PF,Centro-Oeste,52.3,0,4,2,704.25,8.0,0,0,0,WhatsApp,0,desconto_pecas
C05650,Mustang,2024,15236,PF,Nordeste,11.2,1,1,2,1164.51,10.0,1,0,0,WhatsApp,0,pacote_revisoes
C00667,Transit,2023,-36956,PF,Sudeste,6.2,1,2,4,598.9,6.0,0,0,1,App FordPass,0,pacote_revisoes
C07872,EcoSport,2016,220457,PF,Sudeste,16.6,0,19,13,777.24,8.0,0,0,0,WhatsApp,0,desconto_pecas
C04969,Territory,2020,85394,PF,Norte,61.7,0,0,46,907.24,,0,0,0,Ligacao,1,checkup_gratuito
C00056,Ranger,2024,21557,PF,Sudeste,5.1,1,1,8,823.13,8.0,0,0,0,WhatsApp,0,pacote_revisoes
C09245,Territory,2018,92608,PF,Sudeste,8.5,0,3,6,986.41,,0,0,0,Ligacao,1,desconto_pecas
C03034,Transit,2017,297932,PJ_Frota,Sudeste,6.4,0,9,3,1164.09,9.0,0,0,0,App FordPass,0,desconto_pecas
C05598,Territory,2022,34601,PF,Nordeste,14.3,0,2,4,832.74,6.0,0,0,0,WhatsApp,0,checkup_gratuito
C03420,Maverick,2015,156520,PF,Sudeste,9.5,0,14,16,1440.11,9.0,0,0,1,App FordPass,0,desconto_pecas
C04093,Ka,2016,103887,PF,Nordeste ,23.6,0,7,39,718.75,4.0,1,0,0,Ligacao,1,revisao_preco_fixo
C00703,Maverick,2020,121294,PF,Nordeste ,16.8,0,10,11,1035.48,8.0,1,0,0,E-mail,0,revisao_preco_fixo
C03557,Transit,2024,42210,PJ_Frota,Norte,15.5,1,3,4,551.65,7.0,1,0,0,WhatsApp,0,plano_frota
C07505,Bronco Sport,2024,36379,PF,Nordeste,14.8,1,2,2,397.97,5.0,0,0,1,E-mail,0,pacote_revisoes
C06615,Ka,2017,161984,PF,Centro-Oeste,24.6,0,6,3,670.43,9.0,0,0,0,App FordPass,1,desconto_pecas
C07530,Ka,2020,99910,PF,Nordeste ,8.5,0,5,30,887.68,7.0,1,0,0,App FordPass,0,revisao_preco_fixo
C08208,Territory,2018,90227,PF,Sudeste,7.6,0,5,24,1155.5,8.0,1,1,0,App FordPass,0,checkup_gratuito
C05530,EcoSport,2018,80664,PF,Norte,35.7,0,6,10,842.65,7.0,0,0,0,Ligacao,1,revisao_preco_fixo
C04216,Territory,2019,97472,PF,Centro-Oeste,9.2,0,7,21,1642.17,8.0,0,0,0,WhatsApp,0,revisao_preco_fixo
C06219,Ranger,2014,213270,PF,Sul,25.4,0,11,15,1224.29,,0,0,1,App FordPass,1,desconto_pecas
C08326,Territory,2026,5885,PF,Sudeste,5.1,1,0,0,467.63,7.0,0,0,0,WhatsApp,0,pacote_revisoes
C04097,Territory,2016,127864,PF,Sudeste,7.7,0,7,13,890.34,10.0,0,0,0,Ligacao,0,desconto_pecas
C06906,Bronco Sport,2023,30892,PF,Sudeste,3.3,1,2,9,1263.67,8.0,1,0,0,WhatsApp,0,pacote_revisoes
C08629,Maverick,2016,72315,PF,Centro-Oeste,8.9,0,5,22,1171.85,8.0,0,0,1,E-mail,1,desconto_pecas
C08162,EcoSport,2016,94796,PF,Norte,26.3,0,7,60,485.39,9.0,0,0,0,Ligacao,1,checkup_gratuito
C09941,EcoSport,2018,120508,PF,Nordeste,10.5,0,6,40,958.34,8.0,0,0,0,WhatsApp,1,desconto_pecas
C08037,Ranger,2022,45320,PF,Nordeste,14.3,0,1,12,896.07,10.0,1,0,0,WhatsApp,1,revisao_preco_fixo
C03942,Ka,2016,330290,PJ_Frota,Nordeste,,0,15,7,565.89,5.0,0,0,0,E-mail,0,desconto_pecas
C03758,Transit,2015,380384,PJ_Frota,Sudeste,13.0,0,19,36,1107.63,4.0,0,0,0,App FordPass,1,desconto_pecas
C08636,EcoSport,2018,149011,PF,Nordeste,21.0,0,10,15,717.45,7.0,0,0,0,WhatsApp,0,desconto_pecas
C06297,Territory,2015,106221,PF,Norte,21.2,0,1,60,1719.32,6.0,0,0,1,WhatsApp,1,checkup_gratuito
C06124,Ka,2016,180525,PF,Nordeste,16.4,0,10,10,779.0,,0,0,0,App FordPass,0,revisao_preco_fixo
C02747,Ka,2015,167359,PF,Sudeste,9.7,0,15,10,494.72,7.0,0,0,1,E-mail,0,desconto_pecas
C05441,Maverick,2017,135510,PF,Norte,41.0,0,3,18,780.37,6.0,0,0,0,WhatsApp,1,revisao_preco_fixo
C02256,Mustang,2031,257923,PF,Nordeste ,16.9,0,21,8,2557.64,,0,0,0,App FordPass,1,revisao_preco_fixo
C07419,Ka,2014,139250,PF,Sul,,0,7,51,,7.0,1,0,1,App FordPass,0,checkup_gratuito
C06522,Ka,2018,83574,PF,Centro-Oeste,16.6,0,5,8,511.1,7.0,1,0,0,WhatsApp,0,desconto_pecas
C01191,Ranger,2014,102572,PF,Sudeste,11.8,0,11,60,1542.55,,0,0,1,WhatsApp,1,checkup_gratuito
C03606,Ka,2014,-192418,PF,Sudeste,6.0,0,9,7,16770.75,6.0,0,0,0,Ligacao,0,desconto_pecas
C01086,Bronco Sport,2026,6130,PF,Nordeste,8.5,1,0,3,552.85,,1,0,0,App FordPass,1,pacote_revisoes
C08617,Territory,2025,23497,PJ_Frota,sul,9.3,1,1,12,380.55,6.0,1,0,0,App FordPass,0,plano_frota
C03982,Territory,2018,72840,PF,Centro-Oeste,29.6,0,4,42,1058.69,7.0,1,0,2,E-mail,1,checkup_gratuito
C01113,Transit,2014,410892,PJ_Frota,SUDESTE,3.8,0,9,14,1348.12,7.0,0,0,1,WhatsApp,1,desconto_pecas
C00274,Territory,2016,182700,PF,Sudeste,,0,9,8,1655.69,8.0,0,0,0,Ligacao,1,desconto_pecas
C01341,Maverick,2025,12194,PF,SUDESTE,5.4,1,1,3,821.72,6.0,1,0,0,App FordPass,0,pacote_revisoes
C01180,Bronco Sport,2018,113107,PF,Sudeste,12.0,0,5,9,1166.47,9.0,0,0,0,WhatsApp,1,desconto_pecas
C05561,Ranger,2022,130345,PJ_Frota,Norte,141.3,0,0,3,1230.73,8.0,0,0,0,WhatsApp,1,revisao_preco_fixo
C02523,Territory,2018,107323,PF,Sudeste,6.8,0,5,54,922.03,8.0,0,0,1,E-mail,0,checkup_gratuito
C05794,Bronco Sport,2021,60208,PF,Sudeste,3.8,0,4,26,743.88,9.0,0,0,1,App FordPass,0,revisao_preco_fixo
C03624,Territory,2021,130231,PF,Sudeste,1.9,0,6,2,1261.04,7.0,0,0,0,WhatsApp,0,revisao_preco_fixo
C05103,Territory,2016,167938,PF,Sudeste,2.6,0,1,55,816.1,7.0,0,0,0,WhatsApp,1,desconto_pecas
C06861,Mustang,2014,138401,PF,Centro-Oeste,18.0,0,8,60,1191.44,4.0,0,0,1,WhatsApp,1,checkup_gratuito
C05250,Ranger,2020,92856,PF,Nordeste,7.2,0,9,3,458.16,8.0,0,0,1,App FordPass,0,revisao_preco_fixo
C05063,Ka,2015,97024,PF,Sudeste,8.0,0,11,5,646.08,10.0,0,0,1,WhatsApp,0,desconto_pecas
C05339,EcoSport,2016,124596,PF,Sul,11.8,0,4,39,757.39,9.0,0,0,0,Ligacao,0,desconto_pecas
C03895,Territory,2020,123016,PF,Nordeste,12.8,0,7,5,772.59,8.0,1,0,0,App FordPass,0,desconto_pecas
C09407,Ka,2015,216149,PF,Sudeste,8.6,0,2,30,734.55,7.0,0,0,0,App FordPass,1,desconto_pecas
C00870,Bronco Sport,2022,60684,PF,Sul,6.9,0,5,2,1349.14,4.0,0,0,2,WhatsApp,1,revisao_preco_fixo
C05233,Ranger,2018,61272,PF,Sul,6.4,0,6,19,863.9,,0,0,1,WhatsApp,0,checkup_gratuito
C00767,Ka,2017,117830,PF,Sudeste,5.1,0,5,12,1090.74,8.0,0,0,0,WhatsApp,0,revisao_preco_fixo
C01953,Transit,2016,122440,PJ_Frota,Norte,62.5,0,4,2,1067.4,,1,0,1,App FordPass,0,desconto_pecas
C08174,Ka,2020,184252,PJ_Frota,Sudeste,3.9,0,8,14,546.59,7.0,0,0,0,App FordPass,1,plano_frota
C03943,Territory,2024,20633,PF,Sudeste,10.6,1,1,4,763.69,9.0,1,0,0,WhatsApp,0,pacote_revisoes
C01121,Ka,2016,148631,PF,Sul,13.5,0,10,4,556.32,7.0,0,0,0,WhatsApp,0,desconto_pecas
C05874,Ka,2016,87353,PF,Norte,85.2,0,5,1,1460.31,8.0,0,0,0,WhatsApp,0,desconto_pecas
C01961,Ranger,2014,155332,PF,Sudeste,5.6,0,5,20,2349.23,6.0,0,0,0,WhatsApp,1,desconto_pecas
C01793,Territory,2016,85512,PF,SUDESTE,5.1,0,3,15,967.37,6.0,0,0,1,App FordPass,0,revisao_preco_fixo
C03776,Bronco Sport,2017,88411,PF,Sudeste,3.9,0,6,51,946.45,8.0,0,0,0,Ligacao,1,revisao_preco_fixo
C00863,Territory,2021,60109,PF,Sudeste,5.0,0,3,7,759.81,,0,0,0,WhatsApp,0,revisao_preco_fixo
C02722,EcoSport,2014,138118,PF,Sudeste,3.5,0,11,33,1099.97,7.0,1,0,0,E-mail,0,desconto_pecas
C04441,EcoSport,2019,55698,PF,Nordeste,12.0,0,2,2,752.87,6.0,1,0,0,E-mail,0,checkup_gratuito
C08242,Transit,2019,311248,PJ_Frota,Sul,21.6,0,4,14,820.12,,1,0,0,WhatsApp,0,desconto_pecas
C07443,Ka,2018,58415,PF,Nordeste,10.6,0,6,38,512.17,,0,1,0,WhatsApp,1,checkup_gratuito
C08006,Ranger,2014,152977,PF,Norte,26.7,0,9,60,1039.96,9.0,0,0,1,WhatsApp,1,checkup_gratuito
C06406,Transit,2017,306071,PJ_Frota,Sudeste,5.2,0,22,3,1267.94,6.0,0,0,0,E-mail,0,plano_frota
C01316,Territory,2021,72662,PF,Sudeste,15.9,0,3,4,1063.0,6.0,0,0,0,,1,revisao_preco_fixo
C08266,Transit,2020,231691,PJ_Frota,Sudeste,10.7,0,16,6,792.03,8.0,1,0,2,WhatsApp,0,plano_frota
C06363,Ka,2014,191748,PF,Sul,6.6,0,4,0,824.82,9.0,0,0,0,E-mail,0,desconto_pecas
C06411,Bronco Sport,2016,132442,PF,Nordeste,7.2,0,10,22,823.67,8.0,0,0,0,WhatsApp,1,desconto_pecas
C05488,Ranger,2015,80299,PF,Sudeste,4.3,0,8,60,1893.12,10.0,0,0,0,WhatsApp,1,revisao_preco_fixo
C01216,EcoSport,2021,74547,PF,Centro-Oeste,21.0,0,2,54,985.86,7.0,0,0,1,E-mail,1,revisao_preco_fixo
C04092,Maverick,2017,163970,PF,Norte,37.4,0,10,52,849.8,6.0,0,0,1,WhatsApp,1,checkup_gratuito
C09035,EcoSport,2014,107083,PF,Nordeste,7.8,0,0,8,792.12,5.0,0,0,0,WhatsApp,0,desconto_pecas
C02338,Territory,2016,122408,PF,Nordeste,32.4,0,2,60,1544.22,,0,0,0,WhatsApp,1,checkup_gratuito
C06841,Transit,2025,42018,PJ_Frota,Sudeste,9.3,1,2,5,991.22,8.0,1,0,0,WhatsApp,0,plano_frota
C00478,Territory,2026,3964,PF,Sudeste,3.0,1,0,10,852.01,6.0,1,0,0,App FordPass,0,pacote_revisoes
C03461,Maverick,2021,79520,PF,Sul,18.3,0,5,6,1137.0,8.0,0,0,0,E-mail,0,revisao_preco_fixo
C08046,Bronco Sport,2017,131990,PF,Sudeste,8.9,0,1,7,1948.11,2.0,0,0,1,WhatsApp,1,revisao_preco_fixo
C06860,EcoSport,2017,152993,PF,Centro-Oeste,17.3,0,9,16,880.52,7.0,0,0,1,App FordPass,1,desconto_pecas
C04665,Ranger,2023,82733,PJ_Frota,Sul,,1,7,6,1634.79,7.0,0,0,0,E-mail,0,pacote_revisoes
C05306,Transit,2024,21998,PF,Sudeste,4.2,1,1,1,844.74,7.0,1,0,0,,0,pacote_revisoes
C00574,Maverick,2017,108188,PF,Centro-Oeste,43.1,0,4,3,522.48,7.0,0,0,1,WhatsApp,0,desconto_pecas
C01456,EcoSport,2020,94813,PF,Sudeste,11.5,0,6,5,682.03,,0,0,0,Ligacao,0,pacote_revisoes
C07682,Ranger,2019,94862,PF,Sudeste,3.5,0,6,16,1075.54,6.0,0,0,0,WhatsApp,1,desconto_pecas
C05899,Ka,2017,165307,PF,Sul,13.6,0,8,14,511.51,8.0,0,0,0,App FordPass,0,pacote_revisoes
C03668,Ranger,2026,5617,PF,Nordeste,13.0,1,0,6,,3.0,0,0,0,App FordPass,1,pacote_revisoes
C06917,Territory,2014,201751,PF,Sudeste,7.4,0,13,18,1184.85,8.0,0,0,0,E-mail,0,desconto_pecas
C05131,Ka,2018,135737,PF,Sudeste,7.6,0,10,23,1112.25,8.0,0,0,0,E-mail,0,checkup_gratuito
C05885,Ka,2018,124926,PF,Nordeste ,3.7,0,3,11,484.35,5.0,0,0,0,WhatsApp,1,revisao_preco_fixo
C05059,Ka,2018,171896,PF,Sudeste,20.8,0,7,29,749.83,,0,0,1,Ligacao,1,checkup_gratuito
C08846,Maverick,2023,23278,PF,Centro-Oeste,5.4,1,2,3,733.28,4.0,1,1,0,App FordPass,0,pacote_revisoes
C05116,Territory,2022,79194,PF,Sudeste,8.1,0,1,6,1444.47,7.0,0,0,0,WhatsApp,0,desconto_pecas
C07393,Bronco Sport,2016,223068,PF,Sudeste,17.3,0,16,60,1347.06,8.0,0,0,0,E-mail,1,desconto_pecas
C03806,Territory,2025,9948,PF,Sudeste,3.3,1,1,18,569.53,7.0,1,0,1,WhatsApp,0,checkup_gratuito
C09171,Territory,2022,67190,PF,Nordeste,6.8,0,2,4,1070.62,8.0,0,0,0,E-mail,0,revisao_preco_fixo
C03740,EcoSport,2014,129499,PF,Sul,22.2,0,5,15,906.37,,1,0,0,WhatsApp,1,desconto_pecas
C01233,Territory,2026,3453,PF,Centro-Oeste,27.4,1,0,9,841.13,7.0,1,0,0,E-mail,0,pacote_revisoes
C07426,Transit,2020,172603,PJ_Frota,Sul,8.0,0,7,60,2145.77,5.0,1,0,0,App FordPass,1,revisao_preco_fixo
C04007,Ka,2014,182612,PF,Norte,44.7,0,9,41,411.74,,0,0,0,App FordPass,1,desconto_pecas
C02561,Territory,2023,41250,PF,Sudeste,2.4,1,2,15,1041.46,8.0,0,0,0,App FordPass,0,pacote_revisoes
C08632,Ka,2015,68100,PF,Nordeste,39.2,0,2,34,873.41,8.0,0,0,0,Ligacao,1,revisao_preco_fixo
C06765,Territory,2017,138287,PF,Norte,,0,7,60,1196.19,7.0,0,0,0,WhatsApp,1,checkup_gratuito
C07328,EcoSport,2017,137856,PF,Sudeste,3.9,0,5,11,913.59,6.0,1,0,1,WhatsApp,0,revisao_preco_fixo
C00983,Ranger,2023,40667,PF,Sudeste,2.5,1,3,6,789.27,6.0,1,0,1,Ligacao,0,pacote_revisoes
C06800,Ranger,2017,119646,PF,Sul,8.0,0,2,28,1399.61,,0,0,0,E-mail,1,desconto_pecas
C08397,Bronco Sport,2021,49089,PF,Sul,4.4,0,1,4,771.56,,1,0,0,App FordPass,0,revisao_preco_fixo
C03360,EcoSport,2017,125900,PF,Sudeste,32.3,0,4,59,867.48,5.0,0,0,0,WhatsApp,1,checkup_gratuito
C02104,Territory,2026,6001,PF,Nordeste,14.7,1,0,7,730.48,8.0,0,0,0,Ligacao,0,pacote_revisoes
C01408,Maverick,2019,130029,PF,Sul,5.5,0,4,13,521.7,,0,1,1,App FordPass,1,desconto_pecas
C09964,Ka,2018,53853,PF,Sudeste,7.6,0,7,12,746.85,,1,0,1,App FordPass,1,checkup_gratuito
C06157,Ka,2020,72710,PF,Centro-Oeste,10.7,0,5,10,11652.25,6.0,0,0,1,WhatsApp,0,pacote_revisoes
C07399,Bronco Sport,2022,47567,PF,Sudeste,11.7,0,2,23,1103.46,6.0,0,0,1,E-mail,0,revisao_preco_fixo
C08723,Bronco Sport,2017,96024,PF,Centro-Oeste,27.0,0,4,60,1126.11,,0,0,0,App FordPass,1,checkup_gratuito
C03722,Maverick,2014,82260,PF,Nordeste,9.6,0,9,16,1359.21,5.0,0,0,0,WhatsApp,0,desconto_pecas
C05898,Ranger,2019,261363,PJ_Frota,Sudeste,8.4,0,14,14,1264.04,5.0,1,0,0,App FordPass,0,desconto_pecas
C00979,Ka,2020,68604,PF,Sul,5.4,0,3,4,471.62,5.0,0,0,0,WhatsApp,0,revisao_preco_fixo
C05430,EcoSport,2016,115840,PF,Nordeste,17.1,0,3,18,853.34,5.0,0,0,0,App FordPass,0,desconto_pecas
C00589,Ka,2015,332235,PJ_Frota,Sul,15.6,0,5,4,1093.18,9.0,0,0,0,WhatsApp,1,desconto_pecas
C07404,Ranger,2016,295149,PJ_Frota,Sudeste,9.2,0,19,27,1199.62,9.0,0,0,0,E-mail,0,plano_frota
C01173,Bronco Sport,2020,49847,PF,Norte,,0,2,5,939.77,10.0,0,0,0,WhatsApp,1,revisao_preco_fixo
C07749,Maverick,2018,178053,PF,Sudeste,9.6,0,4,12,859.5,,0,0,0,App FordPass,1,desconto_pecas
C08797,Territory,2023,65702,PF,Sudeste,8.1,1,5,1,1293.79,7.0,0,0,1,WhatsApp,0,pacote_revisoes
C08367,Bronco Sport,2025,24379,PF,Sul,,1,1,2,973.91,8.0,0,0,0,E-mail,0,pacote_revisoes
C07178,Transit,2016,87654,PF,Centro-Oeste,43.3,0,1,11,1035.62,9.0,1,1,0,E-mail,0,desconto_pecas
C05309,EcoSport,2017,170686,PF,Sudeste,13.4,0,9,0,638.03,8.0,0,0,0,App FordPass,0,desconto_pecas
C01480,Ranger,2016,148583,PF,Nordeste ,12.5,0,7,16,1098.13,6.0,0,0,1,App FordPass,1,desconto_pecas
C00412,Ka,2019,172691,PF,Sudeste,10.0,0,4,10,663.68,5.0,0,0,0,App FordPass,1,desconto_pecas
C03743,Ranger,2018,152703,PJ_Frota,Nordeste,10.4,0,5,5,1301.36,6.0,0,1,0,App FordPass,0,plano_frota
C06296,Maverick,2024,24255,PF,Sudeste,4.7,1,2,5,818.1,8.0,1,0,0,WhatsApp,0,revisao_preco_fixo
C03630,Ka,2021,56546,PF,Sudeste,17.0,0,3,9,700.47,6.0,0,0,0,Ligacao,0,revisao_preco_fixo
C06536,Ka,2020,92767,PF,Sudeste,5.6,0,7,6,483.14,6.0,0,0,0,App FordPass,0,revisao_preco_fixo
C00078,Ranger,2026,7190,PJ_Frota,Nordeste,19.7,1,0,7,1264.62,7.0,0,0,0,WhatsApp,0,plano_frota
C08456,Transit,2020,67401,PF,Nordeste ,6.9,0,5,5,1572.2,8.0,1,1,0,App FordPass,0,checkup_gratuito
C04394,EcoSport,2015,108682,PF,Nordeste,8.9,0,2,0,761.01,6.0,0,0,0,App FordPass,1,desconto_pecas
C01598,Maverick,2026,3135,PF,Nordeste,15.2,1,0,2,774.86,6.0,1,0,0,E-mail,0,checkup_gratuito
C03956,Transit,2018,229151,PJ_Frota,Sudeste,,0,10,29,1196.28,6.0,0,0,0,App FordPass,0,desconto_pecas
C09714,Ka,2017,108699,PF,Sudeste,7.2,0,7,13,558.0,8.0,0,0,0,E-mail,1,checkup_gratuito
C01178,EcoSport,2016,197649,PJ_Frota,Norte,19.1,0,9,60,1305.91,7.0,0,0,0,E-mail,1,plano_frota
C08160,Ranger,2015,331230,PJ_Frota,Nordeste,11.7,0,29,7,918.66,8.0,0,1,0,WhatsApp,0,plano_frota
C02386,Transit,2025,24692,PJ_Frota,Sudeste,5.8,1,2,6,994.35,8.0,0,0,0,WhatsApp,0,plano_frota
C07759,Territory,2021,75941,PF,Sudeste,,0,2,59,1194.81,9.0,0,0,0,WhatsApp,1,revisao_preco_fixo
C05526,EcoSport,2017,52211,PF,Sul,12.9,0,5,21,720.21,7.0,0,0,0,App FordPass,1,checkup_gratuito
C07253,Territory,2022,37104,PF,Sudeste,5.1,0,3,3,1630.21,6.0,1,0,0,App FordPass,0,revisao_preco_fixo
C03452,Ka,2020,219905,PJ_Frota,Sudeste,9.3,0,9,2,421.16,9.0,0,1,1,WhatsApp,0,plano_frota
C07729,Ka,2019,206339,PJ_Frota,Sul,10.4,0,11,2,,8.0,1,0,0,WhatsApp,0,plano_frota
C03237,EcoSport,2015,147354,PF,Nordeste,9.4,0,4,55,767.3,10.0,0,0,0,WhatsApp,1,checkup_gratuito
C02640,Bronco Sport,2016,-131555,PF,sul,,0,1,46,1053.87,6.0,0,0,0,Ligacao,1,checkup_gratuito
C05644,Territory,2017,119640,PF,Centro-Oeste,25.8,0,0,14,1192.62,4.0,0,0,0,WhatsApp,1,checkup_gratuito
C08202,EcoSport,2018,149740,PF,Sudeste,10.7,0,9,7,449.6,10.0,0,0,0,WhatsApp,0,pacote_revisoes
C00438,Bronco Sport,2017,132947,PF,Norte,44.3,0,0,55,1605.23,6.0,0,0,0,App FordPass,1,checkup_gratuito
C00971,Ka,2018,142325,PF,Centro-Oeste,19.5,0,4,13,815.77,4.0,0,0,0,,1,desconto_pecas
C08861,Ranger,2023,32467,PF,Sudeste,3.0,1,3,2,1389.6,,1,0,1,App FordPass,0,pacote_revisoes
C05288,EcoSport,2021,118802,PJ_Frota,Nordeste,6.1,0,5,16,936.2,8.0,0,0,0,WhatsApp,0,plano_frota
C04221,Ka,2016,112798,PF,Sudeste,6.9,0,5,6,820.86,,0,0,0,WhatsApp,0,desconto_pecas
C02305,EcoSport,2016,90246,PF,Sudeste,3.0,0,9,60,973.5,6.0,0,0,0,E-mail,1,checkup_gratuito
C09796,Ka,2014,148973,PF,Nordeste,19.8,0,5,27,630.48,,0,0,0,WhatsApp,0,desconto_pecas
C09871,Maverick,2024,28209,PF,Sul,17.7,1,2,4,1026.18,,1,0,0,WhatsApp,0,pacote_revisoes
C01926,EcoSport,2015,106247,PF,Sudeste,8.3,0,7,60,,7.0,0,0,0,WhatsApp,1,checkup_gratuito
C01337,Territory,2015,91754,PF,Sul,9.4,0,8,60,1293.88,8.0,0,1,1,WhatsApp,1,checkup_gratuito
C03587,Ranger,2018,135927,PF,Nordeste,16.3,0,7,10,1078.31,6.0,0,1,0,E-mail,0,checkup_gratuito
C07304,Ranger,2016,406012,PJ_Frota,Centro-Oeste,16.3,0,29,8,1399.71,5.0,0,0,0,E-mail,0,desconto_pecas
C06107,Ka,2016,116851,PF,Nordeste,51.8,0,5,8,536.37,5.0,0,0,0,App FordPass,1,desconto_pecas
C03076,EcoSport,2019,73038,PF,Sul,5.3,0,4,6,489.81,7.0,0,0,0,WhatsApp,0,revisao_preco_fixo
C00628,Ranger,2014,194362,PF,Centro-Oeste,62.1,0,15,60,1038.45,9.0,0,1,0,E-mail,1,desconto_pecas
C00409,Transit,2018,147156,PJ_Frota,Sudeste,11.3,0,5,2,863.41,7.0,1,0,0,Ligacao,0,plano_frota
C09858,Ranger,2023,47137,PF,norte,53.5,1,3,3,1156.13,5.0,0,0,0,App FordPass,0,pacote_revisoes
C05836,Maverick,2019,73084,PF,Sudeste,15.7,0,3,13,967.66,,0,0,0,WhatsApp,1,revisao_preco_fixo
C05759,Ka,2019,108159,PF,Sudeste,6.0,0,3,60,711.3,7.0,0,0,0,WhatsApp,1,checkup_gratuito
C01198,EcoSport,2016,129964,PF,Sudeste,14.4,0,6,3,794.24,7.0,0,0,0,App FordPass,1,desconto_pecas
C07637,Transit,2020,131103,PJ_Frota,Sudeste,12.1,0,11,1,1080.8,9.0,0,0,0,WhatsApp,0,plano_frota
C02679,EcoSport,2017,69146,PF,Sul,11.1,0,3,0,,,0,0,0,Ligacao,1,desconto_pecas
C09393,EcoSport,2021,67816,PF,Sul,11.0,0,5,20,569.09,7.0,1,0,0,App FordPass,0,checkup_gratuito
C05395,Ranger,2023,45496,PF,Norte,131.2,1,0,2,1129.55,8.0,0,0,1,WhatsApp,0,pacote_revisoes
C05330,Bronco Sport,2025,13122,PF,Centro-Oeste,18.3,1,1,2,691.04,,1,0,0,App FordPass,0,pacote_revisoes
C04109,Ranger,2014,367932,PJ_Frota,Nordeste,20.2,0,16,60,1275.09,8.0,0,0,0,App FordPass,1,desconto_pecas
C06627,Territory,2018,132694,PF,Sul,6.5,0,7,22,,6.0,1,0,0,,0,desconto_pecas
C00760,Bronco Sport,2023,44695,PF,Sudeste,6.6,1,4,4,641.87,6.0,0,0,1,App FordPass,0,pacote_revisoes
C08139,EcoSport,2021,74309,PF,SUDESTE,5.2,0,4,9,514.78,5.0,0,0,1,E-mail,0,revisao_preco_fixo
C05940,Territory,2015,76078,PF,Sudeste,4.8,0,10,11,,7.0,1,0,0,App FordPass,0,desconto_pecas
C04752,Ranger,2021,92677,PF,Sudeste,6.0,0,6,11,858.08,,0,0,0,WhatsApp,0,desconto_pecas
C04078,Ka,2018,57458,PF,Sudeste,4.4,0,5,60,891.65,9.0,0,0,1,WhatsApp,1,checkup_gratuito
C07285,Mustang,2024,18595,PF,Sudeste,6.1,1,2,3,1661.69,7.0,1,0,0,E-mail,0,pacote_revisoes
C05063,Ka,2015,97024,PF,Sudeste,8.0,0,11,5,646.08,10.0,0,0,1,WhatsApp,0,desconto_pecas
C09715,Ranger,2016,157349,PF,Sudeste,3.4,0,13,60,1315.41,5.0,0,1,0,WhatsApp,1,checkup_gratuito
C07918,Transit,2020,149719,PJ_Frota,Sul,8.6,0,3,29,1211.49,7.0,0,0,0,E-mail,0,plano_frota
C06746,Territory,2019,93473,PF,Sudeste,7.7,0,2,7,1371.38,6.0,0,0,0,WhatsApp,0,revisao_preco_fixo
C09891,Ranger,2023,50045,PF,Nordeste,11.4,1,3,3,930.9,9.0,1,0,0,App FordPass,0,pacote_revisoes
C05758,EcoSport,2018,364414,PJ_Frota,Nordeste,8.3,0,12,3,,5.0,0,0,0,WhatsApp,0,desconto_pecas
C05231,Mustang,2017,85610,PF,Centro Oeste,32.1,0,0,5,2167.02,6.0,0,0,0,E-mail,0,revisao_preco_fixo
C01458,Transit,2026,4705,PJ_Frota,Centro-Oeste,22.5,1,0,1,689.19,6.0,1,0,2,,1,pacote_revisoes
C04578,Ranger,2021,87693,PF,Sudeste,15.9,0,6,21,1450.22,6.0,0,0,0,WhatsApp,0,revisao_preco_fixo
C03111,EcoSport,2020,52302,PF,Sudeste,6.4,0,5,3,611.57,9.0,0,0,0,App FordPass,0,revisao_preco_fixo
C00693,EcoSport,2019,146595,PF,Sudeste,10.6,0,8,8,438.96,9.0,1,0,0,WhatsApp,0,desconto_pecas
C05088,Transit,2021,97901,PJ_Frota,Sudeste,5.0,0,5,10,709.61,7.0,0,0,1,WhatsApp,0,plano_frota
C06216,Ranger,2026,1896,PF,Nordeste,13.5,1,0,1,862.62,9.0,1,0,0,App FordPass,0,pacote_revisoes
C06658,Maverick,2018,71445,PF,Nordeste,28.2,0,3,17,938.14,7.0,1,0,0,App FordPass,1,checkup_gratuito
C09565,Ranger,2025,8646,PF,Sul,16.2,1,1,3,1167.22,7.0,0,0,2,E-mail,0,pacote_revisoes
C05635,Territory,2014,222970,PF,norte,15.5,0,4,60,1163.72,8.0,0,0,0,E-mail,1,checkup_gratuito
C02017,Ka,2018,51562,PF,Norte,179.0,0,0,21,329.53,8.0,0,0,0,WhatsApp,1,pacote_revisoes
C02984,Ka,2016,186633,PF,Sudeste,5.8,0,12,8,20420.75,6.0,0,0,0,WhatsApp,0,desconto_pecas
C02351,Maverick,2019,79031,PF,Sul,9.4,0,1,10,1175.77,6.0,0,0,0,App FordPass,1,checkup_gratuito
C05629,EcoSport,2016,144616,PF,Sudeste,5.2,0,13,31,939.59,8.0,0,0,1,E-mail,0,desconto_pecas
C06837,Territory,2017,143880,PF,Sudeste,10.1,0,9,33,886.61,,0,0,0,WhatsApp,1,checkup_gratuito
C08096,Ka,2015,133174,PF,Sudeste,6.5,0,6,60,886.2,7.0,0,0,0,Ligacao,1,desconto_pecas
C06002,Territory,2019,67026,PF,Sudeste,8.3,0,4,12,929.83,5.0,0,0,1,Ligacao,1,revisao_preco_fixo
C06484,Transit,2024,82084,PJ_Frota,Norte,53.7,1,8,1,1936.87,9.0,0,0,0,E-mail,0,revisao_preco_fixo
C06964,Ka,2015,174461,PF,Sul,7.6,0,9,60,850.67,5.0,0,0,1,Ligacao,1,checkup_gratuito
C05424,Transit,2022,109342,PJ_Frota,Sul,8.9,0,2,6,1438.42,4.0,1,0,0,WhatsApp,0,plano_frota
C06955,Ranger,2016,148928,PF,SUDESTE,10.9,0,13,35,1078.66,6.0,1,0,0,WhatsApp,0,desconto_pecas
C08234,Mustang,2016,83892,PF,Nordeste,14.2,0,3,60,2242.06,8.0,0,0,0,E-mail,1,checkup_gratuito
C09432,Territory,2017,101628,PF,Sul,6.6,0,8,38,849.6,8.0,0,0,2,App FordPass,1,checkup_gratuito
C01418,Mustang,2022,123526,PF,Centro-Oeste,64.7,0,3,2,,9.0,0,1,0,App FordPass,1,revisao_preco_fixo
C00878,Territory,2016,149777,PF,Sudeste,10.1,0,4,0,927.2,8.0,0,0,0,E-mail,1,revisao_preco_fixo
C01483,EcoSport,2021,71819,PF,Nordeste,20.8,0,5,12,837.24,7.0,0,0,1,WhatsApp,0,revisao_preco_fixo
C00055,Maverick,2022,108577,PJ_Frota,Sudeste,4.2,0,6,31,658.84,6.0,0,0,0,,1,checkup_gratuito
C09071,EcoSport,2017,80639,PF,Norte,,0,6,15,593.84,8.0,0,0,0,App FordPass,0,desconto_pecas
C01318,Bronco Sport,2026,3613,PF,Nordeste,14.3,1,0,2,833.31,8.0,1,0,1,App FordPass,1,revisao_preco_fixo
C02633,Territory,2024,15323,PF,Sudeste,13.8,1,2,9,925.07,7.0,0,1,0,WhatsApp,0,checkup_gratuito
C04122,Mustang,2017,138635,PF,Sudeste,17.4,0,6,12,1087.65,,0,0,1,WhatsApp,0,desconto_pecas
C01238,Ka,2021,72596,PF,Nordeste,11.7,0,2,4,624.99,10.0,1,0,0,WhatsApp,0,revisao_preco_fixo
C01513,Bronco Sport,2015,140023,PF,Sudeste,9.5,0,9,0,1897.96,8.0,1,0,0,WhatsApp,0,revisao_preco_fixo
C08327,Territory,2020,67440,PF,Sul,10.9,0,4,1,1165.04,5.0,0,0,0,App FordPass,0,revisao_preco_fixo
C02828,Maverick,2014,185742,PF,Nordeste,30.7,0,2,54,,3.0,1,0,0,Ligacao,1,checkup_gratuito
C05473,EcoSport,2016,85426,PF,Centro-Oeste,22.6,0,3,49,859.4,5.0,1,0,0,App FordPass,1,checkup_gratuito
C08033,EcoSport,2014,158455,PF,Norte,13.5,0,9,31,952.88,8.0,1,1,0,E-mail,0,desconto_pecas
C06199,Transit,2014,196227,PJ_Frota,Sudeste,7.0,0,9,13,1456.24,,0,0,0,WhatsApp,1,plano_frota
C06607,EcoSport,2021,76736,PF,Sudeste,9.6,0,3,60,506.92,7.0,0,0,0,Ligacao,1,revisao_preco_fixo
C05096,Territory,2023,29415,PF,Nordeste,12.6,1,2,13,871.21,7.0,0,0,0,WhatsApp,0,pacote_revisoes
C07829,Ka,2021,64773,PF,SUDESTE,12.8,0,1,54,637.24,5.0,1,0,2,,1,checkup_gratuito
C03928,Ka,2020,49117,PF,Nordeste,21.7,0,3,43,785.28,7.0,0,0,0,App FordPass,0,revisao_preco_fixo
C04492,Transit,2025,42183,PJ_Frota,Centro-Oeste,21.3,1,2,15,1707.28,7.0,1,0,0,WhatsApp,0,plano_frota
C04149,Ranger,2020,76102,PF,Centro-Oeste,9.0,0,2,3,1316.55,8.0,1,0,0,WhatsApp,0,revisao_preco_fixo
C06389,EcoSport,2018,96972,PF,Sul,6.2,0,1,5,1309.81,7.0,0,0,0,Ligacao,1,desconto_pecas
C00178,Mustang,2021,42741,PF,Sudeste,6.3,0,2,1,1352.35,,0,0,0,WhatsApp,0,revisao_preco_fixo
C07344,EcoSport,2021,95147,PF,Sudeste,,0,4,25,456.49,7.0,0,0,0,Ligacao,1,checkup_gratuito
C04603,Territory,2014,163624,PF,norte,25.7,0,14,54,826.93,8.0,0,0,1,WhatsApp,1,checkup_gratuito
C08492,Ranger,2025,43829,PJ_Frota,Sudeste,5.0,1,3,1,1144.01,3.0,1,0,1,App FordPass,0,plano_frota
C05648,Ranger,2025,12365,PF,Nordeste,6.2,1,1,0,521.99,,1,0,0,E-mail,0,pacote_revisoes
C09193,EcoSport,2019,93566,PF,Centro-Oeste,32.8,0,2,1,469.36,6.0,0,0,1,App FordPass,1,revisao_preco_fixo
C03590,Maverick,2015,158007,PF,Sudeste,15.1,0,3,35,935.6,5.0,1,0,0,WhatsApp,0,checkup_gratuito
C04822,Territory,2022,51837,PF,Sudeste,11.7,0,1,17,1105.82,7.0,0,0,0,App FordPass,1,revisao_preco_fixo
C00228,Territory,2023,23015,PF,Sudeste,8.1,1,3,3,663.89,10.0,0,0,1,E-mail,0,pacote_revisoes
C00818,Territory,2019,130448,PF,Sudeste,4.8,0,7,14,1250.47,6.0,0,0,0,WhatsApp,1,revisao_preco_fixo
C09180,Ranger,2022,248509,PJ_Frota,Sul,5.9,0,5,13,882.0,7.0,0,0,0,E-mail,1,revisao_preco_fixo
C00029,Territory,2021,65706,PF,Nordeste,21.0,0,4,4,780.01,9.0,1,0,0,App FordPass,0,pacote_revisoes
C00561,EcoSport,2020,73604,PF,Sul,14.0,0,4,0,,7.0,0,0,1,Ligacao,0,desconto_pecas
C08417,Maverick,2019,73873,PF,Nordeste,7.7,0,1,37,954.98,4.0,0,0,0,WhatsApp,1,checkup_gratuito
C04101,Territory,2026,3756,PF,Sudeste,15.4,1,0,1,974.64,8.0,0,0,0,E-mail,1,pacote_revisoes
C04128,Maverick,2020,81771,PF,Norte,21.1,0,3,4,1187.08,10.0,0,0,0,WhatsApp,0,revisao_preco_fixo
C03010,EcoSport,2019,90524,PF,Sul,15.0,0,5,15,1084.02,6.0,0,0,0,Ligacao,1,revisao_preco_fixo
C07890,Ranger,2023,25646,PF,Sudeste,12.5,1,3,0,773.9,7.0,1,0,0,App FordPass,0,pacote_revisoes
C08860,EcoSport,2021,60688,PF,Nordeste,10.3,0,5,36,564.02,,0,0,0,Ligacao,0,desconto_pecas
C03006,Territory,2021,110787,PF,Sul,10.6,0,2,11,865.14,,0,0,0,WhatsApp,1,revisao_preco_fixo
C05454,Transit,2014,596492,PJ_Frota,Sudeste,13.8,0,24,27,849.21,,0,0,0,WhatsApp,1,desconto_pecas
C05502,Ka,2018,92892,PF,Sudeste,38.3,0,1,10,1002.83,4.0,0,0,1,WhatsApp,0,checkup_gratuito
C03539,EcoSport,2021,38006,PF,Norte,52.6,0,2,15,736.32,5.0,0,0,1,,1,revisao_preco_fixo
C05492,EcoSport,2016,99108,PF,Centro-Oeste,45.9,0,1,22,516.74,6.0,0,0,1,,1,desconto_pecas
C08343,EcoSport,2018,168767,PF,Sul,11.8,0,14,53,830.35,9.0,0,0,0,E-mail,0,checkup_gratuito
C01802,Ka,2017,104066,PF,Nordeste,27.4,0,4,10,743.79,5.0,0,1,0,WhatsApp,0,desconto_pecas
C09606,Ranger,2015,93735,PF,Norte,19.7,0,4,20,1479.09,8.0,0,0,0,Ligacao,0,desconto_pecas
C00702,Ka,2016,143382,PF,Sudeste,17.3,0,5,6,887.8,6.0,0,0,0,WhatsApp,0,desconto_pecas
C07597,Bronco Sport,2014,134810,PF,Norte,38.4,0,9,17,728.74,6.0,0,0,0,WhatsApp,0,desconto_pecas
C02317,Bronco Sport,2019,104258,PF,Sul,4.5,0,4,15,947.41,,0,0,1,Ligacao,1,revisao_preco_fixo
C01444,Ka,2014,152259,PF,Sudeste,29.9,0,8,60,604.12,,0,0,0,,1,desconto_pecas
C02950,Ka,2016,133001,PF,Sudeste,22.3,0,2,25,745.69,6.0,0,0,0,WhatsApp,1,checkup_gratuito
C03517,Ka,2015,578051,PJ_Frota,Sudeste,13.6,0,23,60,791.82,7.0,0,0,0,App FordPass,1,desconto_pecas
C09046,EcoSport,2020,143178,PF,Sul,10.8,0,8,19,1490.59,8.0,1,0,1,Ligacao,1,revisao_preco_fixo
C07209,Territory,2024,29945,PF,Nordeste,13.8,1,2,2,592.69,,1,0,1,WhatsApp,0,pacote_revisoes
C02881,Ka,2021,82456,PF,Nordeste,,0,1,25,556.18,10.0,1,1,0,Ligacao,0,revisao_preco_fixo
C08008,Maverick,2015,201624,PF,Sudeste,,0,7,35,897.73,7.0,0,0,1,WhatsApp,1,desconto_pecas
C05621,EcoSport,2021,86922,PF,Sudeste,14.9,0,5,25,871.52,7.0,1,0,0,App FordPass,1,revisao_preco_fixo
C06192,Ka,2021,55881,PF,Norte,,0,0,22,740.51,8.0,0,0,0,WhatsApp,1,revisao_preco_fixo
C02337,Ranger,2025,12133,PF,Sul,14.3,1,1,4,1179.4,9.0,1,0,0,App FordPass,0,pacote_revisoes
C08398,Transit,2020,124084,PJ_Frota,Norte,15.8,0,6,13,946.19,,0,1,0,WhatsApp,0,plano_frota
C05497,EcoSport,2017,110111,PF,SUDESTE,11.7,0,4,5,728.34,7.0,0,0,0,WhatsApp,0,desconto_pecas
C09339,EcoSport,2018,134872,PF,Nordeste,18.9,0,4,60,,5.0,0,0,1,Ligacao,0,checkup_gratuito
C07117,Territory,2019,87551,PF,Sudeste,5.6,0,6,12,839.92,8.0,0,0,0,E-mail,0,desconto_pecas
C05917,Bronco Sport,2019,70779,PF,SUDESTE,9.9,0,4,19,2005.02,8.0,1,0,0,App FordPass,0,revisao_preco_fixo
C05506,Ka,2015,135706,PF,Norte,,0,3,19,,5.0,0,0,0,Ligacao,1,checkup_gratuito
C03297,Ranger,2022,49235,PF,Sudeste,9.5,0,2,3,681.9,7.0,0,0,1,App FordPass,0,desconto_pecas
C03238,EcoSport,2014,121195,PF,Sudeste,26.2,0,5,1,,4.0,0,0,2,App FordPass,1,desconto_pecas
C06776,Ranger,2024,19419,PF,Nordeste,,1,2,7,,5.0,1,0,1,App FordPass,1,pacote_revisoes
C06919,Territory,2026,4920,PF,Sudeste,9.0,1,0,3,887.02,6.0,1,0,1,E-mail,0,pacote_revisoes
C04985,EcoSport,2015,272605,PF,Centro-Oeste,15.9,0,3,37,719.81,8.0,0,0,0,WhatsApp,1,desconto_pecas
C01125,Ranger,2022,49582,PF,Sudeste,11.7,0,3,2,908.31,7.0,1,0,0,,0,revisao_preco_fixo
C04995,EcoSport,2019,178718,PJ_Frota,Centro-Oeste,16.1,0,6,0,566.56,6.0,0,0,0,WhatsApp,0,plano_frota
C04928,Bronco Sport,2024,56643,PJ_Frota,Sul,10.8,1,3,11,700.84,10.0,0,0,0,App FordPass,0,pacote_revisoes
C09437,Bronco Sport,2022,57593,PF,Nordeste,32.5,0,0,0,1894.67,8.0,0,1,0,E-mail,1,revisao_preco_fixo
C04084,Ranger,2015,151588,PF,Nordeste,6.6,0,12,10,1323.2,7.0,0,0,1,Ligacao,0,desconto_pecas
C06195,Ranger,2022,46499,PF,Sul,22.3,0,3,45,,8.0,1,0,0,App FordPass,0,revisao_preco_fixo
C02665,Maverick,2024,16974,PF,Sul,9.4,1,1,6,617.26,3.0,1,0,0,App FordPass,0,pacote_revisoes
C06829,Bronco Sport,2026,2485,PF,Nordeste,13.0,1,0,0,1245.11,10.0,1,0,1,,0,pacote_revisoes
C00869,EcoSport,2019,40599,PF,Norte,69.4,0,0,17,387.3,7.0,0,0,0,WhatsApp,1,revisao_preco_fixo
C03233,Ka,2016,196128,PF,Nordeste,15.4,0,14,37,,7.0,0,0,1,WhatsApp,0,desconto_pecas
C04769,Bronco Sport,2026,5229,PJ_Frota,Sudeste,7.8,1,0,0,527.07,,1,0,0,WhatsApp,0,revisao_preco_fixo
C06893,EcoSport,2018,150096,PF,Sudeste,8.4,0,13,7,551.46,4.0,0,0,0,WhatsApp,0,checkup_gratuito
C03050,Mustang,2018,89536,PF,Sudeste,7.5,0,5,39,2458.22,8.0,0,0,0,WhatsApp,0,revisao_preco_fixo
C02677,Maverick,2022,63962,PF,Nordeste,,0,3,6,870.59,7.0,1,0,0,WhatsApp,0,revisao_preco_fixo
C05470,Territory,2019,47808,PF,Sudeste,7.5,0,3,60,,7.0,0,0,0,Ligacao,1,revisao_preco_fixo
C05772,EcoSport,2021,44435,PF,Nordeste,4.7,0,4,12,859.65,7.0,0,0,0,E-mail,0,desconto_pecas
C03078,Territory,2016,152334,PF,Nordeste,7.4,0,3,31,1398.21,,0,0,0,E-mail,1,desconto_pecas
C01138,Ka,2016,61430,PF,Sul,20.1,0,9,60,415.46,10.0,0,0,0,WhatsApp,1,checkup_gratuito
C07920,Territory,2019,70635,PF,Sudeste,3.4,0,3,59,882.24,10.0,0,0,0,WhatsApp,1,desconto_pecas
C02694,Maverick,2015,139650,PF,Sul,11.9,0,5,18,,10.0,0,0,0,,1,desconto_pecas
C07835,EcoSport,2017,38734,PF,Centro-Oeste,13.8,0,2,60,682.04,,0,0,0,,1,checkup_gratuito
C04585,Bronco Sport,2020,38333,PF,SUDESTE,15.0,0,1,56,906.71,3.0,0,0,1,App FordPass,1,checkup_gratuito
C07740,Ranger,2018,105894,PF,SUDESTE,5.1,0,9,24,1659.1,8.0,0,0,0,WhatsApp,0,checkup_gratuito
C05767,Territory,2019,141995,PF,Centro-Oeste,21.0,0,1,44,1357.75,5.0,0,0,0,Ligacao,1,checkup_gratuito
C06309,Bronco Sport,2015,189068,PF,Norte,22.2,0,11,58,,,0,0,0,WhatsApp,1,checkup_gratuito
C00927,Maverick,2019,69078,PF,norte,41.8,0,2,14,1382.45,6.0,0,0,0,WhatsApp,0,revisao_preco_fixo
C04310,Ranger,2022,23054,PF,Sudeste,16.4,0,3,0,1011.68,5.0,1,0,0,WhatsApp,0,revisao_preco_fixo
C06039,Ranger,2021,48461,PF,Sudeste,5.1,0,4,0,1288.85,10.0,1,0,0,WhatsApp,0,revisao_preco_fixo
C09676,Territory,2021,55163,PF,Nordeste,34.9,0,2,6,667.37,7.0,0,0,0,WhatsApp,0,revisao_preco_fixo
C03369,Ranger,2018,401378,PJ_Frota,Nordeste,8.2,0,34,22,2067.96,7.0,0,0,1,E-mail,0,desconto_pecas
C07562,Ka,2019,82356,PF,Centro Oeste,9.1,0,3,28,647.52,7.0,0,0,0,WhatsApp,1,checkup_gratuito
C00416,Ka,2017,111377,PF,Sul,21.2,0,7,60,392.54,5.0,0,0,2,App FordPass,1,checkup_gratuito
C05125,Ka,2018,40947,PF,Sul,10.2,0,7,10,696.87,,0,1,1,WhatsApp,0,checkup_gratuito
C02086,EcoSport,2019,90113,PF,Nordeste,13.8,0,3,33,1023.44,,0,0,0,WhatsApp,0,revisao_preco_fixo
C04054,Maverick,2018,80073,PF,Sudeste,2.0,0,4,1,972.91,4.0,0,0,0,WhatsApp,1,checkup_gratuito
C06197,Ka,2020,51384,PF,Sudeste,9.6,0,4,2,754.85,6.0,0,0,0,E-mail,0,revisao_preco_fixo
C02754,Mustang,2016,159747,PF,Norte,18.7,0,5,60,2175.28,6.0,0,0,0,Ligacao,1,checkup_gratuito
C00136,Transit,2015,470282,PJ_Frota,Nordeste,6.8,0,14,60,1003.86,6.0,0,0,0,WhatsApp,1,desconto_pecas
C04842,EcoSport,2016,113304,PF,Sudeste,17.2,0,6,4,591.48,8.0,0,1,0,WhatsApp,0,desconto_pecas
C01122,Maverick,2014,77834,PF,Nordeste,41.0,0,2,44,1338.89,5.0,0,0,0,WhatsApp,1,checkup_gratuito
C00025,Ka,2016,92395,PF,Sudeste,4.5,0,4,47,863.85,7.0,1,0,1,WhatsApp,1,checkup_gratuito
C00657,EcoSport,2014,130412,PF,Nordeste,12.2,0,6,60,1620.47,6.0,0,0,0,WhatsApp,1,checkup_gratuito
C05498,Ka,2017,121297,PF,Sudeste,15.6,0,5,6,482.66,8.0,0,0,0,WhatsApp,0,revisao_preco_fixo
C08641,Transit,2017,150667,PJ_Frota,Sudeste,7.4,0,13,7,1013.75,,1,1,0,Ligacao,0,desconto_pecas
C03432,Transit,2019,137150,PF,SUDESTE,13.5,0,3,7,1047.88,8.0,0,0,0,E-mail,0,desconto_pecas
C03296,Bronco Sport,2018,84424,PF,Sudeste,16.8,0,2,31,765.68,5.0,0,0,1,WhatsApp,1,checkup_gratuito
C09593,Territory,2021,69188,PF,Sudeste,26.2,0,0,4,1418.42,5.0,0,0,0,Ligacao,1,revisao_preco_fixo
C01258,Ranger,2019,252143,PJ_Frota,Sul,19.6,0,15,1,603.93,10.0,0,0,1,App FordPass,1,desconto_pecas
C06446,Territory,2016,149135,PF,Sul,37.5,0,10,8,1305.41,7.0,0,0,0,App FordPass,0,desconto_pecas
C04847,Territory,2021,78338,PF,Sul,3.8,0,1,0,764.07,,0,0,0,WhatsApp,1,checkup_gratuito
C01270,Transit,2026,5658,PJ_Frota,Sudeste,6.9,1,0,22,1033.64,6.0,1,0,0,Ligacao,1,revisao_preco_fixo
C01449,EcoSport,2017,79949,PF,Sul,8.2,0,7,60,872.38,9.0,0,0,0,E-mail,0,checkup_gratuito
C06517,Territory,2018,95569,PF,Sul,,0,6,60,995.94,8.0,0,0,0,App FordPass,1,checkup_gratuito
C09244,Ranger,2015,114715,PF,Sul,12.0,0,1,60,1056.82,7.0,0,0,0,WhatsApp,1,checkup_gratuito
C02437,Territory,2025,14139,PF,Sudeste,9.0,1,0,2,818.52,8.0,1,0,0,App FordPass,0,desconto_pecas
C03990,Transit,2026,4115,PF,Nordeste,7.8,1,0,1,306.79,,0,0,0,App FordPass,0,pacote_revisoes
C06247,Transit,2017,395944,PJ_Frota,Sudeste,10.5,0,15,13,1117.24,8.0,1,1,1,WhatsApp,1,desconto_pecas
C08468,Ranger,2017,130180,PF,Centro-Oeste,10.3,0,8,37,1427.17,9.0,0,0,0,Ligacao,1,desconto_pecas
C02158,Ranger,2020,210303,PJ_Frota,Sudeste,4.3,0,14,3,1275.64,10.0,0,0,0,App FordPass,0,plano_frota
C00588,Ka,2015,569740,PJ_Frota,Sudeste,10.8,0,22,31,656.57,3.0,0,0,1,WhatsApp,0,desconto_pecas
C00970,EcoSport,2018,183989,PF,Sul,21.5,0,5,35,995.69,8.0,0,0,0,E-mail,1,revisao_preco_fixo
C06891,EcoSport,2020,63407,PF,Sudeste,14.3,0,2,20,964.08,10.0,1,0,0,E-mail,0,revisao_preco_fixo
C09957,Ka,2017,118046,PF,Sudeste,8.6,0,3,51,818.77,9.0,1,0,1,WhatsApp,1,revisao_preco_fixo
C06043,Transit,2014,137952,PF,Sudeste,9.9,0,1,60,1312.01,6.0,0,0,0,E-mail,1,desconto_pecas
C03184,Ka,2016,127530,PF,Sul,37.9,0,6,2,1038.57,6.0,0,0,0,WhatsApp,1,revisao_preco_fixo
C07881,Ka,2020,79067,PF,Sudeste,5.4,0,4,34,797.44,8.0,1,0,1,E-mail,1,revisao_preco_fixo
C02708,Ka,2019,93663,PF,Sudeste,12.1,0,4,60,746.7,9.0,0,0,0,WhatsApp,1,checkup_gratuito
C04240,Maverick,2025,24394,PF,Sudeste,5.8,1,2,6,574.69,5.0,0,0,1,E-mail,0,pacote_revisoes
C03334,Ranger,2018,155330,PF,Sul,10.8,0,10,2,1066.56,9.0,0,0,0,App FordPass,0,desconto_pecas
C01759,Transit,2016,215513,PF,Sul,13.2,0,9,20,2383.32,6.0,0,0,2,Ligacao,1,revisao_preco_fixo
C02181,Transit,2020,292805,PJ_Frota,Centro-Oeste,8.3,0,13,16,786.91,6.0,0,0,0,WhatsApp,0,plano_frota
C06781,Ranger,2017,111900,PF,Centro-Oeste,29.9,0,1,11,951.86,2.0,0,0,0,WhatsApp,1,revisao_preco_fixo
C05419,EcoSport,2017,88403,PF,Sudeste,7.5,0,5,39,934.73,6.0,0,0,0,App FordPass,1,revisao_preco_fixo
C04263,Maverick,2017,114926,PF,SUDESTE,5.6,0,9,57,920.47,7.0,0,0,0,WhatsApp,1,desconto_pecas
C02272,Bronco Sport,2021,94704,PF,Sudeste,5.8,0,1,0,904.38,7.0,1,0,0,Ligacao,0,revisao_preco_fixo
C03825,Ranger,2023,29612,PF,Nordeste,8.3,1,1,21,762.75,,1,0,0,Ligacao,1,checkup_gratuito
C09119,Maverick,2026,3310,PF,Sudeste,5.9,1,0,8,486.12,10.0,1,0,0,Ligacao,0,pacote_revisoes
C07004,Mustang,2016,149854,PF,Sul,9.6,0,6,22,1264.05,6.0,0,0,0,App FordPass,1,checkup_gratuito
C03226,Territory,2026,3437,PF,Nordeste,14.4,1,0,8,829.91,7.0,1,0,0,WhatsApp,0,revisao_preco_fixo
C03068,Bronco Sport,2015,218343,PJ_Frota,Sudeste,8.7,0,15,13,1920.36,7.0,0,0,0,WhatsApp,1,desconto_pecas
C00024,Bronco Sport,2021,82637,PF,Sudeste,5.8,0,5,21,1344.97,7.0,0,1,0,App FordPass,1,revisao_preco_fixo
C04902,Ka,2020,93100,PF,Sudeste,6.5,0,2,15,859.87,8.0,1,0,0,App FordPass,0,revisao_preco_fixo
C02587,Ka,2019,82545,PF,sul,11.8,0,6,41,774.12,9.0,0,0,0,Ligacao,1,desconto_pecas
C08635,Ranger,2015,158641,PF,Nordeste,17.3,0,10,24,1517.59,3.0,0,0,0,App FordPass,1,desconto_pecas
C05875,Ranger,2020,84254,PF,Nordeste,13.5,0,6,10,1387.65,7.0,0,0,0,Ligacao,0,desconto_pecas
C04246,Maverick,2021,47527,PF,Sul,12.9,0,2,10,1222.68,,0,0,0,WhatsApp,0,desconto_pecas
C07721,Maverick,2015,176538,PF,Sudeste,12.3,0,6,56,857.91,4.0,0,0,1,Ligacao,1,checkup_gratuito
C09050,Ka,2016,70986,PF,Sudeste,5.3,0,4,15,,7.0,0,0,0,WhatsApp,0,checkup_gratuito
C08946,Ka,2015,173453,PF,Nordeste,16.2,0,12,30,1149.46,,0,0,0,App FordPass,0,revisao_preco_fixo
C09239,Transit,2014,247562,PJ_Frota,Nordeste,43.7,0,19,57,1735.28,3.0,0,0,0,WhatsApp,1,checkup_gratuito
C00780,EcoSport,2016,75930,PF,Sul,5.6,0,2,17,543.32,5.0,0,0,1,WhatsApp,1,desconto_pecas
C09092,Ka,2018,98963,PF,Sudeste,10.3,0,7,33,1002.53,6.0,0,0,0,App FordPass,0,checkup_gratuito
C04960,Ka,2019,73172,PF,Sudeste,4.3,0,1,9,881.98,7.0,1,0,0,App FordPass,0,checkup_gratuito
C02760,Territory,2018,108411,PF,Centro-Oeste,,0,3,1,1423.59,5.0,0,0,0,App FordPass,0,revisao_preco_fixo
C01197,Territory,2022,62757,PF,Sudeste,3.9,0,3,32,644.75,7.0,1,0,0,E-mail,1,revisao_preco_fixo
C08292,Ranger,2016,119078,PF,Norte,21.2,0,5,51,1401.23,9.0,0,0,0,E-mail,1,revisao_preco_fixo
C01049,EcoSport,2015,120195,PF,Sudeste,10.1,0,7,11,1805.63,8.0,0,0,0,WhatsApp,0,desconto_pecas
C03411,Ka,2018,103405,PF,Sudeste,6.1,0,10,13,648.98,3.0,1,0,1,WhatsApp,1,desconto_pecas
C02831,Ranger,2014,231956,PF,Sul,18.7,0,4,4,1411.05,9.0,0,0,0,E-mail,0,revisao_preco_fixo
C03800,Ka,2020,110702,PF,Sudeste,11.3,0,7,26,1118.9,7.0,0,0,1,App FordPass,0,revisao_preco_fixo
C02443,Ranger,2025,13028,PF,Sudeste,2.5,1,1,5,838.58,7.0,1,0,0,App FordPass,0,pacote_revisoes
C01271,Ranger,2019,84481,PF,Sudeste,15.5,0,3,11,1150.0,10.0,0,0,0,Ligacao,1,revisao_preco_fixo
C01750,Territory,2023,61524,PF,Centro-Oeste,12.3,1,5,0,1284.71,7.0,0,0,0,WhatsApp,0,pacote_revisoes
C08958,Ka,2020,252422,PJ_Frota,Nordeste,11.3,0,7,8,756.12,6.0,0,0,1,WhatsApp,1,plano_frota
C04846,Ka,2015,224099,PF,Sudeste,6.4,0,10,21,408.57,8.0,0,0,0,WhatsApp,0,checkup_gratuito
C05058,Territory,2016,204452,PJ_Frota,Centro-Oeste,12.2,0,7,60,1224.31,7.0,0,0,0,WhatsApp,1,checkup_gratuito
C01889,Ranger,2020,147306,PF,Sudeste,9.9,0,7,6,1113.85,10.0,1,0,0,Ligacao,0,desconto_pecas
C03060,Territory,2014,227777,PF,Sudeste,10.7,0,20,7,1542.54,9.0,0,0,0,App FordPass,0,desconto_pecas
C08360,Ka,2015,90104,PF,Nordeste,22.6,0,8,39,751.55,6.0,0,0,1,WhatsApp,1,checkup_gratuito
C00073,EcoSport,2019,101589,PF,Centro-Oeste,14.0,0,6,54,569.51,10.0,0,0,0,Ligacao,1,checkup_gratuito
C01321,Ranger,2022,58736,PF,Sudeste,18.1,0,5,4,626.22,7.0,0,0,1,WhatsApp,0,revisao_preco_fixo
C02985,EcoSport,2018,167247,PF,Nordeste,7.4,0,6,60,694.43,6.0,0,0,1,WhatsApp,1,checkup_gratuito
C04044,Ranger,2016,145782,PF,Centro-Oeste,46.8,0,9,60,1520.77,,0,0,1,WhatsApp,1,desconto_pecas
C07950,Territory,2022,35038,PF,Norte,23.0,0,1,8,1158.32,6.0,0,0,0,WhatsApp,0,revisao_preco_fixo
C05234,Bronco Sport,2015,212898,PF,Sudeste,7.2,0,8,42,1438.27,5.0,0,0,0,WhatsApp,1,checkup_gratuito
C00992,Maverick,2014,175558,PF,Sul,,0,5,60,924.19,4.0,0,0,0,Ligacao,1,checkup_gratuito
C05595,Territory,2020,48058,PF,Sudeste,4.2,0,5,36,883.29,5.0,0,0,3,E-mail,1,revisao_preco_fixo
C06398,Ranger,2021,51208,PF,Sul,3.1,0,2,46,1226.56,,0,0,1,App FordPass,0,revisao_preco_fixo
C03216,EcoSport,2017,52805,PF,Norte,21.9,0,4,13,501.6,9.0,0,0,0,App FordPass,0,desconto_pecas
C01905,Ranger,2025,11504,PF,Nordeste,7.4,1,1,2,1727.82,8.0,1,1,1,WhatsApp,0,checkup_gratuito
C03086,EcoSport,2021,41835,PF,Sudeste,7.4,0,1,32,511.33,7.0,0,1,0,E-mail,0,checkup_gratuito
C09576,Ka,2018,81983,PF,Nordeste,19.5,0,0,11,675.42,10.0,1,0,0,WhatsApp,1,desconto_pecas
C06527,Ka,2019,26753,PF,Sudeste,28.4,0,6,33,847.55,8.0,0,0,1,WhatsApp,1,checkup_gratuito
C07246,Maverick,2016,90811,PF,Sudeste,17.1,0,8,60,913.26,8.0,1,0,0,WhatsApp,1,checkup_gratuito
C01738,Ranger,2026,11691,PJ_Frota,Sudeste,1.2,1,1,5,943.39,,0,0,0,Ligacao,0,plano_frota
C09778,Territory,2019,118958,PF,Sudeste,3.0,0,2,22,1212.5,10.0,0,0,0,WhatsApp,1,revisao_preco_fixo
C08038,Ka,2020,123912,PF,Centro-Oeste,,0,2,22,926.55,3.0,0,0,0,E-mail,1,revisao_preco_fixo
C01503,Ranger,2020,76427,PF,Nordeste,7.1,0,4,20,992.16,6.0,1,0,0,App FordPass,1,checkup_gratuito
C02564,Territory,2017,118488,PF,Sudeste,7.2,0,8,52,1440.58,8.0,1,0,0,WhatsApp,1,revisao_preco_fixo
C01631,Maverick,2024,15199,PF,Sul,5.9,1,2,5,682.74,6.0,1,0,0,E-mail,0,pacote_revisoes
C02102,Maverick,2019,117398,PF,Sudeste,5.5,0,7,16,891.93,,1,0,0,WhatsApp,0,revisao_preco_fixo
C00266,EcoSport,2017,122813,PF,Sul,12.2,0,10,26,509.62,7.0,0,0,0,,0,checkup_gratuito
C09225,Maverick,2023,51223,PF,Sul,7.1,1,5,5,701.66,9.0,1,0,0,WhatsApp,0,pacote_revisoes
C02631,Ranger,2016,98228,PF,Nordeste,18.3,0,2,3,1090.72,8.0,0,0,0,App FordPass,0,revisao_preco_fixo
C06910,Bronco Sport,2026,4348,PF,sul,7.3,1,0,9,493.03,5.0,0,0,1,WhatsApp,1,pacote_revisoes
C03586,Ranger,2018,205090,PJ_Frota,sul,14.2,0,5,37,658.66,7.0,1,0,1,WhatsApp,0,desconto_pecas
C02585,Ranger,2018,172440,PF,Sudeste,3.4,0,5,2,990.25,8.0,0,0,0,WhatsApp,1,desconto_pecas
C06203,Ka,2015,195005,PF,Nordeste,,0,7,60,507.7,6.0,0,0,0,E-mail,1,checkup_gratuito
C07671,Ka,2014,266060,PF,Sul,21.6,0,9,11,551.14,10.0,0,0,0,WhatsApp,1,desconto_pecas
C09769,Ka,2017,117765,PF,Sudeste,12.1,0,3,2,,7.0,0,0,0,E-mail,1,desconto_pecas
C02214,Transit,2021,133848,PJ_Frota,Sul,,0,4,20,728.93,10.0,0,0,1,E-mail,1,plano_frota
C08336,Maverick,2020,116172,PF,SUDESTE,3.0,0,2,1,928.66,5.0,0,0,0,E-mail,1,desconto_pecas
C04427,Ka,2016,84387,PF,Sudeste,19.9,0,3,15,523.74,8.0,0,0,0,E-mail,0,desconto_pecas
C07857,EcoSport,2019,52699,PF,Nordeste,22.2,0,6,5,780.53,6.0,1,0,0,App FordPass,0,revisao_preco_fixo
C03959,Ranger,2016,101224,PF,Sudeste,6.4,0,3,35,1636.38,7.0,1,0,1,WhatsApp,1,checkup_gratuito
C04343,EcoSport,2018,99940,PF,Sudeste,11.2,0,4,7,805.61,7.0,0,0,0,E-mail,1,pacote_revisoes
C04469,EcoSport,2015,114624,PF,Norte,75.4,0,2,4,1022.25,9.0,0,0,0,WhatsApp,0,revisao_preco_fixo
C04476,Ranger,2016,153695,PF,Sul,39.3,0,5,35,987.13,,1,0,0,E-mail,1,checkup_gratuito
C08512,Ranger,2026,6904,PF,Norte,21.7,1,0,5,1084.82,9.0,1,0,1,E-mail,0,pacote_revisoes
C06335,Ranger,2021,84449,PF,SUDESTE,12.1,0,8,5,763.52,8.0,0,0,0,WhatsApp,0,desconto_pecas
C04732,EcoSport,2018,112940,PF,Sudeste,5.7,0,4,12,741.97,6.0,0,1,0,WhatsApp,0,checkup_gratuito
C06760,Ka,2020,64330,PF,Centro Oeste,26.6,0,2,2,563.39,8.0,1,0,0,App FordPass,1,revisao_preco_fixo
C01587,Ranger,2014,285940,PJ_Frota,SUDESTE,7.2,0,13,36,1112.61,7.0,0,0,0,E-mail,0,desconto_pecas
C07303,Ranger,2026,2781,PF,Sul,38.0,1,0,3,824.82,10.0,0,0,1,E-mail,0,revisao_preco_fixo
C05427,Maverick,2019,76621,PF,Nordeste,12.3,0,2,19,1464.37,6.0,0,0,0,WhatsApp,1,revisao_preco_fixo
C06710,Ka,2019,50890,PF,Sudeste,2.5,0,4,4,509.8,7.0,0,0,0,App FordPass,0,desconto_pecas
C03699,Ranger,2024,52253,PF,Sudeste,6.1,1,4,1,1049.62,10.0,0,0,0,E-mail,0,pacote_revisoes
C04526,Bronco Sport,2024,24413,PF,Norte,58.8,1,2,1,,9.0,0,0,0,App FordPass,0,pacote_revisoes
C09202,Ranger,2025,10882,PF,Sudeste,4.1,1,1,9,1078.53,9.0,0,0,0,WhatsApp,0,pacote_revisoes
C03913,Ranger,2016,155094,PF,Sudeste,29.3,0,9,19,,8.0,0,0,0,E-mail,0,desconto_pecas
C03024,EcoSport,2014,62759,PF,Sudeste,5.5,0,7,60,939.14,7.0,0,0,0,WhatsApp,1,revisao_preco_fixo
C03996,Ka,2016,160697,PF,Sudeste,,0,15,10,902.97,9.0,0,0,0,E-mail,0,desconto_pecas
C08383,EcoSport,2018,77446,PF,Nordeste,48.4,0,7,60,644.26,7.0,0,0,0,WhatsApp,1,checkup_gratuito
C01175,Bronco Sport,2018,130702,PF,Sul,8.7,0,8,20,907.92,7.0,0,1,0,App FordPass,0,desconto_pecas
C07859,Bronco Sport,2015,180000,PF,Nordeste,31.0,0,3,8,2393.24,7.0,0,1,0,WhatsApp,0,revisao_preco_fixo
C04992,Bronco Sport,2020,66419,PF,Sudeste,16.9,0,1,18,964.19,,1,0,1,App FordPass,1,revisao_preco_fixo
C01690,Maverick,2018,106007,PF,Sudeste,5.0,0,5,8,832.58,7.0,0,0,0,WhatsApp,0,pacote_revisoes
C06038,EcoSport,2019,78488,PF,Sul,6.3,0,0,60,753.95,8.0,1,0,0,WhatsApp,1,revisao_preco_fixo
C01280,EcoSport,2021,63607,PF,Sudeste,6.8,0,4,1,,,0,0,0,WhatsApp,0,revisao_preco_fixo
C03350,Ka,2019,114815,PF,Nordeste,17.7,0,9,11,490.32,8.0,0,0,0,E-mail,0,revisao_preco_fixo
C05282,Transit,2021,131034,PJ_Frota,Norte,57.1,0,8,16,1093.92,8.0,1,0,0,Ligacao,0,plano_frota
C00687,Transit,2016,334187,PJ_Frota,Centro-Oeste,15.6,0,21,11,1552.86,10.0,0,0,0,E-mail,0,desconto_pecas
C05661,Ka,2018,133599,PF,Sul,13.6,0,6,34,1013.15,9.0,0,0,0,WhatsApp,1,checkup_gratuito
C00638,Bronco Sport,2017,115298,PF,Sul,10.6,0,7,22,926.56,4.0,0,0,1,WhatsApp,1,checkup_gratuito
C08761,Ka,2021,101602,PF,Sudeste,14.3,0,3,2,907.52,,1,0,0,E-mail,0,desconto_pecas
C03654,EcoSport,2016,140761,PF,Sudeste,2.7,0,2,30,1438.26,4.0,0,0,0,,1,desconto_pecas
C09125,Transit,2023,53776,PJ_Frota,Centro-Oeste,95.1,1,1,1,851.82,4.0,0,1,1,Ligacao,0,plano_frota
C09361,Ranger,2015,104960,PF,Norte,20.3,0,4,25,1262.26,8.0,0,1,0,Ligacao,1,desconto_pecas
C01360,Territory,2022,41789,PF,Centro-Oeste,34.0,0,0,7,1000.71,8.0,0,0,0,E-mail,1,revisao_preco_fixo
C07386,Ranger,2025,10364,PF,Nordeste,4.5,1,1,0,958.25,5.0,0,0,0,Ligacao,0,pacote_revisoes
C04629,EcoSport,2015,316895,PJ_Frota,Sul,19.4,0,26,30,605.44,7.0,0,0,1,WhatsApp,1,plano_frota
C03287,Ranger,2014,426109,PJ_Frota,Norte,43.8,0,22,11,958.23,,1,0,0,WhatsApp,1,desconto_pecas
C06413,Transit,2018,67935,PF,Norte,54.2,0,1,7,1021.31,7.0,1,0,0,E-mail,0,revisao_preco_fixo
C00196,Territory,2014,323355,PF,Sudeste,13.6,0,25,60,981.27,9.0,0,0,0,Ligacao,1,desconto_pecas
C04591,Ranger,2014,312200,PJ_Frota,Norte,16.8,0,3,4,1532.48,7.0,0,0,0,WhatsApp,1,desconto_pecas
C05032,Ka,2016,99012,PF,Sudeste,14.0,0,1,48,,5.0,1,0,0,WhatsApp,1,checkup_gratuito
C03785,Transit,2018,135155,PJ_Frota,Nordeste,15.0,0,7,19,985.09,10.0,0,1,0,E-mail,1,plano_frota
C05075,EcoSport,2016,207766,PF,Nordeste,10.9,0,4,6,1075.54,9.0,0,0,0,App FordPass,0,desconto_pecas
C02075,Ranger,2015,57372,PF,Norte,83.6,0,4,60,919.71,6.0,0,0,0,Ligacao,1,checkup_gratuito
C05397,EcoSport,2019,97855,PF,Sudeste,5.6,0,5,3,687.24,6.0,1,0,1,WhatsApp,0,revisao_preco_fixo
C08034,Ka,2015,151718,PF,SUDESTE,2.8,0,8,25,754.4,7.0,0,0,0,App FordPass,0,desconto_pecas
C07396,Ranger,2019,133104,PF,SUDESTE,6.0,0,3,56,1265.25,6.0,0,0,0,WhatsApp,1,revisao_preco_fixo
C08030,Territory,2024,26722,PF,Sudeste,3.6,1,2,0,798.7,8.0,0,0,0,E-mail,0,pacote_revisoes
C00147,Ranger,2015,121777,PF,Sudeste,4.8,0,3,18,1091.64,6.0,0,0,0,E-mail,0,desconto_pecas
C00797,Ka,2016,91066,PF,Sudeste,5.0,0,8,1,1516.13,6.0,0,0,1,E-mail,0,revisao_preco_fixo
C08815,EcoSport,2016,238548,PF,Norte,19.8,0,14,43,673.78,6.0,0,0,0,App FordPass,1,desconto_pecas
C02286,Mustang,2014,179656,PF,Sul,29.3,0,11,60,1157.08,9.0,0,0,0,WhatsApp,1,checkup_gratuito
C04067,Territory,2017,95103,PF,Nordeste,11.0,0,4,15,19705.25,6.0,0,0,0,WhatsApp,1,revisao_preco_fixo
C02028,Ranger,2017,151253,PF,Sudeste,6.0,0,10,28,1207.13,7.0,0,0,2,App FordPass,0,checkup_gratuito
C05105,Ranger,2018,85699,PF,Nordeste,13.4,0,4,41,2419.18,8.0,0,0,0,WhatsApp,1,revisao_preco_fixo
C05614,Territory,2021,63124,PF,Nordeste,26.2,0,5,0,1219.55,10.0,1,0,0,WhatsApp,0,desconto_pecas
C05718,Ka,2017,312455,PJ_Frota,Sul,4.3,0,13,43,556.32,6.0,1,0,0,WhatsApp,0,plano_frota
C01473,Ranger,2019,123607,PJ_Frota,Sudeste,2.1,0,3,15,1636.77,9.0,0,0,1,,1,revisao_preco_fixo
C00722,Ka,2015,268604,PF,SUDESTE,11.2,0,11,8,544.24,7.0,0,0,0,Ligacao,0,desconto_pecas
C09553,Ka,2017,135233,PF,Sudeste,3.4,0,4,26,700.38,9.0,0,0,0,WhatsApp,0,desconto_pecas
C00106,Ranger,2022,41980,PF,Sudeste,,0,1,17,1668.31,6.0,0,0,1,E-mail,1,revisao_preco_fixo
C05643,Ranger,2017,99983,PF,Sudeste,5.7,0,5,10,1540.2,7.0,1,0,0,App FordPass,0,desconto_pecas
C04485,EcoSport,2021,49407,PF,Nordeste,21.7,0,2,5,437.78,5.0,1,0,1,,1,checkup_gratuito
C01472,Ka,2016,145331,PF,Sudeste,12.8,0,12,24,692.92,7.0,1,0,0,Ligacao,0,desconto_pecas
C09309,Territory,2020,107022,PF,Nordeste,10.3,0,5,29,897.83,8.0,1,0,0,E-mail,0,revisao_preco_fixo
C08746,Territory,2021,53627,PF,Sudeste,25.5,0,4,9,994.02,,0,1,0,E-mail,0,revisao_preco_fixo
C07843,Territory,2025,15851,PF,Sul,3.2,1,0,21,778.91,7.0,0,1,0,WhatsApp,0,pacote_revisoes
C00299,Territory,2021,-177075,PF,Norte,51.3,0,8,9,1011.11,4.0,0,0,2,WhatsApp,1,desconto_pecas
C00170,EcoSport,2014,128721,PF,Sul,19.7,0,9,3,1105.18,10.0,0,0,0,WhatsApp,0,desconto_pecas
C03326,Ranger,2031,104287,PF,Norte,13.9,0,8,7,1299.2,8.0,1,0,0,WhatsApp,0,desconto_pecas
C03803,Ka,2018,157561,PF,Sul,17.6,0,7,15,779.65,,0,1,1,App FordPass,1,desconto_pecas
C07050,Transit,2014,374133,PJ_Frota,Sul,15.3,0,21,16,,8.0,0,0,0,App FordPass,0,desconto_pecas
C03674,Maverick,2024,36419,PF,Sul,12.7,1,0,2,1017.57,8.0,1,0,0,WhatsApp,0,pacote_revisoes
C09468,Ranger,2021,46914,PF,Nordeste,28.0,0,3,1,935.21,,0,0,0,WhatsApp,0,revisao_preco_fixo
C03619,Transit,2026,1846,PF,Nordeste,12.5,1,0,9,776.35,9.0,1,0,0,App FordPass,0,checkup_gratuito
C00415,EcoSport,2016,199459,PF,Norte,63.1,0,10,22,794.5,8.0,0,0,0,,1,plano_frota
C06594,Transit,2018,308440,PJ_Frota,Sul,12.0,0,23,15,892.1,7.0,0,0,0,WhatsApp,1,plano_frota
C04860,Ranger,2022,48315,PF,Sudeste,7.1,0,2,33,1303.37,4.0,0,0,0,WhatsApp,1,revisao_preco_fixo
C03923,Transit,2023,83545,PJ_Frota,norte,11.7,1,8,1,1122.87,6.0,1,0,1,App FordPass,0,plano_frota
C02956,Ka,2020,115577,PF,Sudeste,9.0,0,3,4,288.27,8.0,0,0,0,E-mail,1,revisao_preco_fixo
C00630,Transit,2021,169606,PJ_Frota,Sudeste,6.8,0,11,12,,7.0,1,0,0,E-mail,0,revisao_preco_fixo
C05046,EcoSport,2015,166657,PF,Sudeste,27.7,0,14,14,797.05,8.0,0,0,0,,0,revisao_preco_fixo
C00162,EcoSport,2021,54208,PF,Sudeste,2.9,0,5,1,939.19,5.0,1,0,2,App FordPass,0,revisao_preco_fixo
C08605,Ranger,2026,3221,PF,Sudeste,5.5,1,0,1,882.07,5.0,0,0,0,App FordPass,0,pacote_revisoes
C09265,Bronco Sport,2025,11072,PF,Norte,19.8,1,1,7,1012.47,6.0,0,0,0,E-mail,0,pacote_revisoes
C09068,Territory,2017,131007,PF,Centro-Oeste,8.2,0,9,14,963.74,7.0,0,0,0,WhatsApp,0,desconto_pecas
C09009,Ka,2017,154782,PF,Nordeste,29.7,0,12,3,660.68,8.0,1,0,0,App FordPass,0,desconto_pecas
C02255,Ranger,2026,4036,PF,Norte,77.2,1,0,8,1678.17,9.0,0,0,0,WhatsApp,0,pacote_revisoes
C07118,EcoSport,2020,81951,PF,Norte,35.1,0,3,2,906.08,5.0,0,0,0,Ligacao,1,revisao_preco_fixo
C07971,Ka,2014,108641,PF,Nordeste,48.9,0,11,9,723.83,6.0,0,0,0,E-mail,0,desconto_pecas
C09064,Ka,2021,61161,PF,Sudeste,6.6,0,1,16,625.15,8.0,1,0,0,App FordPass,0,revisao_preco_fixo
C04341,Ka,2017,227841,PJ_Frota,Sudeste,2.9,0,10,60,1071.38,,0,0,0,Ligacao,1,desconto_pecas
C08421,Maverick,2018,59339,PF,Sudeste,23.5,0,3,21,,4.0,0,0,2,WhatsApp,1,checkup_gratuito
C07432,Bronco Sport,2025,11773,PF,Sudeste,22.9,1,0,1,1283.09,8.0,1,0,0,WhatsApp,0,revisao_preco_fixo
C09098,Ranger,2017,93190,PF,Sudeste,3.0,0,2,13,,6.0,1,0,0,WhatsApp,0,revisao_preco_fixo
C07536,Ranger,2019,174489,PJ_Frota,Nordeste,12.4,0,15,5,1290.58,7.0,0,0,1,Ligacao,0,plano_frota
C09088,Ranger,2022,89939,PF,Sudeste,20.6,0,5,2,1492.66,8.0,1,0,0,App FordPass,0,revisao_preco_fixo
C05321,Territory,2021,79402,PF,Nordeste,12.6,0,6,5,1065.8,10.0,0,0,1,Ligacao,0,revisao_preco_fixo
C05849,Maverick,2025,17886,PF,Norte,30.6,1,1,1,2356.45,8.0,0,0,0,Ligacao,0,revisao_preco_fixo
C06225,Ka,2017,133679,PF,SUDESTE,9.1,0,3,4,835.57,9.0,0,0,0,WhatsApp,0,desconto_pecas
C03871,EcoSport,2014,131755,PF,Sudeste,,0,8,60,567.77,7.0,0,0,0,Ligacao,1,checkup_gratuito
C08983,Maverick,2019,69650,PF,Sudeste,4.9,0,1,31,652.03,,1,0,0,App FordPass,1,checkup_gratuito
C07778,EcoSport,2016,106928,PF,Sudeste,3.5,0,8,18,936.72,8.0,0,0,0,Ligacao,0,desconto_pecas
C06333,Ranger,2017,129757,PF,Nordeste,4.5,0,6,23,1162.03,6.0,0,0,0,Ligacao,1,desconto_pecas
C07500,Ranger,2019,135138,PF,Sul,4.4,0,11,15,1235.52,9.0,0,0,0,E-mail,0,revisao_preco_fixo
C09519,Ka,2015,177159,PF,Sudeste,6.3,0,6,11,589.24,7.0,1,0,0,E-mail,1,desconto_pecas
C02876,EcoSport,2018,99285,PF,Nordeste,16.5,0,6,27,791.75,6.0,0,1,0,App FordPass,1,checkup_gratuito
C08890,Maverick,2025,12312,PF,Sudeste,7.8,1,1,7,1369.43,7.0,1,0,1,App FordPass,0,pacote_revisoes
C07451,EcoSport,2018,-136298,PF,Sudeste,45.0,0,6,3,377.08,5.0,1,0,0,WhatsApp,0,checkup_gratuito
C06586,Ka,2018,62171,PF,Nordeste,5.9,0,3,27,895.0,9.0,1,0,0,WhatsApp,0,checkup_gratuito
C06738,Maverick,2019,76106,PF,Centro-Oeste,43.6,0,3,13,1091.63,,1,1,0,App FordPass,0,desconto_pecas
C02579,Transit,2025,10310,PF,Sul,16.0,1,1,9,1059.72,8.0,0,0,0,WhatsApp,0,pacote_revisoes
C09086,EcoSport,2020,60095,PF,Sul,22.5,0,2,20,569.83,6.0,0,0,0,WhatsApp,1,revisao_preco_fixo
C03020,Ranger,2015,237489,PF,Centro Oeste,9.6,0,9,40,,6.0,0,0,1,WhatsApp,1,desconto_pecas
C03541,Ranger,2014,183687,PF,Norte,28.5,0,16,15,884.84,10.0,0,0,0,E-mail,0,desconto_pecas
C05247,EcoSport,2016,127320,PF,Sudeste,10.4,0,9,43,725.01,7.0,0,0,0,WhatsApp,1,checkup_gratuito
C02370,Ranger,2017,261987,PJ_Frota,Centro-Oeste,58.9,0,11,16,1938.31,10.0,0,1,0,WhatsApp,0,plano_frota
C05542,Territory,2015,126689,PF,Sudeste,13.8,0,3,35,1091.57,,0,0,0,WhatsApp,1,revisao_preco_fixo
C01979,EcoSport,2016,142150,PF,Centro-Oeste,30.1,0,1,4,620.32,6.0,0,0,1,App FordPass,0,checkup_gratuito
C06018,Bronco Sport,2015,289197,PF,Nordeste,22.9,0,14,26,1342.26,6.0,0,0,1,WhatsApp,1,desconto_pecas
C01057,EcoSport,2019,119015,PF,Sudeste,6.6,0,3,28,486.92,6.0,0,0,0,WhatsApp,1,pacote_revisoes
C03658,Maverick,2021,110847,PF,Nordeste,21.7,0,7,24,1083.43,4.0,0,0,0,App FordPass,1,revisao_preco_fixo
C07078,Ka,2020,140058,PF,Centro-Oeste,14.4,0,11,8,614.55,10.0,0,0,0,WhatsApp,0,desconto_pecas
C06506,Transit,2016,380165,PJ_Frota,SUDESTE,6.3,0,8,59,1213.85,5.0,0,0,0,E-mail,1,desconto_pecas
C07771,Ka,2018,339717,PJ_Frota,Sudeste,17.5,0,13,60,,6.0,1,0,0,App FordPass,1,desconto_pecas
C00092,Ranger,2019,44169,PF,Sudeste,3.2,0,4,19,966.55,7.0,1,0,0,E-mail,0,revisao_preco_fixo
C01234,EcoSport,2014,-105844,PF,Nordeste,35.4,0,4,60,1183.72,5.0,0,0,0,App FordPass,1,desconto_pecas
C06481,Ranger,2023,47567,PF,Centro-Oeste,19.5,1,4,6,542.74,4.0,1,0,0,WhatsApp,1,pacote_revisoes
C01013,Transit,2016,399953,PJ_Frota,Sudeste,8.5,0,7,25,1104.14,8.0,0,0,1,WhatsApp,1,desconto_pecas
C05796,Ranger,2021,43628,PF,Sudeste,3.6,0,2,21,1086.99,,0,1,0,,0,revisao_preco_fixo
C03863,EcoSport,2018,92111,PF,Sul,14.3,0,4,13,808.2,7.0,0,1,1,E-mail,1,revisao_preco_fixo
C07836,EcoSport,2014,195104,PF,Sudeste,23.0,0,14,60,778.28,8.0,0,0,0,WhatsApp,1,desconto_pecas
C09139,Ka,2020,117321,PF,Nordeste,4.3,0,9,45,321.79,8.0,0,0,0,WhatsApp,1,checkup_gratuito
C00190,Transit,2025,34574,PJ_Frota,Norte,33.6,1,3,2,949.17,6.0,1,0,0,WhatsApp,0,desconto_pecas
C07791,Ranger,2023,46752,PF,Sudeste,2.0,1,4,4,892.51,,1,0,0,E-mail,0,pacote_revisoes
C07935,EcoSport,2019,102454,PF,Sul,10.0,0,4,8,468.63,,1,0,0,App FordPass,0,plano_frota
C01531,Ka,2017,233956,PF,Sudeste,6.4,0,7,9,538.43,5.0,0,1,0,,0,desconto_pecas
C02682,Ka,2014,76483,PF,Sudeste,6.7,0,6,60,939.38,6.0,0,0,0,App FordPass,1,checkup_gratuito
C06050,Ranger,2017,110171,PF,Nordeste,23.2,0,4,19,1118.91,,0,0,0,App FordPass,1,revisao_preco_fixo
C02812,Territory,2019,58633,PF,Sudeste,5.4,0,5,60,,5.0,0,0,0,WhatsApp,1,checkup_gratuito
C03894,Transit,2025,25798,PJ_Frota,Sudeste,10.9,1,1,2,719.6,7.0,1,0,0,E-mail,0,plano_frota
C04819,Ranger,2019,41391,PF,Sudeste,16.3,0,2,23,1475.07,5.0,0,0,0,App FordPass,1,revisao_preco_fixo
C03176,Maverick,2021,125951,PJ_Frota,Sul,10.8,0,6,7,,,0,0,0,WhatsApp,0,plano_frota
C04772,Ka,2016,518614,PJ_Frota,Sul,19.0,0,16,9,693.36,7.0,0,0,1,E-mail,0,desconto_pecas
C00105,Bronco Sport,2022,37129,PF,Sudeste,3.5,0,2,5,1037.96,6.0,0,0,0,Ligacao,0,revisao_preco_fixo
C03413,Ka,2021,63553,PF,Sudeste,12.9,0,1,11,908.08,7.0,0,1,0,Ligacao,0,revisao_preco_fixo
C02301,Bronco Sport,2017,106538,PF,Sul,7.9,0,7,3,872.38,7.0,0,0,0,Ligacao,0,checkup_gratuito
C06566,Territory,2023,39360,PF,Sudeste,6.7,1,3,1,703.79,6.0,1,0,1,App FordPass,0,pacote_revisoes
C08966,Ranger,2022,140475,PJ_Frota,Nordeste,9.3,0,6,1,1193.29,5.0,0,0,1,App FordPass,0,plano_frota
C09424,Territory,2021,87392,PF,sul,6.1,0,6,4,1214.39,7.0,0,0,0,WhatsApp,0,desconto_pecas
C00858,Ranger,2016,238998,PJ_Frota,Nordeste ,10.2,0,17,34,,7.0,0,1,1,WhatsApp,1,checkup_gratuito
C05524,EcoSport,2017,269956,PJ_Frota,Nordeste,18.3,0,20,1,695.32,10.0,0,0,1,WhatsApp,0,desconto_pecas
C03304,Bronco Sport,2023,41349,PF,Nordeste,19.9,1,4,1,1012.25,6.0,0,1,0,WhatsApp,0,pacote_revisoes
C03430,Territory,2014,76133,PF,Norte,16.6,0,10,11,978.51,10.0,0,0,0,App FordPass,0,desconto_pecas
C06231,Ranger,2021,119083,PJ_Frota,Centro-Oeste,,0,4,5,,9.0,1,0,0,App FordPass,0,plano_frota
C04160,Ranger,2020,117984,PF,Sul,79.2,0,1,23,1125.48,7.0,0,0,0,E-mail,1,revisao_preco_fixo
C07438,EcoSport,2014,189290,PF,Sudeste,16.6,0,7,19,1236.31,7.0,0,0,0,WhatsApp,0,desconto_pecas
C05910,Transit,2024,20025,PF,Norte,32.3,1,0,7,,7.0,1,0,0,WhatsApp,0,pacote_revisoes
C00725,Ka,2018,127385,PF,Norte,66.9,0,3,33,617.75,7.0,1,0,0,WhatsApp,1,desconto_pecas
C01679,Ranger,2026,7417,PF,Sudeste,21.9,1,0,4,953.37,8.0,1,0,0,E-mail,0,pacote_revisoes
C06692,Mustang,2016,187448,PF,Sul,11.0,0,10,32,1254.43,8.0,0,0,0,,1,checkup_gratuito
C05245,Territory,2019,109450,PF,Norte,9.4,0,3,60,1278.46,,0,0,0,Ligacao,1,checkup_gratuito
C01363,Ka,2021,45128,PF,Sudeste,11.2,0,3,14,653.91,6.0,1,0,1,WhatsApp,0,revisao_preco_fixo
C08602,EcoSport,2017,125347,PF,Sudeste,4.4,0,10,15,623.03,7.0,0,0,1,App FordPass,0,checkup_gratuito
C09022,Mustang,2025,24637,PF,Nordeste,18.4,1,2,3,1122.14,6.0,0,0,0,WhatsApp,0,pacote_revisoes
C08056,Territory,2016,70797,PF,Sudeste,19.5,0,7,1,939.64,5.0,0,0,1,App FordPass,1,revisao_preco_fixo
C07988,Territory,2021,33357,PF,Nordeste,7.9,0,4,1,976.74,9.0,0,0,0,App FordPass,0,revisao_preco_fixo
C03781,Maverick,2018,192815,PJ_Frota,Norte,,0,1,2,853.33,10.0,1,0,0,App FordPass,1,plano_frota
C00912,Mustang,2015,98652,PF,Nordeste,,0,7,9,1288.28,9.0,0,0,0,Ligacao,0,desconto_pecas
C06661,Mustang,2020,72269,PF,Norte,29.2,0,4,2,1759.54,9.0,1,0,0,E-mail,1,revisao_preco_fixo
C07793,Ranger,2014,203613,PF,SUDESTE,2.9,0,17,60,1343.35,10.0,0,0,0,App FordPass,0,desconto_pecas
C00390,Territory,2023,57705,PF,Nordeste,10.8,1,3,5,1144.56,8.0,1,0,0,Ligacao,0,pacote_revisoes
C06284,Maverick,2015,146693,PF,Nordeste ,20.9,0,6,60,1107.98,8.0,1,0,0,WhatsApp,1,desconto_pecas
C05469,Ka,2015,97219,PF,Sudeste,6.0,0,6,34,830.62,9.0,0,0,0,App FordPass,1,desconto_pecas
C04818,Ranger,2016,212870,PF,Sul,7.8,0,10,19,1665.38,9.0,0,0,1,Ligacao,1,desconto_pecas
C07301,Territory,2020,124085,PF,Sudeste,6.0,0,9,1,1191.97,9.0,0,0,1,App FordPass,0,revisao_preco_fixo
C04357,EcoSport,2018,166691,PF,Norte,25.9,0,11,2,1140.09,9.0,1,0,0,App FordPass,0,desconto_pecas
C04994,Territory,2026,2769,PF,Nordeste,12.9,1,0,1,754.99,,1,0,0,App FordPass,0,pacote_revisoes
C07247,Ka,2021,66891,PF,Sudeste,7.3,0,3,3,454.7,8.0,0,0,0,WhatsApp,0,revisao_preco_fixo
C02243,EcoSport,2018,68243,PF,Centro-Oeste,58.8,0,4,48,924.5,5.0,1,0,0,App FordPass,1,checkup_gratuito
C08091,Ka,2017,227251,PF,Nordeste,23.9,0,7,12,967.51,8.0,0,0,2,E-mail,0,desconto_pecas
C03123,Ranger,2024,43704,PF,Norte,27.7,1,1,37,,4.0,1,1,1,Ligacao,1,checkup_gratuito
C03121,EcoSport,2021,37660,PF,Sul,15.8,0,2,9,1121.54,9.0,0,0,1,WhatsApp,0,desconto_pecas
C03957,Transit,2019,191309,PJ_Frota,SUDESTE,6.4,0,14,19,1052.94,6.0,0,0,0,WhatsApp,0,desconto_pecas
C00718,Territory,2023,53125,PF,Sudeste,3.6,1,4,18,647.56,6.0,0,0,1,WhatsApp,0,pacote_revisoes
C03256,Ka,2020,48891,PF,Sul,31.4,0,1,55,365.89,9.0,0,0,0,E-mail,1,checkup_gratuito
C06502,Territory,2022,35684,PF,Sudeste,4.4,0,4,3,1880.04,6.0,1,0,0,App FordPass,0,revisao_preco_fixo
C07163,Maverick,2017,158623,PF,Sudeste,5.9,0,2,34,545.0,4.0,0,0,0,Ligacao,1,desconto_pecas
C05607,Territory,2022,71757,PF,Sul,33.6,0,3,21,876.96,6.0,1,0,0,E-mail,1,revisao_preco_fixo
C03048,Mustang,2016,133644,PF,Norte,41.5,0,9,43,1724.53,8.0,1,0,0,App FordPass,1,revisao_preco_fixo
C00420,Territory,2020,109473,PF,Sudeste,9.1,0,4,24,988.72,8.0,1,0,0,App FordPass,1,revisao_preco_fixo
C02197,Ranger,2018,322509,PJ_Frota,Sudeste,10.6,0,16,30,797.69,,0,0,2,E-mail,1,desconto_pecas
C03117,Territory,2021,53441,PF,Norte,40.0,0,2,16,796.77,6.0,0,0,0,WhatsApp,0,revisao_preco_fixo
C01937,Territory,2019,62420,PF,Norte,25.0,0,2,3,914.04,5.0,0,0,0,WhatsApp,1,revisao_preco_fixo
C09311,Territory,2015,364568,PJ_Frota,Centro-Oeste,31.8,0,21,58,1076.83,7.0,0,0,1,WhatsApp,1,desconto_pecas
C04115,EcoSport,2016,100934,PF,Sudeste,10.3,0,3,5,584.6,4.0,0,0,1,WhatsApp,1,checkup_gratuito
C00534,Ka,2018,175347,PF,SUDESTE,,0,9,60,680.9,,0,0,0,WhatsApp,1,checkup_gratuito
C00548,Bronco Sport,2016,98302,PF,Sul,12.0,0,6,5,1766.69,6.0,0,0,0,WhatsApp,0,desconto_pecas
C05680,Maverick,2024,12250,PF,Nordeste,12.2,1,2,10,641.44,8.0,1,0,0,App FordPass,0,pacote_revisoes
C00298,Bronco Sport,2015,196454,PF,Sul,4.9,0,17,11,1172.39,,0,0,0,WhatsApp,0,desconto_pecas
C07120,Ranger,2022,70538,PF,SUDESTE,6.5,0,0,31,1712.62,,1,0,0,App FordPass,1,checkup_gratuito
C07583,Maverick,2021,70472,PF,Sudeste,11.9,0,4,1,948.6,9.0,0,0,0,E-mail,0,desconto_pecas
C07481,Mustang,2014,198433,PF,Sudeste,26.2,0,8,1,912.66,10.0,0,0,0,WhatsApp,1,desconto_pecas
C02170,Ranger,2021,34542,PF,Sul,13.8,0,3,0,931.32,4.0,0,0,0,WhatsApp,1,desconto_pecas
C07375,Ka,2014,189945,PF,Nordeste ,24.9,0,13,5,690.57,8.0,0,0,0,WhatsApp,0,desconto_pecas
C07516,Maverick,2020,71249,PF,Sul,12.0,0,2,6,825.53,7.0,0,0,0,WhatsApp,1,desconto_pecas
C01385,Ka,2020,63991,PF,Sudeste,13.3,0,3,8,1177.8,7.0,0,0,0,WhatsApp,0,revisao_preco_fixo
C03207,Ka,2018,119230,PF,Centro-Oeste,18.8,0,5,37,556.56,9.0,1,0,0,Ligacao,1,checkup_gratuito
C03135,Bronco Sport,2018,98746,PF,Norte,46.6,0,1,6,1174.66,8.0,0,0,0,WhatsApp,1,revisao_preco_fixo
C06853,Ranger,2016,122957,PF,Nordeste ,13.2,0,6,6,1829.71,7.0,0,0,0,WhatsApp,0,revisao_preco_fixo
C09980,EcoSport,2018,134954,PF,SUDESTE,9.8,0,8,30,873.37,10.0,0,0,0,WhatsApp,0,desconto_pecas
C06913,Bronco Sport,2014,263994,PF,Nordeste,27.7,0,17,25,1283.97,6.0,0,0,1,App FordPass,0,desconto_pecas
C05771,Maverick,2015,183304,PF,Sudeste,5.0,0,13,11,1631.4,8.0,1,0,1,E-mail,0,desconto_pecas
C05487,Ka,2015,331476,PJ_Frota,Nordeste,10.7,0,25,33,484.34,6.0,0,0,0,App FordPass,0,desconto_pecas
C04184,Mustang,2017,49569,PF,Norte,31.6,0,7,30,1825.79,10.0,0,0,0,WhatsApp,1,revisao_preco_fixo
C05739,Ranger,2023,159461,PJ_Frota,Sul,11.4,1,9,4,1710.63,10.0,1,0,0,WhatsApp,1,pacote_revisoes
C07176,Ka,2020,213611,PJ_Frota,Nordeste,17.9,0,14,10,577.42,7.0,0,0,0,WhatsApp,0,plano_frota
C00097,Ka,2018,150084,PF,Norte,19.7,0,12,60,678.5,6.0,0,0,0,,1,checkup_gratuito
C04605,EcoSport,2014,73763,PF,Centro-Oeste,32.1,0,4,18,698.43,6.0,0,1,0,WhatsApp,1,pacote_revisoes
C04799,Bronco Sport,2016,139474,PF,Nordeste,18.1,0,9,13,1393.1,7.0,1,0,0,WhatsApp,1,desconto_pecas
C02794,Maverick,2016,133805,PF,Sudeste,19.6,0,4,60,1362.94,8.0,0,0,1,App FordPass,1,checkup_gratuito
C09237,Territory,2017,160304,PF,Sudeste,10.0,0,11,16,974.05,7.0,0,0,0,Ligacao,0,checkup_gratuito
C07738,Ka,2019,92784,PF,Sul,18.4,0,8,10,630.72,10.0,1,0,0,E-mail,0,revisao_preco_fixo
C09131,Bronco Sport,2024,18109,PF,Centro-Oeste,10.3,1,2,4,675.67,7.0,1,0,0,WhatsApp,0,pacote_revisoes
C05525,Mustang,2018,99508,PF,Nordeste,24.9,0,2,24,2057.51,,0,0,1,WhatsApp,0,revisao_preco_fixo
C05904,Ranger,2014,96495,PF,Centro Oeste,35.6,0,6,60,1198.97,6.0,0,0,0,App FordPass,1,checkup_gratuito
C06007,Maverick,2019,104902,PF,Sudeste,9.3,0,6,7,618.01,9.0,1,0,0,E-mail,0,checkup_gratuito
C04896,EcoSport,2014,335290,PJ_Frota,Sudeste,12.0,0,30,57,892.1,10.0,0,0,0,App FordPass,0,desconto_pecas
C08799,Ranger,2021,86489,PF,Sudeste,5.0,0,5,6,1186.32,,0,0,3,WhatsApp,0,pacote_revisoes
C06766,Maverick,2020,85695,PF,Sudeste,8.9,0,2,5,1226.36,7.0,0,0,0,App FordPass,1,revisao_preco_fixo
C02526,Mustang,2019,88439,PF,Nordeste,14.7,0,4,60,2075.25,8.0,0,0,1,E-mail,1,revisao_preco_fixo
C07758,EcoSport,2020,53255,PF,Sudeste,3.6,0,1,2,444.37,8.0,0,0,0,WhatsApp,0,pacote_revisoes
C02539,Ranger,2019,109076,PF,Nordeste,9.2,0,6,18,890.71,6.0,1,0,0,App FordPass,0,revisao_preco_fixo
C08123,Ka,2019,103596,PF,Sudeste,9.4,0,6,17,990.71,8.0,0,0,0,E-mail,0,pacote_revisoes
C01070,Maverick,2020,66307,PF,Norte,15.1,0,3,8,611.88,6.0,0,0,1,WhatsApp,1,revisao_preco_fixo
C00296,Transit,2015,219922,PJ_Frota,Nordeste,,0,2,3,1200.36,4.0,0,0,1,Ligacao,1,desconto_pecas
C00049,Ka,2021,51879,PF,Nordeste,22.5,0,1,13,815.74,8.0,1,0,0,App FordPass,1,checkup_gratuito
C08416,Transit,2023,77275,PJ_Frota,Sudeste,13.4,1,7,4,730.82,,1,0,0,WhatsApp,0,plano_frota
C09966,Ranger,2014,143498,PF,Nordeste,20.5,0,9,2,1643.32,,0,0,0,App FordPass,1,revisao_preco_fixo
C01243,Ka,2019,55309,PF,Nordeste ,10.6,0,2,31,,5.0,1,0,0,WhatsApp,1,revisao_preco_fixo
C09042,Ranger,2025,10568,PF,Nordeste,4.1,1,1,1,1360.38,7.0,1,0,0,WhatsApp,0,pacote_revisoes
C06791,EcoSport,2020,42421,PF,Sul,54.1,0,2,1,487.49,7.0,0,0,0,Ligacao,0,revisao_preco_fixo
C01225,Mustang,2025,10956,PF,Sudeste,20.1,1,0,15,840.4,10.0,0,0,0,E-mail,0,pacote_revisoes
C04658,Territory,2022,51798,PF,Sudeste,5.3,0,4,15,1038.99,6.0,1,0,0,WhatsApp,0,desconto_pecas
C07243,Maverick,2023,32759,PF,Nordeste,16.0,1,2,13,639.42,,0,0,0,Ligacao,0,pacote_revisoes
C04700,Transit,2024,84251,PJ_Frota,Norte,22.8,1,3,6,987.28,8.0,0,0,0,App FordPass,0,plano_frota
C00442,Bronco Sport,2018,161945,PF,Norte,31.7,0,6,11,924.19,6.0,0,0,0,WhatsApp,1,desconto_pecas
C02472,Bronco Sport,2025,13087,PF,Sudeste,5.3,1,0,19,1455.81,6.0,0,0,0,App FordPass,0,pacote_revisoes
C05694,Bronco Sport,2020,96918,PF,Centro-Oeste,27.6,0,4,0,1380.97,6.0,1,0,0,App FordPass,0,revisao_preco_fixo
C05120,Territory,2014,159725,PF,Sudeste,18.1,0,7,25,980.3,9.0,0,0,0,WhatsApp,1,desconto_pecas
C02815,Ranger,2015,128203,PF,Sudeste,14.9,0,5,20,1931.07,,1,1,0,E-mail,1,revisao_preco_fixo
C06833,Transit,2024,59174,PJ_Frota,Centro-Oeste,15.8,1,4,0,1007.46,4.0,1,0,0,App FordPass,0,plano_frota
C08379,Ranger,2022,69151,PF,Norte,53.5,0,2,21,1611.62,7.0,0,0,0,Ligacao,1,revisao_preco_fixo
C07155,Bronco Sport,2019,132197,PF,Sul,3.8,0,7,33,811.48,4.0,0,0,0,WhatsApp,1,revisao_preco_fixo
C03903,Ranger,2018,60956,PF,Sul,30.4,0,3,19,1382.23,8.0,0,0,0,Ligacao,0,checkup_gratuito
C04075,Ranger,2017,177073,PF,Sudeste,3.0,0,16,8,1099.32,10.0,0,0,0,WhatsApp,0,desconto_pecas
C08653,Ka,2015,436279,PJ_Frota,Sudeste,4.6,0,13,60,584.48,4.0,0,0,2,WhatsApp,1,desconto_pecas
C06799,Ka,2014,206241,PF,Sul,15.8,0,9,43,682.21,7.0,0,1,0,E-mail,1,desconto_pecas
C06053,EcoSport,2017,113383,PF,Nordeste,19.6,0,9,16,654.31,8.0,0,0,0,WhatsApp,0,desconto_pecas
C08906,Ranger,2024,39690,PJ_Frota,Sudeste,15.0,1,1,20,,5.0,1,0,0,WhatsApp,0,checkup_gratuito
C05446,Maverick,2023,30883,PF,Sul,13.1,1,3,1,945.36,6.0,0,0,0,WhatsApp,0,pacote_revisoes
C07645,EcoSport,2017,149157,PF,Sudeste,3.5,0,8,6,591.3,9.0,0,0,0,Ligacao,0,desconto_pecas
C06187,EcoSport,2021,66356,PF,Nordeste,9.9,0,2,4,,3.0,1,0,1,E-mail,1,pacote_revisoes
C08827,Transit,2024,24213,PF,Sudeste,10.0,1,0,2,1042.25,7.0,1,0,0,WhatsApp,0,pacote_revisoes
C04085,Transit,2025,25254,PJ_Frota,Sudeste,4.5,1,1,0,1041.15,9.0,1,0,0,E-mail,0,plano_frota
C04624,Ka,2015,196411,PF,Norte,,0,16,2,617.97,8.0,0,0,0,E-mail,0,desconto_pecas
C07904,Transit,2014,250637,PJ_Frota,Nordeste,9.8,0,10,60,,9.0,0,1,0,E-mail,1,desconto_pecas
C07131,Territory,2024,27388,PF,Sudeste,,1,1,7,1553.82,9.0,0,0,0,WhatsApp,0,pacote_revisoes
C01765,Ka,2016,122114,PF,Sudeste,8.4,0,2,7,1170.94,10.0,1,0,0,WhatsApp,0,desconto_pecas
C02903,Transit,2022,49223,PF,Norte,28.7,0,1,3,1361.79,6.0,1,1,0,App FordPass,0,revisao_preco_fixo
C05594,Territory,2015,77487,PF,Nordeste,17.0,0,3,60,894.99,,0,0,3,Ligacao,1,checkup_gratuito
C08148,Maverick,2024,30163,PF,Centro-Oeste,,1,1,3,979.54,8.0,1,0,0,WhatsApp,0,pacote_revisoes
C08082,Ka,2014,182484,PF,Norte,35.8,0,15,51,1139.25,6.0,0,0,0,WhatsApp,1,checkup_gratuito
C00609,Ranger,2018,87675,PF,Nordeste,4.3,0,1,24,1080.06,,0,0,0,WhatsApp,0,revisao_preco_fixo
C00485,Ranger,2019,106189,PF,Nordeste,7.1,0,8,15,1512.67,7.0,0,0,0,WhatsApp,0,revisao_preco_fixo
C05574,EcoSport,2016,149921,PF,Sul,7.8,0,13,24,745.91,8.0,1,0,0,App FordPass,1,desconto_pecas
C09277,Ka,2021,69280,PF,Sudeste,8.1,0,5,12,573.76,3.0,0,0,1,Ligacao,0,checkup_gratuito
C05800,Ranger,2017,138901,PF,Nordeste,9.5,0,12,8,787.56,6.0,0,0,1,WhatsApp,0,desconto_pecas
C04420,EcoSport,2021,40873,PF,Norte,35.0,0,2,38,886.18,8.0,1,0,0,,1,revisao_preco_fixo
C07553,EcoSport,2015,162537,PF,Sudeste,18.7,0,3,42,507.13,7.0,0,0,0,E-mail,1,checkup_gratuito
C03538,Ka,2015,174376,PF,Sudeste,6.5,0,5,60,462.51,6.0,0,0,0,,1,desconto_pecas
C08211,Transit,2024,46459,PJ_Frota,Nordeste,12.9,1,4,7,,10.0,1,0,0,E-mail,0,plano_frota
C07254,Ranger,2024,54415,PJ_Frota,Nordeste,14.8,1,2,0,751.24,10.0,0,0,1,WhatsApp,0,plano_frota
C06902,Territory,2014,244243,PJ_Frota,Sul,9.0,0,12,60,1086.6,7.0,0,0,1,WhatsApp,1,plano_frota
C01673,Ka,2021,44257,PF,Nordeste,8.2,0,4,34,768.94,,1,0,0,App FordPass,0,checkup_gratuito
C05436,Maverick,2020,70439,PF,Sudeste,3.7,0,4,4,1090.28,7.0,0,0,0,Ligacao,1,revisao_preco_fixo
C07306,Ka,2019,117956,PF,Sudeste,3.1,0,7,6,679.97,7.0,1,0,0,WhatsApp,0,desconto_pecas
C09982,Transit,2016,420238,PJ_Frota,Nordeste,16.1,0,13,60,931.47,9.0,0,0,0,WhatsApp,1,desconto_pecas
C05708,Ka,2015,88048,PF,Sudeste,20.8,0,1,10,593.01,8.0,0,0,0,WhatsApp,1,desconto_pecas
C07048,Ranger,2021,90648,PF,Sudeste,11.0,0,6,10,1156.47,7.0,0,0,1,App FordPass,1,revisao_preco_fixo
C05618,Territory,2026,2906,PF,Sudeste,3.1,1,0,0,1049.63,7.0,1,0,0,E-mail,0,revisao_preco_fixo
C05675,Mustang,2019,109444,PF,Sudeste,12.9,0,0,3,1989.3,10.0,0,0,0,E-mail,1,revisao_preco_fixo
C00096,Ranger,2020,60417,PF,Sudeste,6.6,0,2,29,782.35,,1,0,0,App FordPass,1,revisao_preco_fixo
C03155,EcoSport,2019,97891,PF,Centro-Oeste,10.4,0,9,25,,5.0,0,0,1,Ligacao,1,checkup_gratuito
C02494,Mustang,2021,41541,PF,Nordeste,9.8,0,2,14,1377.04,6.0,0,0,0,WhatsApp,0,revisao_preco_fixo
C04570,EcoSport,2021,49780,PF,Norte,20.8,0,3,13,566.08,9.0,1,0,0,Ligacao,0,pacote_revisoes
C05884,Ranger,2016,117109,PF,Nordeste,12.6,0,8,31,993.01,8.0,1,0,1,App FordPass,0,pacote_revisoes
C00366,Bronco Sport,2023,23593,PF,Nordeste,15.8,1,2,1,676.6,7.0,1,0,0,App FordPass,0,pacote_revisoes
C05993,Mustang,2019,104211,PF,Sul,7.7,0,8,60,1843.58,9.0,0,0,0,Ligacao,1,revisao_preco_fixo
C09913,EcoSport,2020,88317,PF,Centro-Oeste,12.1,0,5,3,493.16,6.0,0,0,2,WhatsApp,1,revisao_preco_fixo
C03657,Ranger,2026,3716,PF,Sul,8.2,1,0,3,959.11,9.0,1,0,1,E-mail,0,pacote_revisoes
C04856,Ranger,2015,174886,PF,Nordeste,20.0,0,10,17,2725.42,,0,0,0,E-mail,0,revisao_preco_fixo
C00918,EcoSport,2018,93985,PF,Centro-Oeste,20.6,0,1,14,442.83,6.0,0,0,0,Ligacao,1,desconto_pecas
C09617,Ka,2014,87896,PF,Sudeste,12.8,0,4,5,843.61,4.0,0,0,1,App FordPass,0,desconto_pecas
C06792,Bronco Sport,2014,159953,PF,SUDESTE,8.0,0,7,60,560.75,7.0,0,0,1,E-mail,1,desconto_pecas
C03391,Territory,2020,113676,PF,Centro-Oeste,11.5,0,8,1,,8.0,0,0,0,E-mail,0,revisao_preco_fixo
C07204,Territory,2014,177728,PF,Sudeste,8.6,0,11,60,1301.34,8.0,1,0,0,App FordPass,1,checkup_gratuito
C03310,Transit,2017,349633,PJ_Frota,Sul,5.2,0,22,37,1526.63,10.0,0,0,2,Ligacao,0,desconto_pecas
C01588,EcoSport,2019,112229,PF,Sudeste,11.1,0,4,37,666.37,8.0,0,0,0,WhatsApp,1,checkup_gratuito
C03664,EcoSport,2015,262470,PJ_Frota,Nordeste,48.2,0,8,15,1177.25,6.0,0,0,1,App FordPass,1,plano_frota
C00031,Transit,2021,103970,PJ_Frota,Nordeste ,16.5,0,7,2,669.49,7.0,0,0,0,E-mail,0,plano_frota
C06265,Maverick,2016,313260,PF,Sudeste,2.3,0,9,4,935.18,4.0,0,0,0,E-mail,0,desconto_pecas
C01375,Ka,2018,95323,PF,Sudeste,17.6,0,9,1,758.2,9.0,0,0,0,WhatsApp,0,desconto_pecas
C07622,Ka,2015,118423,PF,Centro Oeste,36.2,0,3,2,619.0,,0,0,0,WhatsApp,0,revisao_preco_fixo
C09518,EcoSport,2020,61920,PF,Norte,41.2,0,3,60,726.14,9.0,0,0,0,Ligacao,1,checkup_gratuito
C03780,Ka,2018,109120,PF,Sudeste,3.0,0,9,60,677.17,6.0,0,0,0,E-mail,1,checkup_gratuito
C05208,Ka,2015,182572,PF,Sudeste,1.5,0,10,38,820.72,5.0,0,0,1,Ligacao,1,desconto_pecas
C09541,Transit,2020,285799,PJ_Frota,Nordeste ,35.9,0,5,26,1047.23,7.0,0,0,0,App FordPass,1,revisao_preco_fixo
C07491,Transit,2023,65102,PJ_Frota,Nordeste,9.2,1,6,3,763.24,,1,0,0,WhatsApp,0,pacote_revisoes
C00255,Bronco Sport,2025,27762,PF,Sudeste,9.8,1,1,0,1055.09,6.0,1,0,1,WhatsApp,0,pacote_revisoes
C04988,Mustang,2018,133862,PF,Sul,14.9,0,2,1,1590.17,6.0,0,0,0,E-mail,1,checkup_gratuito
C03642,Maverick,2014,255351,PF,Sudeste,5.8,0,11,47,812.48,7.0,0,0,1,E-mail,1,desconto_pecas
C08170,Transit,2020,238558,PJ_Frota,Nordeste,33.0,0,13,30,777.1,5.0,0,0,1,WhatsApp,1,revisao_preco_fixo
C04147,Territory,2015,173451,PF,Norte,25.3,0,10,44,2044.44,,0,0,1,E-mail,1,checkup_gratuito
C05034,Territory,2016,106354,PF,Centro-Oeste,25.6,0,5,49,,6.0,0,0,0,Ligacao,1,checkup_gratuito
C06916,EcoSport,2016,157720,PF,Sudeste,10.3,0,10,0,990.37,,0,0,1,WhatsApp,0,desconto_pecas
C05315,Ranger,2020,66285,PF,Sul,27.2,0,1,13,801.89,5.0,0,0,2,Ligacao,1,checkup_gratuito
C02727,Ka,2017,155877,PF,Nordeste,15.0,0,2,45,874.26,5.0,0,0,1,Ligacao,1,desconto_pecas
C06949,Mustang,2015,125136,PF,Sudeste,10.4,0,3,15,2508.23,10.0,0,0,0,E-mail,0,desconto_pecas
C03700,Mustang,2021,80607,PF,Centro-Oeste,17.2,0,2,7,1078.34,6.0,0,0,0,E-mail,0,revisao_preco_fixo
C08316,Mustang,2017,37706,PF,Sudeste,8.3,0,3,32,2507.32,5.0,1,0,1,App FordPass,1,desconto_pecas
C06548,Bronco Sport,2025,8982,PF,Sudeste,9.2,1,1,6,793.08,7.0,1,0,1,Ligacao,0,pacote_revisoes
C02778,EcoSport,2021,63776,PF,Sul,7.2,0,5,6,339.53,7.0,1,0,0,WhatsApp,0,revisao_preco_fixo
C05167,Bronco Sport,2023,54189,PF,Nordeste,10.2,1,5,6,866.92,7.0,0,0,0,E-mail,0,pacote_revisoes
C02773,Ka,2018,304699,PJ_Frota,Sudeste,6.7,0,19,32,329.22,7.0,1,0,0,App FordPass,1,desconto_pecas
C06751,EcoSport,2016,156566,PF,Sul,7.9,0,13,17,1025.65,6.0,0,0,1,WhatsApp,1,desconto_pecas
C00433,Maverick,2020,94262,PF,Sul,23.9,0,3,43,1412.79,8.0,1,0,0,App FordPass,1,revisao_preco_fixo
C04770,Territory,2015,141531,PF,Sudeste,4.7,0,2,8,1555.95,9.0,0,0,0,WhatsApp,0,revisao_preco_fixo
C01099,Ka,2016,78612,PF,Sudeste,10.6,0,4,36,619.84,2.0,0,0,2,E-mail,1,checkup_gratuito
C02514,EcoSport,2021,35100,PF,Sul,21.6,0,3,2,1081.28,7.0,1,0,0,WhatsApp,0,pacote_revisoes
C06637,Bronco Sport,2020,94535,PF,Centro-Oeste,34.6,0,5,24,666.08,10.0,0,0,0,Ligacao,1,revisao_preco_fixo
C02575,Territory,2017,145980,PF,Sudeste,8.2,0,6,31,638.49,8.0,0,0,0,WhatsApp,1,desconto_pecas
C07336,Territory,2024,26317,PF,Norte,99.3,1,1,26,1659.64,6.0,1,0,1,App FordPass,0,pacote_revisoes
